item_id,phase,checklist_item,status,reason_code,claim_class,test_id,evidence,notes
CHK-001,Phase 0 — Test Governance & Baseline,Assign unique test-run ID,PASS,EVIDENCE_COLLECTED,EXPERIMENTALLY_VALIDATED,20260903-010534-redshadow-updated-checklist,artifacts/real-world/20260903-010534-redshadow-updated-checklist/environment,Inventory and baseline snapshots are in environment/ and baseline/.
CHK-002,Phase 0 — Test Governance & Baseline,Record date/time and operator,PASS,EVIDENCE_COLLECTED,EXPERIMENTALLY_VALIDATED,20260903-010534-redshadow-updated-checklist,artifacts/real-world/20260903-010534-redshadow-updated-checklist/environment,Inventory and baseline snapshots are in environment/ and baseline/.
CHK-003,Phase 0 — Test Governance & Baseline,Record ORCHESTRA-OS version/commit,PASS,EVIDENCE_COLLECTED,EXPERIMENTALLY_VALIDATED,20260903-010534-redshadow-updated-checklist,artifacts/real-world/20260903-010534-redshadow-updated-checklist/environment,Inventory and baseline snapshots are in environment/ and baseline/.
CHK-004,Phase 0 — Test Governance & Baseline,Record Linux kernel version,PASS,EVIDENCE_COLLECTED,EXPERIMENTALLY_VALIDATED,20260903-010534-redshadow-updated-checklist,artifacts/real-world/20260903-010534-redshadow-updated-checklist/environment,Inventory and baseline snapshots are in environment/ and baseline/.
CHK-005,Phase 0 — Test Governance & Baseline,Record compiler/toolchain version,PASS,EVIDENCE_COLLECTED,EXPERIMENTALLY_VALIDATED,20260903-010534-redshadow-updated-checklist,artifacts/real-world/20260903-010534-redshadow-updated-checklist/environment,Inventory and baseline snapshots are in environment/ and baseline/.
CHK-006,Phase 0 — Test Governance & Baseline,Record kernel configuration,PASS,EVIDENCE_COLLECTED,EXPERIMENTALLY_VALIDATED,20260903-010534-redshadow-updated-checklist,artifacts/real-world/20260903-010534-redshadow-updated-checklist/environment,Inventory and baseline snapshots are in environment/ and baseline/.
CHK-007,Phase 0 — Test Governance & Baseline,Record ORCHESTRA parameter configuration,PASS,EVIDENCE_COLLECTED,EXPERIMENTALLY_VALIDATED,20260903-010534-redshadow-updated-checklist,artifacts/real-world/20260903-010534-redshadow-updated-checklist/environment,Inventory and baseline snapshots are in environment/ and baseline/.
CHK-008,Phase 0 — Test Governance & Baseline,Record workload version/commit,PASS,EVIDENCE_COLLECTED,EXPERIMENTALLY_VALIDATED,20260903-010534-redshadow-updated-checklist,artifacts/real-world/20260903-010534-redshadow-updated-checklist/environment,Inventory and baseline snapshots are in environment/ and baseline/.
CHK-009,Phase 0 — Test Governance & Baseline,Record random seed where applicable,N/A,NOT_APPLICABLE_NO_RANDOM_SEED,EXPLORATORY,20260903-010534-redshadow-updated-checklist,artifacts/real-world/20260903-010534-redshadow-updated-checklist/environment,These approved runs used deterministic command parameters; no seed-bearing workload was applicable.
CHK-010,Phase 0 — Test Governance & Baseline,Record test duration and repetitions,PASS,EVIDENCE_COLLECTED,EXPERIMENTALLY_VALIDATED,20260903-010534-redshadow-updated-checklist,artifacts/real-world/20260903-010534-redshadow-updated-checklist/environment,Inventory and baseline snapshots are in environment/ and baseline/.
CHK-011,Phase 0 — Test Governance & Baseline,"Preserve raw logs, traces and workload results",PASS,EVIDENCE_COLLECTED,EXPERIMENTALLY_VALIDATED,20260903-010534-redshadow-updated-checklist,artifacts/real-world/20260903-010534-redshadow-updated-checklist/environment,Inventory and baseline snapshots are in environment/ and baseline/.
CHK-012,Phase 0 — Test Governance & Baseline,"Record CPU model, physical/logical CPUs, topology, NUMA, cache, RAM, storage, network, GPU if relevant, BIOS/UEFI, microcode",PASS,EVIDENCE_COLLECTED,EXPERIMENTALLY_VALIDATED,20260903-010534-redshadow-updated-checklist,artifacts/real-world/20260903-010534-redshadow-updated-checklist/environment,Inventory and baseline snapshots are in environment/ and baseline/.
CHK-013,Phase 0 — Test Governance & Baseline,Verify machine boots normally,PASS,EVIDENCE_COLLECTED,EXPERIMENTALLY_VALIDATED,20260903-010534-redshadow-updated-checklist,artifacts/real-world/20260903-010534-redshadow-updated-checklist/environment,Inventory and baseline snapshots are in environment/ and baseline/.
CHK-014,Phase 0 — Test Governance & Baseline,Check system/kernel logs for pre-existing errors,PASS,EVIDENCE_COLLECTED,EXPERIMENTALLY_VALIDATED,20260903-010534-redshadow-updated-checklist,artifacts/real-world/20260903-010534-redshadow-updated-checklist/environment,Inventory and baseline snapshots are in environment/ and baseline/.
CHK-015,Phase 0 — Test Governance & Baseline,Check CPU temperature,PASS,EVIDENCE_COLLECTED,EXPERIMENTALLY_VALIDATED,20260903-010534-redshadow-updated-checklist,artifacts/real-world/20260903-010534-redshadow-updated-checklist/environment,Inventory and baseline snapshots are in environment/ and baseline/.
CHK-016,Phase 0 — Test Governance & Baseline,Check memory/storage health,INCONCLUSIVE,INCONCLUSIVE_NO_SMART_OR_HEALTH_TOOL,INCONCLUSIVE,20260903-010534-redshadow-updated-checklist,artifacts/real-world/20260903-010534-redshadow-updated-checklist/environment,Free-space and memory snapshots were collected; SMART/health tooling was unavailable.
CHK-017,Phase 0 — Test Governance & Baseline,Check networking,PASS,EVIDENCE_COLLECTED,EXPERIMENTALLY_VALIDATED,20260903-010534-redshadow-updated-checklist,artifacts/real-world/20260903-010534-redshadow-updated-checklist/environment,Inventory and baseline snapshots are in environment/ and baseline/.
CHK-018,Phase 0 — Test Governance & Baseline,Check background workload,PASS,EVIDENCE_COLLECTED,EXPERIMENTALLY_VALIDATED,20260903-010534-redshadow-updated-checklist,artifacts/real-world/20260903-010534-redshadow-updated-checklist/environment,Inventory and baseline snapshots are in environment/ and baseline/.
CHK-019,Phase 0 — Test Governance & Baseline,Verify clock/time synchronization,BLOCKED,BLOCKED_NOT_OBSERVED,UNKNOWN,20260903-010534-redshadow-updated-checklist,artifacts/real-world/20260903-010534-redshadow-updated-checklist/environment,No approved time-sync measurement was captured.
CHK-020,Phase 0 — Test Governance & Baseline,"Run and record baseline Linux scheduler results: CPU utilization, memory, load, context switches, migrations, latency, throughput, cache behavior, I/O, network and thermal behavior",PASS,EVIDENCE_COLLECTED,EXPERIMENTALLY_VALIDATED,20260903-010534-redshadow-updated-checklist,artifacts/real-world/20260903-010534-redshadow-updated-checklist/environment,Inventory and baseline snapshots are in environment/ and baseline/.
CHK-021,Phase 0 — Test Governance & Baseline,Repeat baseline experiments and archive dataset,PASS,EVIDENCE_COLLECTED,EXPERIMENTALLY_VALIDATED,20260903-010534-redshadow-updated-checklist,artifacts/real-world/20260903-010534-redshadow-updated-checklist/environment,Inventory and baseline snapshots are in environment/ and baseline/.
CHK-022,Phase 1 — Kernel Build & Installation,Verify ORCHESTRA source tree and intended kernel version,PASS,EVIDENCE_COLLECTED,EXPERIMENTALLY_VALIDATED,20260903-010534-redshadow-updated-checklist,artifacts/real-world/20260903-010534-redshadow-updated-checklist/build,"Userspace/bridge build, kernel config, exact target build, and runtime load/unload evidence."
CHK-023,Phase 1 — Kernel Build & Installation,Verify required kernel options,PASS,EVIDENCE_COLLECTED,EXPERIMENTALLY_VALIDATED,20260903-010534-redshadow-updated-checklist,artifacts/real-world/20260903-010534-redshadow-updated-checklist/build,"Userspace/bridge build, kernel config, exact target build, and runtime load/unload evidence."
CHK-024,Phase 1 — Kernel Build & Installation,Perform clean build,PASS,EVIDENCE_COLLECTED,EXPERIMENTALLY_VALIDATED,20260903-010534-redshadow-updated-checklist,artifacts/real-world/20260903-010534-redshadow-updated-checklist/build,"Userspace/bridge build, kernel config, exact target build, and runtime load/unload evidence."
CHK-025,Phase 1 — Kernel Build & Installation,Review build warnings/errors,PASS,EVIDENCE_COLLECTED,EXPERIMENTALLY_VALIDATED,20260903-010534-redshadow-updated-checklist,artifacts/real-world/20260903-010534-redshadow-updated-checklist/build,"Userspace/bridge build, kernel config, exact target build, and runtime load/unload evidence."
CHK-026,Phase 1 — Kernel Build & Installation,Generate kernel/modules,BLOCKED,BLOCKED_KERNEL_INSTALL_OR_REBOOT_NOT_AUTHORIZED,UNKNOWN,20260903-010534-redshadow-updated-checklist,artifacts/real-world/20260903-010534-redshadow-updated-checklist/kernel,"Kernel installation, reboot and bootloader mutation are outside the safe campaign boundary."
CHK-027,Phase 1 — Kernel Build & Installation,Install kernel,BLOCKED,BLOCKED_KERNEL_INSTALL_OR_REBOOT_NOT_AUTHORIZED,UNKNOWN,20260903-010534-redshadow-updated-checklist,artifacts/real-world/20260903-010534-redshadow-updated-checklist/kernel,"Kernel installation, reboot and bootloader mutation are outside the safe campaign boundary."
CHK-028,Phase 1 — Kernel Build & Installation,Verify bootloader entry,BLOCKED,BLOCKED_KERNEL_INSTALL_OR_REBOOT_NOT_AUTHORIZED,UNKNOWN,20260903-010534-redshadow-updated-checklist,artifacts/real-world/20260903-010534-redshadow-updated-checklist/kernel,"Kernel installation, reboot and bootloader mutation are outside the safe campaign boundary."
CHK-029,Phase 1 — Kernel Build & Installation,Retain known-good fallback kernel,BLOCKED,BLOCKED_KERNEL_INSTALL_OR_REBOOT_NOT_AUTHORIZED,UNKNOWN,20260903-010534-redshadow-updated-checklist,artifacts/real-world/20260903-010534-redshadow-updated-checklist/kernel,"Kernel installation, reboot and bootloader mutation are outside the safe campaign boundary."
CHK-030,Phase 1 — Kernel Build & Installation,Boot ORCHESTRA kernel,BLOCKED,BLOCKED_KERNEL_INSTALL_OR_REBOOT_NOT_AUTHORIZED,UNKNOWN,20260903-010534-redshadow-updated-checklist,artifacts/real-world/20260903-010534-redshadow-updated-checklist/kernel,"Kernel installation, reboot and bootloader mutation are outside the safe campaign boundary."
CHK-031,Phase 1 — Kernel Build & Installation,Confirm kernel/ORCHESTRA version,PASS,EVIDENCE_COLLECTED,EXPERIMENTALLY_VALIDATED,20260903-010534-redshadow-updated-checklist,artifacts/real-world/20260903-010534-redshadow-updated-checklist/build,"Userspace/bridge build, kernel config, exact target build, and runtime load/unload evidence."
CHK-032,Phase 1 — Kernel Build & Installation,Confirm ORCHESTRA initialization,PASS,EVIDENCE_COLLECTED,EXPERIMENTALLY_VALIDATED,20260903-010534-redshadow-updated-checklist,artifacts/real-world/20260903-010534-redshadow-updated-checklist/build,"Userspace/bridge build, kernel config, exact target build, and runtime load/unload evidence."
CHK-033,Phase 1 — Kernel Build & Installation,Check for kernel panic/oops/WARN,PASS,EVIDENCE_COLLECTED,EXPERIMENTALLY_VALIDATED,20260903-010534-redshadow-updated-checklist,artifacts/real-world/20260903-010534-redshadow-updated-checklist/build,"Userspace/bridge build, kernel config, exact target build, and runtime load/unload evidence."
CHK-034,Phase 1 — Kernel Build & Installation,Confirm scheduler initialization,PASS,EVIDENCE_COLLECTED,EXPERIMENTALLY_VALIDATED,20260903-010534-redshadow-updated-checklist,artifacts/real-world/20260903-010534-redshadow-updated-checklist/build,"Userspace/bridge build, kernel config, exact target build, and runtime load/unload evidence."
CHK-035,Phase 1 — Kernel Build & Installation,Confirm Signal Bus initialization,PASS,EVIDENCE_COLLECTED,EXPERIMENTALLY_VALIDATED,20260903-010534-redshadow-updated-checklist,artifacts/real-world/20260903-010534-redshadow-updated-checklist/build,"Userspace/bridge build, kernel config, exact target build, and runtime load/unload evidence."
CHK-036,Phase 1 — Kernel Build & Installation,Confirm monitoring initialization,PASS,EVIDENCE_COLLECTED,EXPERIMENTALLY_VALIDATED,20260903-010534-redshadow-updated-checklist,artifacts/real-world/20260903-010534-redshadow-updated-checklist/build,"Userspace/bridge build, kernel config, exact target build, and runtime load/unload evidence."
CHK-037,Phase 1 — Kernel Build & Installation,Verify storage/network/user-space operation,PASS,EVIDENCE_COLLECTED,EXPERIMENTALLY_VALIDATED,20260903-010534-redshadow-updated-checklist,artifacts/real-world/20260903-010534-redshadow-updated-checklist/build,"Userspace/bridge build, kernel config, exact target build, and runtime load/unload evidence."
CHK-038,Phase 1 — Kernel Build & Installation,Boot fallback kernel,BLOCKED,BLOCKED_KERNEL_INSTALL_OR_REBOOT_NOT_AUTHORIZED,UNKNOWN,20260903-010534-redshadow-updated-checklist,artifacts/real-world/20260903-010534-redshadow-updated-checklist/kernel,"Kernel installation, reboot and bootloader mutation are outside the safe campaign boundary."
CHK-039,Phase 1 — Kernel Build & Installation,Verify fallback remains usable,BLOCKED,BLOCKED_KERNEL_INSTALL_OR_REBOOT_NOT_AUTHORIZED,UNKNOWN,20260903-010534-redshadow-updated-checklist,artifacts/real-world/20260903-010534-redshadow-updated-checklist/kernel,"Kernel installation, reboot and bootloader mutation are outside the safe campaign boundary."
CHK-040,Phase 1 — Kernel Build & Installation,Verify ORCHESTRA failure cannot prevent recovery,BLOCKED,BLOCKED_KERNEL_INSTALL_OR_REBOOT_NOT_AUTHORIZED,UNKNOWN,20260903-010534-redshadow-updated-checklist,artifacts/real-world/20260903-010534-redshadow-updated-checklist/kernel,"Kernel installation, reboot and bootloader mutation are outside the safe campaign boundary."
CHK-041,Phase 1 — Kernel Build & Installation,Verify disable/reset procedure,PASS,EVIDENCE_COLLECTED,EXPERIMENTALLY_VALIDATED,20260903-010534-redshadow-updated-checklist,artifacts/real-world/20260903-010534-redshadow-updated-checklist/build,"Userspace/bridge build, kernel config, exact target build, and runtime load/unload evidence."
CHK-042,Phase 2 — Linux Scheduler Integration,Verify scheduler initialization,PASS,EVIDENCE_COLLECTED,KERNEL_PROTOTYPED,20260903-010534-redshadow-updated-checklist,artifacts/real-world/20260903-010534-redshadow-updated-checklist/sched_ext,Runtime state and ordinary CFS/RT behavior remained usable.
CHK-043,Phase 2 — Linux Scheduler Integration,Verify run queues and scheduler domains,INCONCLUSIVE,INCONCLUSIVE_INSUFFICIENT_DIRECT_OBSERVABILITY,INCONCLUSIVE,20260903-010534-redshadow-updated-checklist,artifacts/real-world/20260903-010534-redshadow-updated-checklist/sched_ext,No direct per-runqueue hook/preemption/load-balancer trace was captured.
CHK-044,Phase 2 — Linux Scheduler Integration,Verify scheduler hooks,INCONCLUSIVE,INCONCLUSIVE_INSUFFICIENT_DIRECT_OBSERVABILITY,INCONCLUSIVE,20260903-010534-redshadow-updated-checklist,artifacts/real-world/20260903-010534-redshadow-updated-checklist/sched_ext,No direct per-runqueue hook/preemption/load-balancer trace was captured.
CHK-045,Phase 2 — Linux Scheduler Integration,Verify existing scheduling classes remain functional,PASS,EVIDENCE_COLLECTED,KERNEL_PROTOTYPED,20260903-010534-redshadow-updated-checklist,artifacts/real-world/20260903-010534-redshadow-updated-checklist/sched_ext,Runtime state and ordinary CFS/RT behavior remained usable.
CHK-046,Phase 2 — Linux Scheduler Integration,Test ORCHESTRA path for eligible task,PASS,EVIDENCE_COLLECTED,EXPERIMENTALLY_VALIDATED,20260903-010534-redshadow-updated-checklist,artifacts/real-world/20260903-010534-redshadow-updated-checklist/sched_ext,Exact-TID ownership and effective action counters were observed in the P0 session; CFS/ORCHESTRA comparisons also completed.
CHK-047,Phase 2 — Linux Scheduler Integration,Verify ineligible task bypasses ORCHESTRA,PASS,EVIDENCE_COLLECTED,EXPERIMENTALLY_VALIDATED,20260903-010534-redshadow-updated-checklist,artifacts/real-world/20260903-010534-redshadow-updated-checklist/sched_ext,Exact-TID ownership and effective action counters were observed in the P0 session; CFS/ORCHESTRA comparisons also completed.
CHK-048,Phase 2 — Linux Scheduler Integration,Verify scheduling decision is generated/applied,PASS,EVIDENCE_COLLECTED,EXPERIMENTALLY_VALIDATED,20260903-010534-redshadow-updated-checklist,artifacts/real-world/20260903-010534-redshadow-updated-checklist/sched_ext,Exact-TID ownership and effective action counters were observed in the P0 session; CFS/ORCHESTRA comparisons also completed.
CHK-049,Phase 2 — Linux Scheduler Integration,Test RUN,PASS,EVIDENCE_COLLECTED,EXPERIMENTALLY_VALIDATED,20260903-010534-redshadow-updated-checklist,artifacts/real-world/20260903-010534-redshadow-updated-checklist/sched_ext,Exact-TID ownership and effective action counters were observed in the P0 session; CFS/ORCHESTRA comparisons also completed.
CHK-050,Phase 2 — Linux Scheduler Integration,Test SLEEP,PASS,EVIDENCE_COLLECTED,EXPERIMENTALLY_VALIDATED,20260903-010534-redshadow-updated-checklist,artifacts/real-world/20260903-010534-redshadow-updated-checklist/sched_ext,Exact-TID ownership and effective action counters were observed in the P0 session; CFS/ORCHESTRA comparisons also completed.
CHK-051,Phase 2 — Linux Scheduler Integration,Test MIGRATE,PASS,EVIDENCE_COLLECTED,EXPERIMENTALLY_VALIDATED,20260903-010534-redshadow-updated-checklist,artifacts/real-world/20260903-010534-redshadow-updated-checklist/sched_ext,Exact-TID ownership and effective action counters were observed in the P0 session; CFS/ORCHESTRA comparisons also completed.
CHK-052,Phase 2 — Linux Scheduler Integration,Test THROTTLE,PASS,EVIDENCE_COLLECTED,EXPERIMENTALLY_VALIDATED,20260903-010534-redshadow-updated-checklist,artifacts/real-world/20260903-010534-redshadow-updated-checklist/sched_ext,Exact-TID ownership and effective action counters were observed in the P0 session; CFS/ORCHESTRA comparisons also completed.
CHK-053,Phase 2 — Linux Scheduler Integration,Test YIELD,PASS,EVIDENCE_COLLECTED,EXPERIMENTALLY_VALIDATED,20260903-010534-redshadow-updated-checklist,artifacts/real-world/20260903-010534-redshadow-updated-checklist/sched_ext,Exact-TID ownership and effective action counters were observed in the P0 session; CFS/ORCHESTRA comparisons also completed.
CHK-054,Phase 2 — Linux Scheduler Integration,Test invalid action handling,PASS,EVIDENCE_COLLECTED,EXPERIMENTALLY_VALIDATED,20260903-010534-redshadow-updated-checklist,artifacts/real-world/20260903-010534-redshadow-updated-checklist/sched_ext,Exact-TID ownership and effective action counters were observed in the P0 session; CFS/ORCHESTRA comparisons also completed.
CHK-055,Phase 2 — Linux Scheduler Integration,Test normal Linux tasks,PASS,EVIDENCE_COLLECTED,EXPERIMENTALLY_VALIDATED,20260903-010534-redshadow-updated-checklist,artifacts/real-world/20260903-010534-redshadow-updated-checklist/sched_ext,Exact-TID ownership and effective action counters were observed in the P0 session; CFS/ORCHESTRA comparisons also completed.
CHK-056,Phase 2 — Linux Scheduler Integration,Test ORCHESTRA tasks,PASS,EVIDENCE_COLLECTED,EXPERIMENTALLY_VALIDATED,20260903-010534-redshadow-updated-checklist,artifacts/real-world/20260903-010534-redshadow-updated-checklist/sched_ext,Exact-TID ownership and effective action counters were observed in the P0 session; CFS/ORCHESTRA comparisons also completed.
CHK-057,Phase 2 — Linux Scheduler Integration,Test mixed scheduling classes,PASS,EVIDENCE_COLLECTED,EXPERIMENTALLY_VALIDATED,20260903-010534-redshadow-updated-checklist,artifacts/real-world/20260903-010534-redshadow-updated-checklist/sched_ext,Exact-TID ownership and effective action counters were observed in the P0 session; CFS/ORCHESTRA comparisons also completed.
CHK-058,Phase 2 — Linux Scheduler Integration,Test task migration,PASS,EVIDENCE_COLLECTED,EXPERIMENTALLY_VALIDATED,20260903-010534-redshadow-updated-checklist,artifacts/real-world/20260903-010534-redshadow-updated-checklist/sched_ext,Exact-TID ownership and effective action counters were observed in the P0 session; CFS/ORCHESTRA comparisons also completed.
CHK-059,Phase 2 — Linux Scheduler Integration,Test preemption,INCONCLUSIVE,INCONCLUSIVE_INSUFFICIENT_DIRECT_OBSERVABILITY,INCONCLUSIVE,20260903-010534-redshadow-updated-checklist,artifacts/real-world/20260903-010534-redshadow-updated-checklist/sched_ext,No direct per-runqueue hook/preemption/load-balancer trace was captured.
CHK-060,Phase 2 — Linux Scheduler Integration,Test wake-up,PASS,EVIDENCE_COLLECTED,EXPERIMENTALLY_VALIDATED,20260903-010534-redshadow-updated-checklist,artifacts/real-world/20260903-010534-redshadow-updated-checklist/sched_ext,Exact-TID ownership and effective action counters were observed in the P0 session; CFS/ORCHESTRA comparisons also completed.
CHK-061,Phase 2 — Linux Scheduler Integration,Test CPU affinity,PASS,EVIDENCE_COLLECTED,EXPERIMENTALLY_VALIDATED,20260903-010534-redshadow-updated-checklist,artifacts/real-world/20260903-010534-redshadow-updated-checklist/sched_ext,Exact-TID ownership and effective action counters were observed in the P0 session; CFS/ORCHESTRA comparisons also completed.
CHK-062,Phase 2 — Linux Scheduler Integration,Test load balancing,INCONCLUSIVE,INCONCLUSIVE_INSUFFICIENT_DIRECT_OBSERVABILITY,INCONCLUSIVE,20260903-010534-redshadow-updated-checklist,artifacts/real-world/20260903-010534-redshadow-updated-checklist/sched_ext,No direct per-runqueue hook/preemption/load-balancer trace was captured.
CHK-063,Phase 3 — Hybrid Safety / Real-Time,Create SCHED_FIFO task and verify conventional deterministic scheduling,PASS,EVIDENCE_COLLECTED,EXPERIMENTALLY_VALIDATED,20260903-010534-redshadow-updated-checklist,artifacts/real-world/20260903-010534-redshadow-updated-checklist/security,Bounded RT policy matrix and current live FIFO probes are archived; no hard-RT guarantee is claimed.
CHK-064,Phase 3 — Hybrid Safety / Real-Time,Create SCHED_RR task and verify conventional deterministic scheduling,PASS,EVIDENCE_COLLECTED,EXPERIMENTALLY_VALIDATED,20260903-010534-redshadow-updated-checklist,artifacts/real-world/20260903-010534-redshadow-updated-checklist/security,Bounded RT policy matrix and current live FIFO probes are archived; no hard-RT guarantee is claimed.
CHK-065,Phase 3 — Hybrid Safety / Real-Time,Verify ORCHESTRA does not override RT tasks,PASS,EVIDENCE_COLLECTED,EXPERIMENTALLY_VALIDATED,20260903-010534-redshadow-updated-checklist,artifacts/real-world/20260903-010534-redshadow-updated-checklist/security,Bounded RT policy matrix and current live FIFO probes are archived; no hard-RT guarantee is claimed.
CHK-066,Phase 3 — Hybrid Safety / Real-Time,Verify RT priority behavior,PASS,EVIDENCE_COLLECTED,EXPERIMENTALLY_VALIDATED,20260903-010534-redshadow-updated-checklist,artifacts/real-world/20260903-010534-redshadow-updated-checklist/security,Bounded RT policy matrix and current live FIFO probes are archived; no hard-RT guarantee is claimed.
CHK-067,Phase 3 — Hybrid Safety / Real-Time,Verify RT response behavior,INCONCLUSIVE,INCONCLUSIVE_BOUNDED_RT_OBSERVATION,INCONCLUSIVE,20260903-010534-redshadow-updated-checklist,artifacts/real-world/20260903-010534-redshadow-updated-checklist/security,The available evidence is bounded and does not establish exhaustive latency/fairness guarantees.
CHK-068,Phase 3 — Hybrid Safety / Real-Time,Run RT + ORCHESTRA CPU-bound workload,PASS,EVIDENCE_COLLECTED,EXPERIMENTALLY_VALIDATED,20260903-010534-redshadow-updated-checklist,artifacts/real-world/20260903-010534-redshadow-updated-checklist/security,Bounded RT policy matrix and current live FIFO probes are archived; no hard-RT guarantee is claimed.
CHK-069,Phase 3 — Hybrid Safety / Real-Time,Run RT + memory workload,BLOCKED,BLOCKED_MISSING_SAFE_WORKLOAD_INFRASTRUCTURE,UNKNOWN,20260903-010534-redshadow-updated-checklist,artifacts/real-world/20260903-010534-redshadow-updated-checklist/stress,No safe approved RT memory/I/O/network workload harness was available.
CHK-070,Phase 3 — Hybrid Safety / Real-Time,Run RT + I/O workload,BLOCKED,BLOCKED_MISSING_SAFE_WORKLOAD_INFRASTRUCTURE,UNKNOWN,20260903-010534-redshadow-updated-checklist,artifacts/real-world/20260903-010534-redshadow-updated-checklist/stress,No safe approved RT memory/I/O/network workload harness was available.
CHK-071,Phase 3 — Hybrid Safety / Real-Time,Run RT + network workload,BLOCKED,BLOCKED_MISSING_SAFE_WORKLOAD_INFRASTRUCTURE,UNKNOWN,20260903-010534-redshadow-updated-checklist,artifacts/real-world/20260903-010534-redshadow-updated-checklist/stress,No safe approved RT memory/I/O/network workload harness was available.
CHK-072,Phase 3 — Hybrid Safety / Real-Time,Check priority inversion,INCONCLUSIVE,INCONCLUSIVE_BOUNDED_RT_OBSERVATION,INCONCLUSIVE,20260903-010534-redshadow-updated-checklist,artifacts/real-world/20260903-010534-redshadow-updated-checklist/security,The available evidence is bounded and does not establish exhaustive latency/fairness guarantees.
CHK-073,Phase 3 — Hybrid Safety / Real-Time,Check starvation,INCONCLUSIVE,INCONCLUSIVE_BOUNDED_RT_OBSERVATION,INCONCLUSIVE,20260903-010534-redshadow-updated-checklist,artifacts/real-world/20260903-010534-redshadow-updated-checklist/security,The available evidence is bounded and does not establish exhaustive latency/fairness guarantees.
CHK-074,Phase 3 — Hybrid Safety / Real-Time,Check deadlock,INCONCLUSIVE,INCONCLUSIVE_BOUNDED_RT_OBSERVATION,INCONCLUSIVE,20260903-010534-redshadow-updated-checklist,artifacts/real-world/20260903-010534-redshadow-updated-checklist/security,The available evidence is bounded and does not establish exhaustive latency/fairness guarantees.
CHK-075,Phase 3 — Hybrid Safety / Real-Time,Check system responsiveness,INCONCLUSIVE,INCONCLUSIVE_BOUNDED_RT_OBSERVATION,INCONCLUSIVE,20260903-010534-redshadow-updated-checklist,artifacts/real-world/20260903-010534-redshadow-updated-checklist/security,The available evidence is bounded and does not establish exhaustive latency/fairness guarantees.
CHK-076,Phase 4 — Signal Bus,Verify CPU utilization acquisition,INCONCLUSIVE,INCONCLUSIVE_SOURCE_ACQUISITION_NOT_FULLY_EXPOSED,INCONCLUSIVE,20260903-010534-redshadow-updated-checklist,artifacts/real-world/20260903-010534-redshadow-updated-checklist/signal,"Runtime telemetry fields exist, but full host acquisition path for every listed source was not independently measured."
CHK-077,Phase 4 — Signal Bus,Verify memory-pressure acquisition,INCONCLUSIVE,INCONCLUSIVE_SOURCE_ACQUISITION_NOT_FULLY_EXPOSED,INCONCLUSIVE,20260903-010534-redshadow-updated-checklist,artifacts/real-world/20260903-010534-redshadow-updated-checklist/signal,"Runtime telemetry fields exist, but full host acquisition path for every listed source was not independently measured."
CHK-078,Phase 4 — Signal Bus,Verify cache-behavior acquisition,INCONCLUSIVE,INCONCLUSIVE_SOURCE_ACQUISITION_NOT_FULLY_EXPOSED,INCONCLUSIVE,20260903-010534-redshadow-updated-checklist,artifacts/real-world/20260903-010534-redshadow-updated-checklist/signal,"Runtime telemetry fields exist, but full host acquisition path for every listed source was not independently measured."
CHK-079,Phase 4 — Signal Bus,Verify thermal-state acquisition,INCONCLUSIVE,INCONCLUSIVE_SOURCE_ACQUISITION_NOT_FULLY_EXPOSED,INCONCLUSIVE,20260903-010534-redshadow-updated-checklist,artifacts/real-world/20260903-010534-redshadow-updated-checklist/signal,"Runtime telemetry fields exist, but full host acquisition path for every listed source was not independently measured."
CHK-080,Phase 4 — Signal Bus,Verify I/O activity acquisition,INCONCLUSIVE,INCONCLUSIVE_SOURCE_ACQUISITION_NOT_FULLY_EXPOSED,INCONCLUSIVE,20260903-010534-redshadow-updated-checklist,artifacts/real-world/20260903-010534-redshadow-updated-checklist/signal,"Runtime telemetry fields exist, but full host acquisition path for every listed source was not independently measured."
CHK-081,Phase 4 — Signal Bus,Verify network-utilization acquisition,INCONCLUSIVE,INCONCLUSIVE_SOURCE_ACQUISITION_NOT_FULLY_EXPOSED,INCONCLUSIVE,20260903-010534-redshadow-updated-checklist,artifacts/real-world/20260903-010534-redshadow-updated-checklist/signal,"Runtime telemetry fields exist, but full host acquisition path for every listed source was not independently measured."
CHK-082,Phase 4 — Signal Bus,Verify scheduler-queue statistics,BLOCKED,BLOCKED_NOT_RUN_IN_SCOPE,UNKNOWN,20260903-010534-redshadow-updated-checklist,artifacts/real-world/20260903-010534-redshadow-updated-checklist,"No safe, direct evidence was collected for this item in the current campaign."
CHK-083,Phase 4 — Signal Bus,Verify signal frame generation,PASS,EVIDENCE_COLLECTED,KERNEL_PROTOTYPED,20260903-010534-redshadow-updated-checklist,artifacts/real-world/20260903-010534-redshadow-updated-checklist/signal,"Local-trust signal map fields, freshness and MAP_SHARED stress evidence; no cryptographic integrity claim."
CHK-084,Phase 4 — Signal Bus,Verify timestamp,PASS,EVIDENCE_COLLECTED,KERNEL_PROTOTYPED,20260903-010534-redshadow-updated-checklist,artifacts/real-world/20260903-010534-redshadow-updated-checklist/signal,"Local-trust signal map fields, freshness and MAP_SHARED stress evidence; no cryptographic integrity claim."
CHK-085,Phase 4 — Signal Bus,Verify sequence number,PASS,EVIDENCE_COLLECTED,KERNEL_PROTOTYPED,20260903-010534-redshadow-updated-checklist,artifacts/real-world/20260903-010534-redshadow-updated-checklist/signal,"Local-trust signal map fields, freshness and MAP_SHARED stress evidence; no cryptographic integrity claim."
CHK-086,Phase 4 — Signal Bus,Verify raw measurements,PASS,EVIDENCE_COLLECTED,KERNEL_PROTOTYPED,20260903-010534-redshadow-updated-checklist,artifacts/real-world/20260903-010534-redshadow-updated-checklist/signal,"Local-trust signal map fields, freshness and MAP_SHARED stress evidence; no cryptographic integrity claim."
CHK-087,Phase 4 — Signal Bus,Verify predicted values,BLOCKED,BLOCKED_PREDICTOR_NOT_IMPLEMENTED_IN_KERNEL,NOT_IMPLEMENTED,20260903-010534-redshadow-updated-checklist,artifacts/real-world/20260903-010534-redshadow-updated-checklist/prediction,Kernel prototype does not expose a real predictor output stream.
CHK-088,Phase 4 — Signal Bus,Verify confidence,BLOCKED,BLOCKED_PREDICTOR_NOT_IMPLEMENTED_IN_KERNEL,NOT_IMPLEMENTED,20260903-010534-redshadow-updated-checklist,artifacts/real-world/20260903-010534-redshadow-updated-checklist/prediction,Kernel prototype does not expose a real predictor output stream.
CHK-089,Phase 4 — Signal Bus,Verify directive,PASS,EVIDENCE_COLLECTED,KERNEL_PROTOTYPED,20260903-010534-redshadow-updated-checklist,artifacts/real-world/20260903-010534-redshadow-updated-checklist/signal,"Local-trust signal map fields, freshness and MAP_SHARED stress evidence; no cryptographic integrity claim."
CHK-090,Phase 4 — Signal Bus,Verify metadata/version,PASS,EVIDENCE_COLLECTED,KERNEL_PROTOTYPED,20260903-010534-redshadow-updated-checklist,artifacts/real-world/20260903-010534-redshadow-updated-checklist/signal,"Local-trust signal map fields, freshness and MAP_SHARED stress evidence; no cryptographic integrity claim."
CHK-091,Phase 4 — Signal Bus,Measure signal update frequency and latency,BLOCKED,BLOCKED_INSUFFICIENT_OBSERVABILITY_OR_SAFE_INJECTOR,UNKNOWN,20260903-010534-redshadow-updated-checklist,artifacts/real-world/20260903-010534-redshadow-updated-checklist/signal,No approved direct latency/cache/tamper injector was available.
CHK-092,Phase 4 — Signal Bus,Verify publication/replacement/expiry,PASS,EVIDENCE_COLLECTED,KERNEL_PROTOTYPED,20260903-010534-redshadow-updated-checklist,artifacts/real-world/20260903-010534-redshadow-updated-checklist/signal,"Local-trust signal map fields, freshness and MAP_SHARED stress evidence; no cryptographic integrity claim."
CHK-093,Phase 4 — Signal Bus,Check lost/duplicate/inconsistent updates,PASS,EVIDENCE_COLLECTED,KERNEL_PROTOTYPED,20260903-010534-redshadow-updated-checklist,artifacts/real-world/20260903-010534-redshadow-updated-checklist/signal,"Local-trust signal map fields, freshness and MAP_SHARED stress evidence; no cryptographic integrity claim."
CHK-094,Phase 4 — Signal Bus,Verify read-only shared-memory access,PASS,EVIDENCE_COLLECTED,KERNEL_PROTOTYPED,20260903-010534-redshadow-updated-checklist,artifacts/real-world/20260903-010534-redshadow-updated-checklist/signal,"Local-trust signal map fields, freshness and MAP_SHARED stress evidence; no cryptographic integrity claim."
CHK-095,Phase 4 — Signal Bus,Verify unauthorized write fails,BLOCKED,BLOCKED_INSUFFICIENT_OBSERVABILITY_OR_SAFE_INJECTOR,UNKNOWN,20260903-010534-redshadow-updated-checklist,artifacts/real-world/20260903-010534-redshadow-updated-checklist/signal,No approved direct latency/cache/tamper injector was available.
CHK-096,Phase 4 — Signal Bus,Test concurrent readers,PASS,EVIDENCE_COLLECTED,KERNEL_PROTOTYPED,20260903-010534-redshadow-updated-checklist,artifacts/real-world/20260903-010534-redshadow-updated-checklist/signal,"Local-trust signal map fields, freshness and MAP_SHARED stress evidence; no cryptographic integrity claim."
CHK-097,Phase 4 — Signal Bus,Test multi-CPU reads,BLOCKED,BLOCKED_NOT_RUN_IN_SCOPE,UNKNOWN,20260903-010534-redshadow-updated-checklist,artifacts/real-world/20260903-010534-redshadow-updated-checklist,"No safe, direct evidence was collected for this item in the current campaign."
CHK-098,Phase 4 — Signal Bus,Check corruption/cache contention,BLOCKED,BLOCKED_INSUFFICIENT_OBSERVABILITY_OR_SAFE_INJECTOR,UNKNOWN,20260903-010534-redshadow-updated-checklist,artifacts/real-world/20260903-010534-redshadow-updated-checklist/signal,No approved direct latency/cache/tamper injector was available.
CHK-099,Phase 4 — Signal Bus,Test mapping/unmapping and cleanup,PASS,EVIDENCE_COLLECTED,KERNEL_PROTOTYPED,20260903-010534-redshadow-updated-checklist,artifacts/real-world/20260903-010534-redshadow-updated-checklist/signal,"Local-trust signal map fields, freshness and MAP_SHARED stress evidence; no cryptographic integrity claim."
CHK-100,Phase 4 — Signal Bus,"Test multi-core signal consistency, sequence numbers, timestamps and synchronization latency",BLOCKED,BLOCKED_INSUFFICIENT_OBSERVABILITY_OR_SAFE_INJECTOR,UNKNOWN,20260903-010534-redshadow-updated-checklist,artifacts/real-world/20260903-010534-redshadow-updated-checklist/signal,No approved direct latency/cache/tamper injector was available.
CHK-101,Phase 5 — Signal Integrity & Fault Injection,Valid signal accepted,PASS,EVIDENCE_COLLECTED,KERNEL_PROTOTYPED,20260903-010534-redshadow-updated-checklist,artifacts/real-world/20260903-010534-redshadow-updated-checklist/security,CLI sequence/freshness/replay probes and clean lifecycle evidence.
CHK-102,Phase 5 — Signal Integrity & Fault Injection,Modified signal rejected,BLOCKED,BLOCKED_CRYPTOGRAPHIC_SIGNAL_INTEGRITY_NOT_IMPLEMENTED,NOT_IMPLEMENTED,20260903-010534-redshadow-updated-checklist,artifacts/real-world/20260903-010534-redshadow-updated-checklist/security,Current kernel signal path is local-trust; no HMAC verifier is implemented.
CHK-103,Phase 5 — Signal Integrity & Fault Injection,Invalid authentication rejected,BLOCKED,BLOCKED_CRYPTOGRAPHIC_SIGNAL_INTEGRITY_NOT_IMPLEMENTED,NOT_IMPLEMENTED,20260903-010534-redshadow-updated-checklist,artifacts/real-world/20260903-010534-redshadow-updated-checklist/security,Current kernel signal path is local-trust; no HMAC verifier is implemented.
CHK-104,Phase 5 — Signal Integrity & Fault Injection,Wrong key rejected,BLOCKED,BLOCKED_CRYPTOGRAPHIC_SIGNAL_INTEGRITY_NOT_IMPLEMENTED,NOT_IMPLEMENTED,20260903-010534-redshadow-updated-checklist,artifacts/real-world/20260903-010534-redshadow-updated-checklist/security,Current kernel signal path is local-trust; no HMAC verifier is implemented.
CHK-105,Phase 5 — Signal Integrity & Fault Injection,Corrupt frame rejected,BLOCKED,BLOCKED_CRYPTOGRAPHIC_SIGNAL_INTEGRITY_NOT_IMPLEMENTED,NOT_IMPLEMENTED,20260903-010534-redshadow-updated-checklist,artifacts/real-world/20260903-010534-redshadow-updated-checklist/security,Current kernel signal path is local-trust; no HMAC verifier is implemented.
CHK-106,Phase 5 — Signal Integrity & Fault Injection,Incomplete frame rejected,BLOCKED,BLOCKED_CRYPTOGRAPHIC_SIGNAL_INTEGRITY_NOT_IMPLEMENTED,NOT_IMPLEMENTED,20260903-010534-redshadow-updated-checklist,artifacts/real-world/20260903-010534-redshadow-updated-checklist/security,Current kernel signal path is local-trust; no HMAC verifier is implemented.
CHK-107,Phase 5 — Signal Integrity & Fault Injection,Duplicate frame handled,PASS,EVIDENCE_COLLECTED,KERNEL_PROTOTYPED,20260903-010534-redshadow-updated-checklist,artifacts/real-world/20260903-010534-redshadow-updated-checklist/security,CLI sequence/freshness/replay probes and clean lifecycle evidence.
CHK-108,Phase 5 — Signal Integrity & Fault Injection,Old/stale frame rejected,PASS,EVIDENCE_COLLECTED,KERNEL_PROTOTYPED,20260903-010534-redshadow-updated-checklist,artifacts/real-world/20260903-010534-redshadow-updated-checklist/security,CLI sequence/freshness/replay probes and clean lifecycle evidence.
CHK-109,Phase 5 — Signal Integrity & Fault Injection,Out-of-order frame handled,INCONCLUSIVE,INCONCLUSIVE_NO_DIRECT_OUT_OF_ORDER_CASE,INCONCLUSIVE,20260903-010534-redshadow-updated-checklist,artifacts/real-world/20260903-010534-redshadow-updated-checklist/security,Only duplicate/non-increasing sequence was directly exercised.
CHK-110,Phase 5 — Signal Integrity & Fault Injection,Invalid sequence rejected,PASS,EVIDENCE_COLLECTED,KERNEL_PROTOTYPED,20260903-010534-redshadow-updated-checklist,artifacts/real-world/20260903-010534-redshadow-updated-checklist/security,CLI sequence/freshness/replay probes and clean lifecycle evidence.
CHK-111,Phase 5 — Signal Integrity & Fault Injection,Stop signal producer,BLOCKED,BLOCKED_NO_SAFE_FAULT_INJECTION_INTERFACE,UNKNOWN,20260903-010534-redshadow-updated-checklist,artifacts/real-world/20260903-010534-redshadow-updated-checklist/security,No safe existing producer/consumer fault injector was available.
CHK-112,Phase 5 — Signal Integrity & Fault Injection,Stop signal consumer,BLOCKED,BLOCKED_NO_SAFE_FAULT_INJECTION_INTERFACE,UNKNOWN,20260903-010534-redshadow-updated-checklist,artifacts/real-world/20260903-010534-redshadow-updated-checklist/security,No safe existing producer/consumer fault injector was available.
CHK-113,Phase 5 — Signal Integrity & Fault Injection,Delay signal,BLOCKED,BLOCKED_NO_SAFE_FAULT_INJECTION_INTERFACE,UNKNOWN,20260903-010534-redshadow-updated-checklist,artifacts/real-world/20260903-010534-redshadow-updated-checklist/security,No safe existing producer/consumer fault injector was available.
CHK-114,Phase 5 — Signal Integrity & Fault Injection,Interrupt publication,BLOCKED,BLOCKED_NO_SAFE_FAULT_INJECTION_INTERFACE,UNKNOWN,20260903-010534-redshadow-updated-checklist,artifacts/real-world/20260903-010534-redshadow-updated-checklist/security,No safe existing producer/consumer fault injector was available.
CHK-115,Phase 5 — Signal Integrity & Fault Injection,Temporarily remove signal availability,BLOCKED,BLOCKED_NO_SAFE_FAULT_INJECTION_INTERFACE,UNKNOWN,20260903-010534-redshadow-updated-checklist,artifacts/real-world/20260903-010534-redshadow-updated-checklist/security,No safe existing producer/consumer fault injector was available.
CHK-116,Phase 5 — Signal Integrity & Fault Injection,Restart/recover Signal Bus,INCONCLUSIVE,INCONCLUSIVE_NO_RESTART_EVENT,INCONCLUSIVE,20260903-010534-redshadow-updated-checklist,artifacts/real-world/20260903-010534-redshadow-updated-checklist/recovery,"Lifecycle recovery was tested for policy/scheduler, not a producer restart event."
CHK-117,Phase 5 — Signal Integrity & Fault Injection,Verify safe scheduler fallback,PASS,EVIDENCE_COLLECTED,KERNEL_PROTOTYPED,20260903-010534-redshadow-updated-checklist,artifacts/real-world/20260903-010534-redshadow-updated-checklist/security,CLI sequence/freshness/replay probes and clean lifecycle evidence.
CHK-118,Phase 5 — Signal Integrity & Fault Injection,Verify recovery after valid signals resume,PASS,EVIDENCE_COLLECTED,KERNEL_PROTOTYPED,20260903-010534-redshadow-updated-checklist,artifacts/real-world/20260903-010534-redshadow-updated-checklist/security,CLI sequence/freshness/replay probes and clean lifecycle evidence.
CHK-119,Phase 6 — Predictive Scheduling Engine,Verify predictor initialization,BLOCKED,BLOCKED_PREDICTOR_NOT_IMPLEMENTED_IN_KERNEL,NOT_IMPLEMENTED,20260903-010534-redshadow-updated-checklist,artifacts/real-world/20260903-010534-redshadow-updated-checklist/prediction,Real-machine predictor output and error metrics are not exposed by the current kernel prototype.
CHK-120,Phase 6 — Predictive Scheduling Engine,Verify historical samples,BLOCKED,BLOCKED_PREDICTOR_NOT_IMPLEMENTED_IN_KERNEL,NOT_IMPLEMENTED,20260903-010534-redshadow-updated-checklist,artifacts/real-world/20260903-010534-redshadow-updated-checklist/prediction,Real-machine predictor output and error metrics are not exposed by the current kernel prototype.
CHK-121,Phase 6 — Predictive Scheduling Engine,Generate prediction,BLOCKED,BLOCKED_PREDICTOR_NOT_IMPLEMENTED_IN_KERNEL,NOT_IMPLEMENTED,20260903-010534-redshadow-updated-checklist,artifacts/real-world/20260903-010534-redshadow-updated-checklist/prediction,Real-machine predictor output and error metrics are not exposed by the current kernel prototype.
CHK-122,Phase 6 — Predictive Scheduling Engine,Verify prediction timestamp/horizon,BLOCKED,BLOCKED_PREDICTOR_NOT_IMPLEMENTED_IN_KERNEL,NOT_IMPLEMENTED,20260903-010534-redshadow-updated-checklist,artifacts/real-world/20260903-010534-redshadow-updated-checklist/prediction,Real-machine predictor output and error metrics are not exposed by the current kernel prototype.
CHK-123,Phase 6 — Predictive Scheduling Engine,Verify scheduler consumes prediction,BLOCKED,BLOCKED_PREDICTOR_NOT_IMPLEMENTED_IN_KERNEL,NOT_IMPLEMENTED,20260903-010534-redshadow-updated-checklist,artifacts/real-world/20260903-010534-redshadow-updated-checklist/prediction,Real-machine predictor output and error metrics are not exposed by the current kernel prototype.
CHK-124,Phase 6 — Predictive Scheduling Engine,Verify prediction expiry/replacement,BLOCKED,BLOCKED_PREDICTOR_NOT_IMPLEMENTED_IN_KERNEL,NOT_IMPLEMENTED,20260903-010534-redshadow-updated-checklist,artifacts/real-world/20260903-010534-redshadow-updated-checklist/prediction,Real-machine predictor output and error metrics are not exposed by the current kernel prototype.
CHK-125,Phase 6 — Predictive Scheduling Engine,Test stable CPU load,BLOCKED,BLOCKED_PREDICTOR_NOT_IMPLEMENTED_IN_KERNEL,NOT_IMPLEMENTED,20260903-010534-redshadow-updated-checklist,artifacts/real-world/20260903-010534-redshadow-updated-checklist/prediction,Real-machine predictor output and error metrics are not exposed by the current kernel prototype.
CHK-126,Phase 6 — Predictive Scheduling Engine,Increasing load,BLOCKED,BLOCKED_PREDICTOR_NOT_IMPLEMENTED_IN_KERNEL,NOT_IMPLEMENTED,20260903-010534-redshadow-updated-checklist,artifacts/real-world/20260903-010534-redshadow-updated-checklist/prediction,Real-machine predictor output and error metrics are not exposed by the current kernel prototype.
CHK-127,Phase 6 — Predictive Scheduling Engine,Decreasing load,BLOCKED,BLOCKED_PREDICTOR_NOT_IMPLEMENTED_IN_KERNEL,NOT_IMPLEMENTED,20260903-010534-redshadow-updated-checklist,artifacts/real-world/20260903-010534-redshadow-updated-checklist/prediction,Real-machine predictor output and error metrics are not exposed by the current kernel prototype.
CHK-128,Phase 6 — Predictive Scheduling Engine,Periodic load,BLOCKED,BLOCKED_PREDICTOR_NOT_IMPLEMENTED_IN_KERNEL,NOT_IMPLEMENTED,20260903-010534-redshadow-updated-checklist,artifacts/real-world/20260903-010534-redshadow-updated-checklist/prediction,Real-machine predictor output and error metrics are not exposed by the current kernel prototype.
CHK-129,Phase 6 — Predictive Scheduling Engine,Sudden CPU spike/drop,BLOCKED,BLOCKED_PREDICTOR_NOT_IMPLEMENTED_IN_KERNEL,NOT_IMPLEMENTED,20260903-010534-redshadow-updated-checklist,artifacts/real-world/20260903-010534-redshadow-updated-checklist/prediction,Real-machine predictor output and error metrics are not exposed by the current kernel prototype.
CHK-130,Phase 6 — Predictive Scheduling Engine,Memory pressure,BLOCKED,BLOCKED_PREDICTOR_NOT_IMPLEMENTED_IN_KERNEL,NOT_IMPLEMENTED,20260903-010534-redshadow-updated-checklist,artifacts/real-world/20260903-010534-redshadow-updated-checklist/prediction,Real-machine predictor output and error metrics are not exposed by the current kernel prototype.
CHK-131,Phase 6 — Predictive Scheduling Engine,I/O burst,BLOCKED,BLOCKED_PREDICTOR_NOT_IMPLEMENTED_IN_KERNEL,NOT_IMPLEMENTED,20260903-010534-redshadow-updated-checklist,artifacts/real-world/20260903-010534-redshadow-updated-checklist/prediction,Real-machine predictor output and error metrics are not exposed by the current kernel prototype.
CHK-132,Phase 6 — Predictive Scheduling Engine,Network burst,BLOCKED,BLOCKED_PREDICTOR_NOT_IMPLEMENTED_IN_KERNEL,NOT_IMPLEMENTED,20260903-010534-redshadow-updated-checklist,artifacts/real-world/20260903-010534-redshadow-updated-checklist/prediction,Real-machine predictor output and error metrics are not exposed by the current kernel prototype.
CHK-133,Phase 6 — Predictive Scheduling Engine,Mixed workload,BLOCKED,BLOCKED_PREDICTOR_NOT_IMPLEMENTED_IN_KERNEL,NOT_IMPLEMENTED,20260903-010534-redshadow-updated-checklist,artifacts/real-world/20260903-010534-redshadow-updated-checklist/prediction,Real-machine predictor output and error metrics are not exposed by the current kernel prototype.
CHK-134,Phase 6 — Predictive Scheduling Engine,Record MAE,BLOCKED,BLOCKED_PREDICTOR_NOT_IMPLEMENTED_IN_KERNEL,NOT_IMPLEMENTED,20260903-010534-redshadow-updated-checklist,artifacts/real-world/20260903-010534-redshadow-updated-checklist/prediction,Real-machine predictor output and error metrics are not exposed by the current kernel prototype.
CHK-135,Phase 6 — Predictive Scheduling Engine,Record MSE/RMSE,BLOCKED,BLOCKED_PREDICTOR_NOT_IMPLEMENTED_IN_KERNEL,NOT_IMPLEMENTED,20260903-010534-redshadow-updated-checklist,artifacts/real-world/20260903-010534-redshadow-updated-checklist/prediction,Real-machine predictor output and error metrics are not exposed by the current kernel prototype.
CHK-136,Phase 6 — Predictive Scheduling Engine,Record forecast bias,BLOCKED,BLOCKED_PREDICTOR_NOT_IMPLEMENTED_IN_KERNEL,NOT_IMPLEMENTED,20260903-010534-redshadow-updated-checklist,artifacts/real-world/20260903-010534-redshadow-updated-checklist/prediction,Real-machine predictor output and error metrics are not exposed by the current kernel prototype.
CHK-137,Phase 6 — Predictive Scheduling Engine,Record prediction latency,BLOCKED,BLOCKED_PREDICTOR_NOT_IMPLEMENTED_IN_KERNEL,NOT_IMPLEMENTED,20260903-010534-redshadow-updated-checklist,artifacts/real-world/20260903-010534-redshadow-updated-checklist/prediction,Real-machine predictor output and error metrics are not exposed by the current kernel prototype.
CHK-138,Phase 6 — Predictive Scheduling Engine,Record confidence,BLOCKED,BLOCKED_PREDICTOR_NOT_IMPLEMENTED_IN_KERNEL,NOT_IMPLEMENTED,20260903-010534-redshadow-updated-checklist,artifacts/real-world/20260903-010534-redshadow-updated-checklist/prediction,Real-machine predictor output and error metrics are not exposed by the current kernel prototype.
CHK-139,Phase 6 — Predictive Scheduling Engine,Record prediction error distribution,BLOCKED,BLOCKED_PREDICTOR_NOT_IMPLEMENTED_IN_KERNEL,NOT_IMPLEMENTED,20260903-010534-redshadow-updated-checklist,artifacts/real-world/20260903-010534-redshadow-updated-checklist/prediction,Real-machine predictor output and error metrics are not exposed by the current kernel prototype.
CHK-140,Phase 6 — Predictive Scheduling Engine,Test high-confidence prediction,BLOCKED,BLOCKED_PREDICTOR_NOT_IMPLEMENTED_IN_KERNEL,NOT_IMPLEMENTED,20260903-010534-redshadow-updated-checklist,artifacts/real-world/20260903-010534-redshadow-updated-checklist/prediction,Real-machine predictor output and error metrics are not exposed by the current kernel prototype.
CHK-141,Phase 6 — Predictive Scheduling Engine,Test low-confidence prediction,BLOCKED,BLOCKED_PREDICTOR_NOT_IMPLEMENTED_IN_KERNEL,NOT_IMPLEMENTED,20260903-010534-redshadow-updated-checklist,artifacts/real-world/20260903-010534-redshadow-updated-checklist/prediction,Real-machine predictor output and error metrics are not exposed by the current kernel prototype.
CHK-142,Phase 6 — Predictive Scheduling Engine,Verify observed-state fallback,PASS,EVIDENCE_COLLECTED,USERSPACE_VALIDATED,20260903-010534-redshadow-updated-checklist,artifacts/real-world/20260903-010534-redshadow-updated-checklist/prediction,Observed-state fallback was present in bounded tests; this does not validate a predictor.
CHK-143,Phase 6 — Predictive Scheduling Engine,Verify predictor failure does not crash scheduler,BLOCKED,BLOCKED_PREDICTOR_NOT_IMPLEMENTED_IN_KERNEL,NOT_IMPLEMENTED,20260903-010534-redshadow-updated-checklist,artifacts/real-world/20260903-010534-redshadow-updated-checklist/prediction,Real-machine predictor output and error metrics are not exposed by the current kernel prototype.
CHK-144,Phase 6 — Predictive Scheduling Engine,Verify recovery,BLOCKED,BLOCKED_PREDICTOR_NOT_IMPLEMENTED_IN_KERNEL,NOT_IMPLEMENTED,20260903-010534-redshadow-updated-checklist,artifacts/real-world/20260903-010534-redshadow-updated-checklist/prediction,Real-machine predictor output and error metrics are not exposed by the current kernel prototype.
CHK-145,Phase 7 — Adaptive Response Function,"Verify state construction from CPU, memory, thermal, queue and predicted state",PASS,EVIDENCE_COLLECTED,KERNEL_PROTOTYPED,20260903-010534-redshadow-updated-checklist,artifacts/real-world/20260903-010534-redshadow-updated-checklist/controller,Policy/status and five action probes are bounded runtime evidence.
CHK-146,Phase 7 — Adaptive Response Function,Test RUN decision,PASS,EVIDENCE_COLLECTED,KERNEL_PROTOTYPED,20260903-010534-redshadow-updated-checklist,artifacts/real-world/20260903-010534-redshadow-updated-checklist/controller,Policy/status and five action probes are bounded runtime evidence.
CHK-147,Phase 7 — Adaptive Response Function,Test SLEEP decision,BLOCKED,BLOCKED_NO_APPROVED_HERD_WORKLOAD,UNKNOWN,20260903-010534-redshadow-updated-checklist,artifacts/real-world/20260903-010534-redshadow-updated-checklist/coordination,No approved synchronized-population workload or anti-synchronization ablation was available.
CHK-148,Phase 7 — Adaptive Response Function,Test MIGRATE decision,PASS,EVIDENCE_COLLECTED,KERNEL_PROTOTYPED,20260903-010534-redshadow-updated-checklist,artifacts/real-world/20260903-010534-redshadow-updated-checklist/controller,Policy/status and five action probes are bounded runtime evidence.
CHK-149,Phase 7 — Adaptive Response Function,Test THROTTLE decision,PASS,EVIDENCE_COLLECTED,KERNEL_PROTOTYPED,20260903-010534-redshadow-updated-checklist,artifacts/real-world/20260903-010534-redshadow-updated-checklist/controller,Policy/status and five action probes are bounded runtime evidence.
CHK-150,Phase 7 — Adaptive Response Function,Test YIELD decision,PASS,EVIDENCE_COLLECTED,KERNEL_PROTOTYPED,20260903-010534-redshadow-updated-checklist,artifacts/real-world/20260903-010534-redshadow-updated-checklist/controller,Policy/status and five action probes are bounded runtime evidence.
CHK-151,Phase 7 — Adaptive Response Function,Test invalid/missing state handling,INCONCLUSIVE,INCONCLUSIVE_NO_DIRECT_STATE_FAULT,INCONCLUSIVE,20260903-010534-redshadow-updated-checklist,artifacts/real-world/20260903-010534-redshadow-updated-checklist/controller,No safe malformed-state injector was available.
CHK-152,Phase 7 — Adaptive Response Function,Verify policy initialization/update,PASS,EVIDENCE_COLLECTED,KERNEL_PROTOTYPED,20260903-010534-redshadow-updated-checklist,artifacts/real-world/20260903-010534-redshadow-updated-checklist/controller,Policy/status and five action probes are bounded runtime evidence.
CHK-153,Phase 7 — Adaptive Response Function,Verify reward generation,INCONCLUSIVE,INCONCLUSIVE_INSUFFICIENT_ADAPTATION_TELEMETRY,INCONCLUSIVE,20260903-010534-redshadow-updated-checklist,artifacts/real-world/20260903-010534-redshadow-updated-checklist/controller,Policy bank lifecycle is observable; reward/adaptation convergence is not.
CHK-154,Phase 7 — Adaptive Response Function,Check policy stability,INCONCLUSIVE,INCONCLUSIVE_INSUFFICIENT_ADAPTATION_TELEMETRY,INCONCLUSIVE,20260903-010534-redshadow-updated-checklist,artifacts/real-world/20260903-010534-redshadow-updated-checklist/controller,Policy bank lifecycle is observable; reward/adaptation convergence is not.
CHK-155,Phase 7 — Adaptive Response Function,Bound exploration,PASS,EVIDENCE_COLLECTED,KERNEL_PROTOTYPED,20260903-010534-redshadow-updated-checklist,artifacts/real-world/20260903-010534-redshadow-updated-checklist/controller,Policy/status and five action probes are bounded runtime evidence.
CHK-156,Phase 7 — Adaptive Response Function,Record adaptation frequency,INCONCLUSIVE,INCONCLUSIVE_INSUFFICIENT_ADAPTATION_TELEMETRY,INCONCLUSIVE,20260903-010534-redshadow-updated-checklist,artifacts/real-world/20260903-010534-redshadow-updated-checklist/controller,Policy bank lifecycle is observable; reward/adaptation convergence is not.
CHK-157,Phase 7 — Adaptive Response Function,Test policy reset/suspension/recovery,PASS,EVIDENCE_COLLECTED,KERNEL_PROTOTYPED,20260903-010534-redshadow-updated-checklist,artifacts/real-world/20260903-010534-redshadow-updated-checklist/controller,Policy/status and five action probes are bounded runtime evidence.
CHK-158,Phase 7 — Adaptive Response Function,Test synchronized migrations,BLOCKED,BLOCKED_NO_APPROVED_HERD_WORKLOAD,UNKNOWN,20260903-010534-redshadow-updated-checklist,artifacts/real-world/20260903-010534-redshadow-updated-checklist/coordination,No approved synchronized-population workload or anti-synchronization ablation was available.
CHK-159,Phase 7 — Adaptive Response Function,wake-ups,BLOCKED,BLOCKED_NO_APPROVED_HERD_WORKLOAD,UNKNOWN,20260903-010534-redshadow-updated-checklist,artifacts/real-world/20260903-010534-redshadow-updated-checklist/coordination,No approved synchronized-population workload or anti-synchronization ablation was available.
CHK-160,Phase 7 — Adaptive Response Function,sleep,BLOCKED,BLOCKED_NO_APPROVED_HERD_WORKLOAD,UNKNOWN,20260903-010534-redshadow-updated-checklist,artifacts/real-world/20260903-010534-redshadow-updated-checklist/coordination,No approved synchronized-population workload or anti-synchronization ablation was available.
CHK-161,Phase 7 — Adaptive Response Function,throttling,BLOCKED,BLOCKED_NO_APPROVED_HERD_WORKLOAD,UNKNOWN,20260903-010534-redshadow-updated-checklist,artifacts/real-world/20260903-010534-redshadow-updated-checklist/coordination,No approved synchronized-population workload or anti-synchronization ablation was available.
CHK-162,Phase 7 — Adaptive Response Function,collective oscillation,BLOCKED,BLOCKED_NO_APPROVED_HERD_WORKLOAD,UNKNOWN,20260903-010534-redshadow-updated-checklist,artifacts/real-world/20260903-010534-redshadow-updated-checklist/coordination,No approved synchronized-population workload or anti-synchronization ablation was available.
CHK-163,Phase 7 — Adaptive Response Function,mass switching,BLOCKED,BLOCKED_NO_APPROVED_HERD_WORKLOAD,UNKNOWN,20260903-010534-redshadow-updated-checklist,artifacts/real-world/20260903-010534-redshadow-updated-checklist/coordination,No approved synchronized-population workload or anti-synchronization ablation was available.
CHK-164,Phase 7 — Adaptive Response Function,CPU hot-spot formation,BLOCKED,BLOCKED_NO_APPROVED_HERD_WORKLOAD,UNKNOWN,20260903-010534-redshadow-updated-checklist,artifacts/real-world/20260903-010534-redshadow-updated-checklist/coordination,No approved synchronized-population workload or anti-synchronization ablation was available.
CHK-165,Phase 7 — Adaptive Response Function,load oscillation,BLOCKED,BLOCKED_NO_APPROVED_HERD_WORKLOAD,UNKNOWN,20260903-010534-redshadow-updated-checklist,artifacts/real-world/20260903-010534-redshadow-updated-checklist/coordination,No approved synchronized-population workload or anti-synchronization ablation was available.
CHK-166,Phase 8 — Coordination Index (S1/S2/S3/S4/Q),S1: measure signal freshness,PASS,EVIDENCE_COLLECTED,KERNEL_PROTOTYPED,20260903-010534-redshadow-updated-checklist,artifacts/real-world/20260903-010534-redshadow-updated-checklist/coordination,Bounded fields/calculation evidence; Q is not a broad population validation.
CHK-167,Phase 8 — Coordination Index (S1/S2/S3/S4/Q),S1: measure forecast accuracy,INCONCLUSIVE,INCONCLUSIVE_POPULATION_OR_PREDICTOR_TELEMETRY_MISSING,INCONCLUSIVE,20260903-010534-redshadow-updated-checklist,artifacts/real-world/20260903-010534-redshadow-updated-checklist/coordination,No valid predictor/population/herd dataset was collected.
CHK-168,Phase 8 — Coordination Index (S1/S2/S3/S4/Q),S1: measure signal age/prediction divergence,INCONCLUSIVE,INCONCLUSIVE_POPULATION_OR_PREDICTOR_TELEMETRY_MISSING,INCONCLUSIVE,20260903-010534-redshadow-updated-checklist,artifacts/real-world/20260903-010534-redshadow-updated-checklist/coordination,No valid predictor/population/herd dataset was collected.
CHK-169,Phase 8 — Coordination Index (S1/S2/S3/S4/Q),S2: verify eligible/exempt counts,PASS,EVIDENCE_COLLECTED,KERNEL_PROTOTYPED,20260903-010534-redshadow-updated-checklist,artifacts/real-world/20260903-010534-redshadow-updated-checklist/coordination,Bounded fields/calculation evidence; Q is not a broad population validation.
CHK-170,Phase 8 — Coordination Index (S1/S2/S3/S4/Q),S2: count compliant/non-compliant actions,PASS,EVIDENCE_COLLECTED,KERNEL_PROTOTYPED,20260903-010534-redshadow-updated-checklist,artifacts/real-world/20260903-010534-redshadow-updated-checklist/coordination,Bounded fields/calculation evidence; Q is not a broad population validation.
CHK-171,Phase 8 — Coordination Index (S1/S2/S3/S4/Q),S2: verify calculation,PASS,EVIDENCE_COLLECTED,KERNEL_PROTOTYPED,20260903-010534-redshadow-updated-checklist,artifacts/real-world/20260903-010534-redshadow-updated-checklist/coordination,Bounded fields/calculation evidence; Q is not a broad population validation.
CHK-172,Phase 8 — Coordination Index (S1/S2/S3/S4/Q),S3: capture action distribution,PASS,EVIDENCE_COLLECTED,KERNEL_PROTOTYPED,20260903-010534-redshadow-updated-checklist,artifacts/real-world/20260903-010534-redshadow-updated-checklist/coordination,Bounded fields/calculation evidence; Q is not a broad population validation.
CHK-173,Phase 8 — Coordination Index (S1/S2/S3/S4/Q),S3: measure action consistency,PASS,EVIDENCE_COLLECTED,KERNEL_PROTOTYPED,20260903-010534-redshadow-updated-checklist,artifacts/real-world/20260903-010534-redshadow-updated-checklist/coordination,Bounded fields/calculation evidence; Q is not a broad population validation.
CHK-174,Phase 8 — Coordination Index (S1/S2/S3/S4/Q),S3: detect divergent behavior,INCONCLUSIVE,INCONCLUSIVE_POPULATION_OR_PREDICTOR_TELEMETRY_MISSING,INCONCLUSIVE,20260903-010534-redshadow-updated-checklist,artifacts/real-world/20260903-010534-redshadow-updated-checklist/coordination,No valid predictor/population/herd dataset was collected.
CHK-175,Phase 8 — Coordination Index (S1/S2/S3/S4/Q),S3: calculate population coherence,INCONCLUSIVE,INCONCLUSIVE_POPULATION_OR_PREDICTOR_TELEMETRY_MISSING,INCONCLUSIVE,20260903-010534-redshadow-updated-checklist,artifacts/real-world/20260903-010534-redshadow-updated-checklist/coordination,No valid predictor/population/herd dataset was collected.
CHK-176,Phase 8 — Coordination Index (S1/S2/S3/S4/Q),S4: record previous/current actions,PASS,EVIDENCE_COLLECTED,KERNEL_PROTOTYPED,20260903-010534-redshadow-updated-checklist,artifacts/real-world/20260903-010534-redshadow-updated-checklist/coordination,Bounded fields/calculation evidence; Q is not a broad population validation.
CHK-177,Phase 8 — Coordination Index (S1/S2/S3/S4/Q),S4: count transitions,PASS,EVIDENCE_COLLECTED,KERNEL_PROTOTYPED,20260903-010534-redshadow-updated-checklist,artifacts/real-world/20260903-010534-redshadow-updated-checklist/coordination,Bounded fields/calculation evidence; Q is not a broad population validation.
CHK-178,Phase 8 — Coordination Index (S1/S2/S3/S4/Q),S4: detect mass switching,INCONCLUSIVE,INCONCLUSIVE_POPULATION_OR_PREDICTOR_TELEMETRY_MISSING,INCONCLUSIVE,20260903-010534-redshadow-updated-checklist,artifacts/real-world/20260903-010534-redshadow-updated-checklist/coordination,No valid predictor/population/herd dataset was collected.
CHK-179,Phase 8 — Coordination Index (S1/S2/S3/S4/Q),S4: detect oscillation,INCONCLUSIVE,INCONCLUSIVE_POPULATION_OR_PREDICTOR_TELEMETRY_MISSING,INCONCLUSIVE,20260903-010534-redshadow-updated-checklist,artifacts/real-world/20260903-010534-redshadow-updated-checklist/coordination,No valid predictor/population/herd dataset was collected.
CHK-180,Phase 8 — Coordination Index (S1/S2/S3/S4/Q),S4: calculate temporal stability,INCONCLUSIVE,INCONCLUSIVE_POPULATION_OR_PREDICTOR_TELEMETRY_MISSING,INCONCLUSIVE,20260903-010534-redshadow-updated-checklist,artifacts/real-world/20260903-010534-redshadow-updated-checklist/coordination,No valid predictor/population/herd dataset was collected.
CHK-181,Phase 8 — Coordination Index (S1/S2/S3/S4/Q),Verify composite Q calculation,PASS,EVIDENCE_COLLECTED,KERNEL_PROTOTYPED,20260903-010534-redshadow-updated-checklist,artifacts/real-world/20260903-010534-redshadow-updated-checklist/coordination,Bounded fields/calculation evidence; Q is not a broad population validation.
CHK-182,Phase 8 — Coordination Index (S1/S2/S3/S4/Q),Verify Q range,PASS,EVIDENCE_COLLECTED,KERNEL_PROTOTYPED,20260903-010534-redshadow-updated-checklist,artifacts/real-world/20260903-010534-redshadow-updated-checklist/coordination,Bounded fields/calculation evidence; Q is not a broad population validation.
CHK-183,Phase 8 — Coordination Index (S1/S2/S3/S4/Q),Verify Q responds to coordination degradation,INCONCLUSIVE,INCONCLUSIVE_POPULATION_OR_PREDICTOR_TELEMETRY_MISSING,INCONCLUSIVE,20260903-010534-redshadow-updated-checklist,artifacts/real-world/20260903-010534-redshadow-updated-checklist/coordination,No valid predictor/population/herd dataset was collected.
CHK-184,Phase 8 — Coordination Index (S1/S2/S3/S4/Q),Verify Q improves with coordination,INCONCLUSIVE,INCONCLUSIVE_POPULATION_OR_PREDICTOR_TELEMETRY_MISSING,INCONCLUSIVE,20260903-010534-redshadow-updated-checklist,artifacts/real-world/20260903-010534-redshadow-updated-checklist/coordination,No valid predictor/population/herd dataset was collected.
CHK-185,Phase 8 — Coordination Index (S1/S2/S3/S4/Q),Verify Q remains meaningful under synchronized behavior,INCONCLUSIVE,INCONCLUSIVE_POPULATION_OR_PREDICTOR_TELEMETRY_MISSING,INCONCLUSIVE,20260903-010534-redshadow-updated-checklist,artifacts/real-world/20260903-010534-redshadow-updated-checklist/coordination,No valid predictor/population/herd dataset was collected.
CHK-186,Phase 8 — Coordination Index (S1/S2/S3/S4/Q),Verify process/core/system aggregation,INCONCLUSIVE,INCONCLUSIVE_POPULATION_OR_PREDICTOR_TELEMETRY_MISSING,INCONCLUSIVE,20260903-010534-redshadow-updated-checklist,artifacts/real-world/20260903-010534-redshadow-updated-checklist/coordination,No valid predictor/population/herd dataset was collected.
CHK-187,Phase 9 — Feedback Controller,Verify controller initialization,PASS,EVIDENCE_COLLECTED,KERNEL_PROTOTYPED,20260903-010534-redshadow-updated-checklist,artifacts/real-world/20260903-010534-redshadow-updated-checklist/controller,Controller/policy status and lifecycle records were captured.
CHK-188,Phase 9 — Feedback Controller,Verify controller reads Q,INCONCLUSIVE,INCONCLUSIVE_NO_CAUSAL_CONTROLLER_RESPONSE,INCONCLUSIVE,20260903-010534-redshadow-updated-checklist,artifacts/real-world/20260903-010534-redshadow-updated-checklist/controller,No actuator-response/stabilization experiment was completed.
CHK-189,Phase 9 — Feedback Controller,Verify deficient sub-metric identification,INCONCLUSIVE,INCONCLUSIVE_NO_CAUSAL_CONTROLLER_RESPONSE,INCONCLUSIVE,20260903-010534-redshadow-updated-checklist,artifacts/real-world/20260903-010534-redshadow-updated-checklist/controller,No actuator-response/stabilization experiment was completed.
CHK-190,Phase 9 — Feedback Controller,Verify actuator selection,INCONCLUSIVE,INCONCLUSIVE_NO_CAUSAL_CONTROLLER_RESPONSE,INCONCLUSIVE,20260903-010534-redshadow-updated-checklist,artifacts/real-world/20260903-010534-redshadow-updated-checklist/controller,No actuator-response/stabilization experiment was completed.
CHK-191,Phase 9 — Feedback Controller,Verify parameter update,INCONCLUSIVE,INCONCLUSIVE_NO_CAUSAL_CONTROLLER_RESPONSE,INCONCLUSIVE,20260903-010534-redshadow-updated-checklist,artifacts/real-world/20260903-010534-redshadow-updated-checklist/controller,No actuator-response/stabilization experiment was completed.
CHK-192,Phase 9 — Feedback Controller,Verify parameter bounds,PASS,EVIDENCE_COLLECTED,KERNEL_PROTOTYPED,20260903-010534-redshadow-updated-checklist,artifacts/real-world/20260903-010534-redshadow-updated-checklist/controller,Controller/policy status and lifecycle records were captured.
CHK-193,Phase 9 — Feedback Controller,Check controller oscillation/saturation,INCONCLUSIVE,INCONCLUSIVE_NO_CAUSAL_CONTROLLER_RESPONSE,INCONCLUSIVE,20260903-010534-redshadow-updated-checklist,artifacts/real-world/20260903-010534-redshadow-updated-checklist/controller,No actuator-response/stabilization experiment was completed.
CHK-194,Phase 9 — Feedback Controller,Measure stabilization,INCONCLUSIVE,INCONCLUSIVE_NO_CAUSAL_CONTROLLER_RESPONSE,INCONCLUSIVE,20260903-010534-redshadow-updated-checklist,artifacts/real-world/20260903-010534-redshadow-updated-checklist/controller,No actuator-response/stabilization experiment was completed.
CHK-195,Phase 9 — Feedback Controller,Test per-agent perceptual jitter actuator,INCONCLUSIVE,INCONCLUSIVE_NO_CAUSAL_CONTROLLER_RESPONSE,INCONCLUSIVE,20260903-010534-redshadow-updated-checklist,artifacts/real-world/20260903-010534-redshadow-updated-checklist/controller,No actuator-response/stabilization experiment was completed.
CHK-196,Phase 9 — Feedback Controller,Test switching-penalty actuator,INCONCLUSIVE,INCONCLUSIVE_NO_CAUSAL_CONTROLLER_RESPONSE,INCONCLUSIVE,20260903-010534-redshadow-updated-checklist,artifacts/real-world/20260903-010534-redshadow-updated-checklist/controller,No actuator-response/stabilization experiment was completed.
CHK-197,Phase 9 — Feedback Controller,Test Q-table consensus mechanism,INCONCLUSIVE,INCONCLUSIVE_NO_CAUSAL_CONTROLLER_RESPONSE,INCONCLUSIVE,20260903-010534-redshadow-updated-checklist,artifacts/real-world/20260903-010534-redshadow-updated-checklist/controller,No actuator-response/stabilization experiment was completed.
CHK-198,Phase 9 — Feedback Controller,Test prediction-horizon actuator,INCONCLUSIVE,INCONCLUSIVE_NO_CAUSAL_CONTROLLER_RESPONSE,INCONCLUSIVE,20260903-010534-redshadow-updated-checklist,artifacts/real-world/20260903-010534-redshadow-updated-checklist/controller,No actuator-response/stabilization experiment was completed.
CHK-199,Phase 9 — Feedback Controller,Test signal-update-frequency actuator,INCONCLUSIVE,INCONCLUSIVE_NO_CAUSAL_CONTROLLER_RESPONSE,INCONCLUSIVE,20260903-010534-redshadow-updated-checklist,artifacts/real-world/20260903-010534-redshadow-updated-checklist/controller,No actuator-response/stabilization experiment was completed.
CHK-200,Phase 9 — Feedback Controller,Test scheduling thresholds,INCONCLUSIVE,INCONCLUSIVE_NO_CAUSAL_CONTROLLER_RESPONSE,INCONCLUSIVE,20260903-010534-redshadow-updated-checklist,artifacts/real-world/20260903-010534-redshadow-updated-checklist/controller,No actuator-response/stabilization experiment was completed.
CHK-201,Phase 9 — Feedback Controller,Verify inner adaptation and slower outer controller,INCONCLUSIVE,INCONCLUSIVE_NO_CAUSAL_CONTROLLER_RESPONSE,INCONCLUSIVE,20260903-010534-redshadow-updated-checklist,artifacts/real-world/20260903-010534-redshadow-updated-checklist/controller,No actuator-response/stabilization experiment was completed.
CHK-202,Phase 9 — Feedback Controller,Record controller cadence/step size,PASS,EVIDENCE_COLLECTED,KERNEL_PROTOTYPED,20260903-010534-redshadow-updated-checklist,artifacts/real-world/20260903-010534-redshadow-updated-checklist/controller,Controller/policy status and lifecycle records were captured.
CHK-203,Phase 9 — Feedback Controller,Record parameter evolution,PASS,EVIDENCE_COLLECTED,KERNEL_PROTOTYPED,20260903-010534-redshadow-updated-checklist,artifacts/real-world/20260903-010534-redshadow-updated-checklist/controller,Controller/policy status and lifecycle records were captured.
CHK-204,Phase 9 — Feedback Controller,Check learner/controller feedback oscillation,INCONCLUSIVE,INCONCLUSIVE_NO_CAUSAL_CONTROLLER_RESPONSE,INCONCLUSIVE,20260903-010534-redshadow-updated-checklist,artifacts/real-world/20260903-010534-redshadow-updated-checklist/controller,No actuator-response/stabilization experiment was completed.
CHK-205,Phase 10 — Instrumentation & Observability,Trace dispatch,PASS,EVIDENCE_COLLECTED,KERNEL_PROTOTYPED,20260903-010534-redshadow-updated-checklist,artifacts/real-world/20260903-010534-redshadow-updated-checklist/sched_ext,Per-task status counters and ftrace event inventory are archived; event-level trace replay was not exhaustive.
CHK-206,Phase 10 — Instrumentation & Observability,Trace migration,PASS,EVIDENCE_COLLECTED,KERNEL_PROTOTYPED,20260903-010534-redshadow-updated-checklist,artifacts/real-world/20260903-010534-redshadow-updated-checklist/sched_ext,Per-task status counters and ftrace event inventory are archived; event-level trace replay was not exhaustive.
CHK-207,Phase 10 — Instrumentation & Observability,Trace preemption,PASS,EVIDENCE_COLLECTED,KERNEL_PROTOTYPED,20260903-010534-redshadow-updated-checklist,artifacts/real-world/20260903-010534-redshadow-updated-checklist/sched_ext,Per-task status counters and ftrace event inventory are archived; event-level trace replay was not exhaustive.
CHK-208,Phase 10 — Instrumentation & Observability,Trace throttling,PASS,EVIDENCE_COLLECTED,KERNEL_PROTOTYPED,20260903-010534-redshadow-updated-checklist,artifacts/real-world/20260903-010534-redshadow-updated-checklist/sched_ext,Per-task status counters and ftrace event inventory are archived; event-level trace replay was not exhaustive.
CHK-209,Phase 10 — Instrumentation & Observability,Trace yield,PASS,EVIDENCE_COLLECTED,KERNEL_PROTOTYPED,20260903-010534-redshadow-updated-checklist,artifacts/real-world/20260903-010534-redshadow-updated-checklist/sched_ext,Per-task status counters and ftrace event inventory are archived; event-level trace replay was not exhaustive.
CHK-210,Phase 10 — Instrumentation & Observability,Trace sleep/wake,PASS,EVIDENCE_COLLECTED,KERNEL_PROTOTYPED,20260903-010534-redshadow-updated-checklist,artifacts/real-world/20260903-010534-redshadow-updated-checklist/sched_ext,Per-task status counters and ftrace event inventory are archived; event-level trace replay was not exhaustive.
CHK-211,Phase 10 — Instrumentation & Observability,Trace scheduling decisions and associated signal state,BLOCKED,BLOCKED_INSUFFICIENT_OBSERVABILITY,UNKNOWN,20260903-010534-redshadow-updated-checklist,artifacts/real-world/20260903-010534-redshadow-updated-checklist/sched_ext,No direct trace/propagation/predictor record for this item.
CHK-212,Phase 10 — Instrumentation & Observability,Trace signal creation/publication/dissemination/validation/expiry/replacement,BLOCKED,BLOCKED_INSUFFICIENT_OBSERVABILITY,UNKNOWN,20260903-010534-redshadow-updated-checklist,artifacts/real-world/20260903-010534-redshadow-updated-checklist/sched_ext,No direct trace/propagation/predictor record for this item.
CHK-213,Phase 10 — Instrumentation & Observability,Measure signal propagation latency,BLOCKED,BLOCKED_INSUFFICIENT_OBSERVABILITY,UNKNOWN,20260903-010534-redshadow-updated-checklist,artifacts/real-world/20260903-010534-redshadow-updated-checklist/sched_ext,No direct trace/propagation/predictor record for this item.
CHK-214,Phase 10 — Instrumentation & Observability,Record synchronization/integrity failures,PASS,EVIDENCE_COLLECTED,KERNEL_PROTOTYPED,20260903-010534-redshadow-updated-checklist,artifacts/real-world/20260903-010534-redshadow-updated-checklist/sched_ext,Per-task status counters and ftrace event inventory are archived; event-level trace replay was not exhaustive.
CHK-215,Phase 10 — Instrumentation & Observability,Record prediction generation time/value/confidence/error/latency/model version,BLOCKED,BLOCKED_INSUFFICIENT_OBSERVABILITY,UNKNOWN,20260903-010534-redshadow-updated-checklist,artifacts/real-world/20260903-010534-redshadow-updated-checklist/sched_ext,No direct trace/propagation/predictor record for this item.
CHK-216,Phase 10 — Instrumentation & Observability,Record scheduler state/action/policy/reward/adaptation/migration/decision latency,PASS,EVIDENCE_COLLECTED,KERNEL_PROTOTYPED,20260903-010534-redshadow-updated-checklist,artifacts/real-world/20260903-010534-redshadow-updated-checklist/controller,Status telemetry fields were archived; causal traces remain limited.
CHK-217,Phase 10 — Instrumentation & Observability,Record S1/S2/S3/S4/Q,PASS,EVIDENCE_COLLECTED,KERNEL_PROTOTYPED,20260903-010534-redshadow-updated-checklist,artifacts/real-world/20260903-010534-redshadow-updated-checklist/controller,Status telemetry fields were archived; causal traces remain limited.
CHK-218,Phase 10 — Instrumentation & Observability,Record controller activation/actuator/parameters/stabilization/saturation,PASS,EVIDENCE_COLLECTED,KERNEL_PROTOTYPED,20260903-010534-redshadow-updated-checklist,artifacts/real-world/20260903-010534-redshadow-updated-checklist/controller,Status telemetry fields were archived; causal traces remain limited.
CHK-219,Phase 11 — Performance Overhead,Measure scheduling latency,INCONCLUSIVE,INCONCLUSIVE_NO_LATENCY_TRACER,INCONCLUSIVE,20260903-010534-redshadow-updated-checklist,artifacts/real-world/20260903-010534-redshadow-updated-checklist/baseline,Elapsed workload times are not scheduler decision latency.
CHK-220,Phase 11 — Performance Overhead,Context-switch overhead,BLOCKED,BLOCKED_MISSING_PERF_OR_DETAILED_TELEMETRY,UNKNOWN,20260903-010534-redshadow-updated-checklist,artifacts/real-world/20260903-010534-redshadow-updated-checklist/baseline,perf/trace-level cost attribution was unavailable.
CHK-221,Phase 11 — Performance Overhead,Decision latency,INCONCLUSIVE,INCONCLUSIVE_NO_LATENCY_TRACER,INCONCLUSIVE,20260903-010534-redshadow-updated-checklist,artifacts/real-world/20260903-010534-redshadow-updated-checklist/baseline,Elapsed workload times are not scheduler decision latency.
CHK-222,Phase 11 — Performance Overhead,Prediction computation cost,BLOCKED,BLOCKED_MISSING_PERF_OR_DETAILED_TELEMETRY,UNKNOWN,20260903-010534-redshadow-updated-checklist,artifacts/real-world/20260903-010534-redshadow-updated-checklist/baseline,perf/trace-level cost attribution was unavailable.
CHK-223,Phase 11 — Performance Overhead,Signal Bus cost,BLOCKED,BLOCKED_MISSING_PERF_OR_DETAILED_TELEMETRY,UNKNOWN,20260903-010534-redshadow-updated-checklist,artifacts/real-world/20260903-010534-redshadow-updated-checklist/baseline,perf/trace-level cost attribution was unavailable.
CHK-224,Phase 11 — Performance Overhead,HMAC/integrity verification cost,BLOCKED,BLOCKED_MISSING_PERF_OR_DETAILED_TELEMETRY,UNKNOWN,20260903-010534-redshadow-updated-checklist,artifacts/real-world/20260903-010534-redshadow-updated-checklist/baseline,perf/trace-level cost attribution was unavailable.
CHK-225,Phase 11 — Performance Overhead,Coordination-index cost,BLOCKED,BLOCKED_MISSING_PERF_OR_DETAILED_TELEMETRY,UNKNOWN,20260903-010534-redshadow-updated-checklist,artifacts/real-world/20260903-010534-redshadow-updated-checklist/baseline,perf/trace-level cost attribution was unavailable.
CHK-226,Phase 11 — Performance Overhead,Controller cost,BLOCKED,BLOCKED_MISSING_PERF_OR_DETAILED_TELEMETRY,UNKNOWN,20260903-010534-redshadow-updated-checklist,artifacts/real-world/20260903-010534-redshadow-updated-checklist/baseline,perf/trace-level cost attribution was unavailable.
CHK-227,Phase 11 — Performance Overhead,Adaptive-policy cost,BLOCKED,BLOCKED_MISSING_PERF_OR_DETAILED_TELEMETRY,UNKNOWN,20260903-010534-redshadow-updated-checklist,artifacts/real-world/20260903-010534-redshadow-updated-checklist/baseline,perf/trace-level cost attribution was unavailable.
CHK-228,Phase 11 — Performance Overhead,Monitoring cost,BLOCKED,BLOCKED_MISSING_PERF_OR_DETAILED_TELEMETRY,UNKNOWN,20260903-010534-redshadow-updated-checklist,artifacts/real-world/20260903-010534-redshadow-updated-checklist/baseline,perf/trace-level cost attribution was unavailable.
CHK-229,Phase 11 — Performance Overhead,Measure CPU overhead,INCONCLUSIVE,INCONCLUSIVE_COARSE_ONLY,INCONCLUSIVE,20260903-010534-redshadow-updated-checklist,artifacts/real-world/20260903-010534-redshadow-updated-checklist/baseline,Coarse vmstat/mpstat and elapsed/context-switch measurements exist; perf/cache/lock attribution is unavailable.
CHK-230,Phase 11 — Performance Overhead,Memory overhead,INCONCLUSIVE,INCONCLUSIVE_COARSE_ONLY,INCONCLUSIVE,20260903-010534-redshadow-updated-checklist,artifacts/real-world/20260903-010534-redshadow-updated-checklist/baseline,Coarse vmstat/mpstat and elapsed/context-switch measurements exist; perf/cache/lock attribution is unavailable.
CHK-231,Phase 11 — Performance Overhead,Kernel memory footprint,INCONCLUSIVE,INCONCLUSIVE_COARSE_ONLY,INCONCLUSIVE,20260903-010534-redshadow-updated-checklist,artifacts/real-world/20260903-010534-redshadow-updated-checklist/baseline,Coarse vmstat/mpstat and elapsed/context-switch measurements exist; perf/cache/lock attribution is unavailable.
CHK-232,Phase 11 — Performance Overhead,Cache misses/hit rate,BLOCKED,BLOCKED_MISSING_PERF_OR_DETAILED_TELEMETRY,UNKNOWN,20260903-010534-redshadow-updated-checklist,artifacts/real-world/20260903-010534-redshadow-updated-checklist/baseline,perf/trace-level cost attribution was unavailable.
CHK-233,Phase 11 — Performance Overhead,Lock contention,BLOCKED,BLOCKED_MISSING_PERF_OR_DETAILED_TELEMETRY,UNKNOWN,20260903-010534-redshadow-updated-checklist,artifacts/real-world/20260903-010534-redshadow-updated-checklist/baseline,perf/trace-level cost attribution was unavailable.
CHK-234,Phase 11 — Performance Overhead,Synchronization overhead,BLOCKED,BLOCKED_MISSING_PERF_OR_DETAILED_TELEMETRY,UNKNOWN,20260903-010534-redshadow-updated-checklist,artifacts/real-world/20260903-010534-redshadow-updated-checklist/baseline,perf/trace-level cost attribution was unavailable.
CHK-235,Phase 11 — Performance Overhead,Inter-CPU communication overhead,BLOCKED,BLOCKED_MISSING_PERF_OR_DETAILED_TELEMETRY,UNKNOWN,20260903-010534-redshadow-updated-checklist,artifacts/real-world/20260903-010534-redshadow-updated-checklist/baseline,perf/trace-level cost attribution was unavailable.
CHK-236,Phase 12 — Workload Matrix,CPU: single CPU-bound process,PASS,EVIDENCE_COLLECTED,EXPERIMENTALLY_VALIDATED,20260903-010534-redshadow-updated-checklist,artifacts/real-world/20260903-010534-redshadow-updated-checklist/workload,Existing full_compare and stress_suite bounded runs.
CHK-237,Phase 12 — Workload Matrix,CPU: multiple CPU-bound processes,PASS,EVIDENCE_COLLECTED,EXPERIMENTALLY_VALIDATED,20260903-010534-redshadow-updated-checklist,artifacts/real-world/20260903-010534-redshadow-updated-checklist/workload,Existing full_compare and stress_suite bounded runs.
CHK-238,Phase 12 — Workload Matrix,CPU: under-subscribed,PASS,EVIDENCE_COLLECTED,EXPERIMENTALLY_VALIDATED,20260903-010534-redshadow-updated-checklist,artifacts/real-world/20260903-010534-redshadow-updated-checklist/workload,Existing full_compare and stress_suite bounded runs.
CHK-239,Phase 12 — Workload Matrix,CPU: equal to CPU count,PASS,EVIDENCE_COLLECTED,EXPERIMENTALLY_VALIDATED,20260903-010534-redshadow-updated-checklist,artifacts/real-world/20260903-010534-redshadow-updated-checklist/workload,Existing full_compare and stress_suite bounded runs.
CHK-240,Phase 12 — Workload Matrix,CPU: over-subscribed,BLOCKED,BLOCKED_NOT_RUN_OR_NOT_CONTROLLED,UNKNOWN,20260903-010534-redshadow-updated-checklist,artifacts/real-world/20260903-010534-redshadow-updated-checklist/workload,No safe dedicated over-subscription/bursty harness run in this campaign.
CHK-241,Phase 12 — Workload Matrix,CPU: bursty,BLOCKED,BLOCKED_NOT_RUN_OR_NOT_CONTROLLED,UNKNOWN,20260903-010534-redshadow-updated-checklist,artifacts/real-world/20260903-010534-redshadow-updated-checklist/workload,No safe dedicated over-subscription/bursty harness run in this campaign.
CHK-242,Phase 12 — Workload Matrix,Memory: sequential,BLOCKED,BLOCKED_MISSING_STRESS_OR_NETWORK_INFRASTRUCTURE,UNKNOWN,20260903-010534-redshadow-updated-checklist,artifacts/real-world/20260903-010534-redshadow-updated-checklist/stress,Memory stress tool and valid network peer were unavailable; ORCHESTRA memory ownership was not provable.
CHK-243,Phase 12 — Workload Matrix,Memory: random,BLOCKED,BLOCKED_MISSING_STRESS_OR_NETWORK_INFRASTRUCTURE,UNKNOWN,20260903-010534-redshadow-updated-checklist,artifacts/real-world/20260903-010534-redshadow-updated-checklist/stress,Memory stress tool and valid network peer were unavailable; ORCHESTRA memory ownership was not provable.
CHK-244,Phase 12 — Workload Matrix,Memory: high pressure,BLOCKED,BLOCKED_MISSING_STRESS_OR_NETWORK_INFRASTRUCTURE,UNKNOWN,20260903-010534-redshadow-updated-checklist,artifacts/real-world/20260903-010534-redshadow-updated-checklist/stress,Memory stress tool and valid network peer were unavailable; ORCHESTRA memory ownership was not provable.
CHK-245,Phase 12 — Workload Matrix,Memory: near exhaustion,BLOCKED,BLOCKED_MISSING_STRESS_OR_NETWORK_INFRASTRUCTURE,UNKNOWN,20260903-010534-redshadow-updated-checklist,artifacts/real-world/20260903-010534-redshadow-updated-checklist/stress,Memory stress tool and valid network peer were unavailable; ORCHESTRA memory ownership was not provable.
CHK-246,Phase 12 — Workload Matrix,Memory: multiple workers,BLOCKED,BLOCKED_MISSING_STRESS_OR_NETWORK_INFRASTRUCTURE,UNKNOWN,20260903-010534-redshadow-updated-checklist,artifacts/real-world/20260903-010534-redshadow-updated-checklist/stress,Memory stress tool and valid network peer were unavailable; ORCHESTRA memory ownership was not provable.
CHK-247,Phase 12 — Workload Matrix,I/O: sequential read/write,PASS,EVIDENCE_COLLECTED,EXPERIMENTALLY_VALIDATED,20260903-010534-redshadow-updated-checklist,artifacts/real-world/20260903-010534-redshadow-updated-checklist/workload,Existing full_compare and stress_suite bounded runs.
CHK-248,Phase 12 — Workload Matrix,I/O: random read/write,BLOCKED,BLOCKED_MISSING_FIO_OR_RANDOM_IO_TOOL,UNKNOWN,20260903-010534-redshadow-updated-checklist,artifacts/real-world/20260903-010534-redshadow-updated-checklist/workload,fio was not installed.
CHK-249,Phase 12 — Workload Matrix,I/O: multiple workers,PASS,EVIDENCE_COLLECTED,EXPERIMENTALLY_VALIDATED,20260903-010534-redshadow-updated-checklist,artifacts/real-world/20260903-010534-redshadow-updated-checklist/workload,Existing full_compare and stress_suite bounded runs.
CHK-250,Phase 12 — Workload Matrix,I/O: read-heavy,PASS,EVIDENCE_COLLECTED,EXPERIMENTALLY_VALIDATED,20260903-010534-redshadow-updated-checklist,artifacts/real-world/20260903-010534-redshadow-updated-checklist/workload,Existing full_compare and stress_suite bounded runs.
CHK-251,Phase 12 — Workload Matrix,I/O: write-heavy,PASS,EVIDENCE_COLLECTED,EXPERIMENTALLY_VALIDATED,20260903-010534-redshadow-updated-checklist,artifacts/real-world/20260903-010534-redshadow-updated-checklist/workload,Existing full_compare and stress_suite bounded runs.
CHK-252,Phase 12 — Workload Matrix,I/O: mixed,PASS,EVIDENCE_COLLECTED,EXPERIMENTALLY_VALIDATED,20260903-010534-redshadow-updated-checklist,artifacts/real-world/20260903-010534-redshadow-updated-checklist/workload,Existing full_compare and stress_suite bounded runs.
CHK-253,Phase 12 — Workload Matrix,Network: high throughput,BLOCKED,BLOCKED_MISSING_TEST_INFRASTRUCTURE,UNKNOWN,20260903-010534-redshadow-updated-checklist,artifacts/real-world/20260903-010534-redshadow-updated-checklist/workload,No approved network benchmark/peer was available.
CHK-254,Phase 12 — Workload Matrix,Network: high packet rate,BLOCKED,BLOCKED_MISSING_TEST_INFRASTRUCTURE,UNKNOWN,20260903-010534-redshadow-updated-checklist,artifacts/real-world/20260903-010534-redshadow-updated-checklist/workload,No approved network benchmark/peer was available.
CHK-255,Phase 12 — Workload Matrix,Network: multiple processes,BLOCKED,BLOCKED_MISSING_TEST_INFRASTRUCTURE,UNKNOWN,20260903-010534-redshadow-updated-checklist,artifacts/real-world/20260903-010534-redshadow-updated-checklist/workload,No approved network benchmark/peer was available.
CHK-256,Phase 12 — Workload Matrix,Network: bursty,BLOCKED,BLOCKED_MISSING_TEST_INFRASTRUCTURE,UNKNOWN,20260903-010534-redshadow-updated-checklist,artifacts/real-world/20260903-010534-redshadow-updated-checklist/workload,No approved network benchmark/peer was available.
CHK-257,Phase 12 — Workload Matrix,Network: mixed CPU/network,BLOCKED,BLOCKED_MISSING_TEST_INFRASTRUCTURE,UNKNOWN,20260903-010534-redshadow-updated-checklist,artifacts/real-world/20260903-010534-redshadow-updated-checklist/workload,No approved network benchmark/peer was available.
CHK-258,Phase 12 — Workload Matrix,Mixed: CPU+memory,BLOCKED,BLOCKED_MISSING_STRESS_OR_NETWORK_INFRASTRUCTURE,UNKNOWN,20260903-010534-redshadow-updated-checklist,artifacts/real-world/20260903-010534-redshadow-updated-checklist/stress,Memory stress tool and valid network peer were unavailable; ORCHESTRA memory ownership was not provable.
CHK-259,Phase 12 — Workload Matrix,CPU+I/O,PASS,EVIDENCE_COLLECTED,EXPERIMENTALLY_VALIDATED,20260903-010534-redshadow-updated-checklist,artifacts/real-world/20260903-010534-redshadow-updated-checklist/workload,Existing full_compare and stress_suite bounded runs.
CHK-260,Phase 12 — Workload Matrix,CPU+network,BLOCKED,BLOCKED_MISSING_STRESS_OR_NETWORK_INFRASTRUCTURE,UNKNOWN,20260903-010534-redshadow-updated-checklist,artifacts/real-world/20260903-010534-redshadow-updated-checklist/stress,Memory stress tool and valid network peer were unavailable; ORCHESTRA memory ownership was not provable.
CHK-261,Phase 12 — Workload Matrix,memory+I/O,BLOCKED,BLOCKED_MISSING_STRESS_OR_NETWORK_INFRASTRUCTURE,UNKNOWN,20260903-010534-redshadow-updated-checklist,artifacts/real-world/20260903-010534-redshadow-updated-checklist/stress,Memory stress tool and valid network peer were unavailable; ORCHESTRA memory ownership was not provable.
CHK-262,Phase 12 — Workload Matrix,CPU+memory+I/O,BLOCKED,BLOCKED_MISSING_STRESS_OR_NETWORK_INFRASTRUCTURE,UNKNOWN,20260903-010534-redshadow-updated-checklist,artifacts/real-world/20260903-010534-redshadow-updated-checklist/stress,Memory stress tool and valid network peer were unavailable; ORCHESTRA memory ownership was not provable.
CHK-263,Phase 12 — Workload Matrix,CPU+memory+network,BLOCKED,BLOCKED_MISSING_STRESS_OR_NETWORK_INFRASTRUCTURE,UNKNOWN,20260903-010534-redshadow-updated-checklist,artifacts/real-world/20260903-010534-redshadow-updated-checklist/stress,Memory stress tool and valid network peer were unavailable; ORCHESTRA memory ownership was not provable.
CHK-264,Phase 12 — Workload Matrix,full mixed workload,BLOCKED,BLOCKED_MISSING_STRESS_OR_NETWORK_INFRASTRUCTURE,UNKNOWN,20260903-010534-redshadow-updated-checklist,artifacts/real-world/20260903-010534-redshadow-updated-checklist/stress,Memory stress tool and valid network peer were unavailable; ORCHESTRA memory ownership was not provable.
CHK-265,Phase 13 — Dynamic Workloads,Stable workload,PASS,EVIDENCE_COLLECTED,EXPERIMENTALLY_VALIDATED,20260903-010534-redshadow-updated-checklist,artifacts/real-world/20260903-010534-redshadow-updated-checklist/workload,Stable repeated comparison and migration probes.
CHK-266,Phase 13 — Dynamic Workloads,Gradually increasing load,BLOCKED,BLOCKED_NO_DYNAMIC_WORKLOAD_HARNESS,UNKNOWN,20260903-010534-redshadow-updated-checklist,artifacts/real-world/20260903-010534-redshadow-updated-checklist/workload,No approved dynamic regime driver was available.
CHK-267,Phase 13 — Dynamic Workloads,Gradually decreasing load,BLOCKED,BLOCKED_NO_DYNAMIC_WORKLOAD_HARNESS,UNKNOWN,20260903-010534-redshadow-updated-checklist,artifacts/real-world/20260903-010534-redshadow-updated-checklist/workload,No approved dynamic regime driver was available.
CHK-268,Phase 13 — Dynamic Workloads,Sudden load spike,BLOCKED,BLOCKED_NO_DYNAMIC_WORKLOAD_HARNESS,UNKNOWN,20260903-010534-redshadow-updated-checklist,artifacts/real-world/20260903-010534-redshadow-updated-checklist/workload,No approved dynamic regime driver was available.
CHK-269,Phase 13 — Dynamic Workloads,Sudden load collapse,BLOCKED,BLOCKED_NO_DYNAMIC_WORKLOAD_HARNESS,UNKNOWN,20260903-010534-redshadow-updated-checklist,artifacts/real-world/20260903-010534-redshadow-updated-checklist/workload,No approved dynamic regime driver was available.
CHK-270,Phase 13 — Dynamic Workloads,Periodic workload,BLOCKED,BLOCKED_NO_DYNAMIC_WORKLOAD_HARNESS,UNKNOWN,20260903-010534-redshadow-updated-checklist,artifacts/real-world/20260903-010534-redshadow-updated-checklist/workload,No approved dynamic regime driver was available.
CHK-271,Phase 13 — Dynamic Workloads,Alternating workload,BLOCKED,BLOCKED_NO_DYNAMIC_WORKLOAD_HARNESS,UNKNOWN,20260903-010534-redshadow-updated-checklist,artifacts/real-world/20260903-010534-redshadow-updated-checklist/workload,No approved dynamic regime driver was available.
CHK-272,Phase 13 — Dynamic Workloads,Random workload,BLOCKED,BLOCKED_NO_DYNAMIC_WORKLOAD_HARNESS,UNKNOWN,20260903-010534-redshadow-updated-checklist,artifacts/real-world/20260903-010534-redshadow-updated-checklist/workload,No approved dynamic regime driver was available.
CHK-273,Phase 13 — Dynamic Workloads,Bursty workload,BLOCKED,BLOCKED_NO_DYNAMIC_WORKLOAD_HARNESS,UNKNOWN,20260903-010534-redshadow-updated-checklist,artifacts/real-world/20260903-010534-redshadow-updated-checklist/workload,No approved dynamic regime driver was available.
CHK-274,Phase 13 — Dynamic Workloads,Multiple simultaneous transitions,BLOCKED,BLOCKED_NO_DYNAMIC_WORKLOAD_HARNESS,UNKNOWN,20260903-010534-redshadow-updated-checklist,artifacts/real-world/20260903-010534-redshadow-updated-checklist/workload,No approved dynamic regime driver was available.
CHK-275,Phase 13 — Dynamic Workloads,Workload migration between CPUs,PASS,EVIDENCE_COLLECTED,EXPERIMENTALLY_VALIDATED,20260903-010534-redshadow-updated-checklist,artifacts/real-world/20260903-010534-redshadow-updated-checklist/workload,Stable repeated comparison and migration probes.
CHK-276,Phase 13 — Dynamic Workloads,"For every dynamic case record prediction accuracy, response latency, Q, CPU utilization, throughput, migration rate, oscillation rate and recovery time",BLOCKED,BLOCKED_NO_DYNAMIC_WORKLOAD_HARNESS,UNKNOWN,20260903-010534-redshadow-updated-checklist,artifacts/real-world/20260903-010534-redshadow-updated-checklist/workload,No approved dynamic regime driver was available.
CHK-277,Phase 14 — Stress Testing,CPU at 50%,BLOCKED,BLOCKED_NOT_RUN_OR_THERMAL_INTENSITY_NOT_CONTROLLED,UNKNOWN,20260903-010534-redshadow-updated-checklist,artifacts/real-world/20260903-010534-redshadow-updated-checklist/stress,Only short smoke plus prior bounded soak were safe and available.
CHK-278,Phase 14 — Stress Testing,70%,BLOCKED,BLOCKED_NOT_RUN_OR_THERMAL_INTENSITY_NOT_CONTROLLED,UNKNOWN,20260903-010534-redshadow-updated-checklist,artifacts/real-world/20260903-010534-redshadow-updated-checklist/stress,Only short smoke plus prior bounded soak were safe and available.
CHK-279,Phase 14 — Stress Testing,80%,BLOCKED,BLOCKED_NOT_RUN_OR_THERMAL_INTENSITY_NOT_CONTROLLED,UNKNOWN,20260903-010534-redshadow-updated-checklist,artifacts/real-world/20260903-010534-redshadow-updated-checklist/stress,Only short smoke plus prior bounded soak were safe and available.
CHK-280,Phase 14 — Stress Testing,90%,BLOCKED,BLOCKED_NOT_RUN_OR_THERMAL_INTENSITY_NOT_CONTROLLED,UNKNOWN,20260903-010534-redshadow-updated-checklist,artifacts/real-world/20260903-010534-redshadow-updated-checklist/stress,Only short smoke plus prior bounded soak were safe and available.
CHK-281,Phase 14 — Stress Testing,95%,BLOCKED,BLOCKED_NOT_RUN_OR_THERMAL_INTENSITY_NOT_CONTROLLED,UNKNOWN,20260903-010534-redshadow-updated-checklist,artifacts/real-world/20260903-010534-redshadow-updated-checklist/stress,Only short smoke plus prior bounded soak were safe and available.
CHK-282,Phase 14 — Stress Testing,near saturation,BLOCKED,BLOCKED_NOT_RUN_OR_THERMAL_INTENSITY_NOT_CONTROLLED,UNKNOWN,20260903-010534-redshadow-updated-checklist,artifacts/real-world/20260903-010534-redshadow-updated-checklist/stress,Only short smoke plus prior bounded soak were safe and available.
CHK-283,Phase 14 — Stress Testing,full saturation,BLOCKED,BLOCKED_NOT_RUN_OR_THERMAL_INTENSITY_NOT_CONTROLLED,UNKNOWN,20260903-010534-redshadow-updated-checklist,artifacts/real-world/20260903-010534-redshadow-updated-checklist/stress,Only short smoke plus prior bounded soak were safe and available.
CHK-284,Phase 14 — Stress Testing,Moderate memory pressure,BLOCKED,BLOCKED_NOT_RUN_OR_THERMAL_INTENSITY_NOT_CONTROLLED,UNKNOWN,20260903-010534-redshadow-updated-checklist,artifacts/real-world/20260903-010534-redshadow-updated-checklist/stress,Only short smoke plus prior bounded soak were safe and available.
CHK-285,Phase 14 — Stress Testing,High memory pressure,BLOCKED,BLOCKED_NOT_RUN_OR_THERMAL_INTENSITY_NOT_CONTROLLED,UNKNOWN,20260903-010534-redshadow-updated-checklist,artifacts/real-world/20260903-010534-redshadow-updated-checklist/stress,Only short smoke plus prior bounded soak were safe and available.
CHK-286,Phase 14 — Stress Testing,Near exhaustion,BLOCKED,BLOCKED_NOT_RUN_OR_THERMAL_INTENSITY_NOT_CONTROLLED,UNKNOWN,20260903-010534-redshadow-updated-checklist,artifacts/real-world/20260903-010534-redshadow-updated-checklist/stress,Only short smoke plus prior bounded soak were safe and available.
CHK-287,Phase 14 — Stress Testing,Concurrent memory workers,BLOCKED,BLOCKED_NOT_RUN_OR_THERMAL_INTENSITY_NOT_CONTROLLED,UNKNOWN,20260903-010534-redshadow-updated-checklist,artifacts/real-world/20260903-010534-redshadow-updated-checklist/stress,Only short smoke plus prior bounded soak were safe and available.
CHK-288,Phase 14 — Stress Testing,One CPU heavily loaded,BLOCKED,BLOCKED_NOT_RUN_OR_THERMAL_INTENSITY_NOT_CONTROLLED,UNKNOWN,20260903-010534-redshadow-updated-checklist,artifacts/real-world/20260903-010534-redshadow-updated-checklist/stress,Only short smoke plus prior bounded soak were safe and available.
CHK-289,Phase 14 — Stress Testing,Half CPUs heavily loaded,BLOCKED,BLOCKED_NOT_RUN_OR_THERMAL_INTENSITY_NOT_CONTROLLED,UNKNOWN,20260903-010534-redshadow-updated-checklist,artifacts/real-world/20260903-010534-redshadow-updated-checklist/stress,Only short smoke plus prior bounded soak were safe and available.
CHK-290,Phase 14 — Stress Testing,Uneven workload distribution,BLOCKED,BLOCKED_NOT_RUN_OR_THERMAL_INTENSITY_NOT_CONTROLLED,UNKNOWN,20260903-010534-redshadow-updated-checklist,artifacts/real-world/20260903-010534-redshadow-updated-checklist/stress,Only short smoke plus prior bounded soak were safe and available.
CHK-291,Phase 14 — Stress Testing,Forced affinity imbalance,BLOCKED,BLOCKED_NOT_RUN_OR_THERMAL_INTENSITY_NOT_CONTROLLED,UNKNOWN,20260903-010534-redshadow-updated-checklist,artifacts/real-world/20260903-010534-redshadow-updated-checklist/stress,Only short smoke plus prior bounded soak were safe and available.
CHK-292,Phase 14 — Stress Testing,Migration pressure,BLOCKED,BLOCKED_NOT_RUN_OR_THERMAL_INTENSITY_NOT_CONTROLLED,UNKNOWN,20260903-010534-redshadow-updated-checklist,artifacts/real-world/20260903-010534-redshadow-updated-checklist/stress,Only short smoke plus prior bounded soak were safe and available.
CHK-293,Phase 14 — Stress Testing,Normal temperature,PASS,EVIDENCE_COLLECTED,EXPERIMENTALLY_VALIDATED,20260903-010534-redshadow-updated-checklist,artifacts/real-world/20260903-010534-redshadow-updated-checklist/stress,Thermal monitor remained active; prior 10-minute soak evidence is archived.
CHK-294,Phase 14 — Stress Testing,Elevated temperature,BLOCKED,BLOCKED_NOT_RUN_OR_THERMAL_INTENSITY_NOT_CONTROLLED,UNKNOWN,20260903-010534-redshadow-updated-checklist,artifacts/real-world/20260903-010534-redshadow-updated-checklist/stress,Only short smoke plus prior bounded soak were safe and available.
CHK-295,Phase 14 — Stress Testing,Sustained high temperature,BLOCKED,BLOCKED_NOT_RUN_OR_THERMAL_INTENSITY_NOT_CONTROLLED,UNKNOWN,20260903-010534-redshadow-updated-checklist,artifacts/real-world/20260903-010534-redshadow-updated-checklist/stress,Only short smoke plus prior bounded soak were safe and available.
CHK-296,Phase 14 — Stress Testing,Safely reproducible thermal-throttling condition,BLOCKED,BLOCKED_NOT_RUN_OR_THERMAL_INTENSITY_NOT_CONTROLLED,UNKNOWN,20260903-010534-redshadow-updated-checklist,artifacts/real-world/20260903-010534-redshadow-updated-checklist/stress,Only short smoke plus prior bounded soak were safe and available.
CHK-297,Phase 14 — Stress Testing,10-minute run,PASS,EVIDENCE_COLLECTED,EXPERIMENTALLY_VALIDATED,20260903-010534-redshadow-updated-checklist,artifacts/real-world/20260903-010534-redshadow-updated-checklist/stress,Thermal monitor remained active; prior 10-minute soak evidence is archived.
CHK-298,Phase 14 — Stress Testing,30-minute run,BLOCKED,BLOCKED_NOT_RUN_OR_THERMAL_INTENSITY_NOT_CONTROLLED,UNKNOWN,20260903-010534-redshadow-updated-checklist,artifacts/real-world/20260903-010534-redshadow-updated-checklist/stress,Only short smoke plus prior bounded soak were safe and available.
CHK-299,Phase 14 — Stress Testing,1-hour run,BLOCKED,BLOCKED_NOT_RUN_OR_THERMAL_INTENSITY_NOT_CONTROLLED,UNKNOWN,20260903-010534-redshadow-updated-checklist,artifacts/real-world/20260903-010534-redshadow-updated-checklist/stress,Only short smoke plus prior bounded soak were safe and available.
CHK-300,Phase 14 — Stress Testing,Multi-hour run,BLOCKED,BLOCKED_NOT_RUN_OR_THERMAL_INTENSITY_NOT_CONTROLLED,UNKNOWN,20260903-010534-redshadow-updated-checklist,artifacts/real-world/20260903-010534-redshadow-updated-checklist/stress,Only short smoke plus prior bounded soak were safe and available.
CHK-301,Phase 14 — Stress Testing,Overnight run if practical,BLOCKED,BLOCKED_NOT_RUN_OR_THERMAL_INTENSITY_NOT_CONTROLLED,UNKNOWN,20260903-010534-redshadow-updated-checklist,artifacts/real-world/20260903-010534-redshadow-updated-checklist/stress,Only short smoke plus prior bounded soak were safe and available.
CHK-302,Phase 14 — Stress Testing,Check memory leaks,BLOCKED,BLOCKED_NOT_RUN_OR_THERMAL_INTENSITY_NOT_CONTROLLED,UNKNOWN,20260903-010534-redshadow-updated-checklist,artifacts/real-world/20260903-010534-redshadow-updated-checklist/stress,Only short smoke plus prior bounded soak were safe and available.
CHK-303,Phase 14 — Stress Testing,CPU-overhead drift,BLOCKED,BLOCKED_NOT_RUN_OR_THERMAL_INTENSITY_NOT_CONTROLLED,UNKNOWN,20260903-010534-redshadow-updated-checklist,artifacts/real-world/20260903-010534-redshadow-updated-checklist/stress,Only short smoke plus prior bounded soak were safe and available.
CHK-304,Phase 14 — Stress Testing,Q degradation,BLOCKED,BLOCKED_NOT_RUN_OR_THERMAL_INTENSITY_NOT_CONTROLLED,UNKNOWN,20260903-010534-redshadow-updated-checklist,artifacts/real-world/20260903-010534-redshadow-updated-checklist/stress,Only short smoke plus prior bounded soak were safe and available.
CHK-305,Phase 14 — Stress Testing,Predictor degradation,BLOCKED,BLOCKED_NOT_RUN_OR_THERMAL_INTENSITY_NOT_CONTROLLED,UNKNOWN,20260903-010534-redshadow-updated-checklist,artifacts/real-world/20260903-010534-redshadow-updated-checklist/stress,Only short smoke plus prior bounded soak were safe and available.
CHK-306,Phase 14 — Stress Testing,Controller drift,BLOCKED,BLOCKED_NOT_RUN_OR_THERMAL_INTENSITY_NOT_CONTROLLED,UNKNOWN,20260903-010534-redshadow-updated-checklist,artifacts/real-world/20260903-010534-redshadow-updated-checklist/stress,Only short smoke plus prior bounded soak were safe and available.
CHK-307,Phase 14 — Stress Testing,scheduler instability,BLOCKED,BLOCKED_NOT_RUN_OR_THERMAL_INTENSITY_NOT_CONTROLLED,UNKNOWN,20260903-010534-redshadow-updated-checklist,artifacts/real-world/20260903-010534-redshadow-updated-checklist/stress,Only short smoke plus prior bounded soak were safe and available.
CHK-308,Phase 14 — Stress Testing,log-buffer exhaustion,BLOCKED,BLOCKED_NOT_RUN_OR_THERMAL_INTENSITY_NOT_CONTROLLED,UNKNOWN,20260903-010534-redshadow-updated-checklist,artifacts/real-world/20260903-010534-redshadow-updated-checklist/stress,Only short smoke plus prior bounded soak were safe and available.
CHK-309,Phase 14 — Stress Testing,resource exhaustion,BLOCKED,BLOCKED_NOT_RUN_OR_THERMAL_INTENSITY_NOT_CONTROLLED,UNKNOWN,20260903-010534-redshadow-updated-checklist,artifacts/real-world/20260903-010534-redshadow-updated-checklist/stress,Only short smoke plus prior bounded soak were safe and available.
CHK-310,Phase 15 — Thundering-Herd / Synchronization,Create many eligible processes with similar observed state,BLOCKED,BLOCKED_NO_APPROVED_HERD_OR_ABLATION_HARNESS,UNKNOWN,20260903-010534-redshadow-updated-checklist,artifacts/real-world/20260903-010534-redshadow-updated-checklist/coordination,Mandatory diagnostic requires synchronized population controls not exposed by existing tools.
CHK-311,Phase 15 — Thundering-Herd / Synchronization,Induce common threshold crossing,BLOCKED,BLOCKED_NO_APPROVED_HERD_OR_ABLATION_HARNESS,UNKNOWN,20260903-010534-redshadow-updated-checklist,artifacts/real-world/20260903-010534-redshadow-updated-checklist/coordination,Mandatory diagnostic requires synchronized population controls not exposed by existing tools.
CHK-312,Phase 15 — Thundering-Herd / Synchronization,Induce common CPU-load change,BLOCKED,BLOCKED_NO_APPROVED_HERD_OR_ABLATION_HARNESS,UNKNOWN,20260903-010534-redshadow-updated-checklist,artifacts/real-world/20260903-010534-redshadow-updated-checklist/coordination,Mandatory diagnostic requires synchronized population controls not exposed by existing tools.
CHK-313,Phase 15 — Thundering-Herd / Synchronization,Induce common predicted-state transition,BLOCKED,BLOCKED_NO_APPROVED_HERD_OR_ABLATION_HARNESS,UNKNOWN,20260903-010534-redshadow-updated-checklist,artifacts/real-world/20260903-010534-redshadow-updated-checklist/coordination,Mandatory diagnostic requires synchronized population controls not exposed by existing tools.
CHK-314,Phase 15 — Thundering-Herd / Synchronization,Induce common directive,BLOCKED,BLOCKED_NO_APPROVED_HERD_OR_ABLATION_HARNESS,UNKNOWN,20260903-010534-redshadow-updated-checklist,artifacts/real-world/20260903-010534-redshadow-updated-checklist/coordination,Mandatory diagnostic requires synchronized population controls not exposed by existing tools.
CHK-315,Phase 15 — Thundering-Herd / Synchronization,Measure simultaneous action changes,BLOCKED,BLOCKED_NO_APPROVED_HERD_OR_ABLATION_HARNESS,UNKNOWN,20260903-010534-redshadow-updated-checklist,artifacts/real-world/20260903-010534-redshadow-updated-checklist/coordination,Mandatory diagnostic requires synchronized population controls not exposed by existing tools.
CHK-316,Phase 15 — Thundering-Herd / Synchronization,Measure migration bursts,BLOCKED,BLOCKED_NO_APPROVED_HERD_OR_ABLATION_HARNESS,UNKNOWN,20260903-010534-redshadow-updated-checklist,artifacts/real-world/20260903-010534-redshadow-updated-checklist/coordination,Mandatory diagnostic requires synchronized population controls not exposed by existing tools.
CHK-317,Phase 15 — Thundering-Herd / Synchronization,Measure wake-up bursts,BLOCKED,BLOCKED_NO_APPROVED_HERD_OR_ABLATION_HARNESS,UNKNOWN,20260903-010534-redshadow-updated-checklist,artifacts/real-world/20260903-010534-redshadow-updated-checklist/coordination,Mandatory diagnostic requires synchronized population controls not exposed by existing tools.
CHK-318,Phase 15 — Thundering-Herd / Synchronization,Measure CPU-utilization oscillation,BLOCKED,BLOCKED_NO_APPROVED_HERD_OR_ABLATION_HARNESS,UNKNOWN,20260903-010534-redshadow-updated-checklist,artifacts/real-world/20260903-010534-redshadow-updated-checklist/coordination,Mandatory diagnostic requires synchronized population controls not exposed by existing tools.
CHK-319,Phase 15 — Thundering-Herd / Synchronization,Measure queue oscillation,BLOCKED,BLOCKED_NO_APPROVED_HERD_OR_ABLATION_HARNESS,UNKNOWN,20260903-010534-redshadow-updated-checklist,artifacts/real-world/20260903-010534-redshadow-updated-checklist/coordination,Mandatory diagnostic requires synchronized population controls not exposed by existing tools.
CHK-320,Phase 15 — Thundering-Herd / Synchronization,Measure S3,BLOCKED,BLOCKED_NO_APPROVED_HERD_OR_ABLATION_HARNESS,UNKNOWN,20260903-010534-redshadow-updated-checklist,artifacts/real-world/20260903-010534-redshadow-updated-checklist/coordination,Mandatory diagnostic requires synchronized population controls not exposed by existing tools.
CHK-321,Phase 15 — Thundering-Herd / Synchronization,Measure S4,BLOCKED,BLOCKED_NO_APPROVED_HERD_OR_ABLATION_HARNESS,UNKNOWN,20260903-010534-redshadow-updated-checklist,artifacts/real-world/20260903-010534-redshadow-updated-checklist/coordination,Mandatory diagnostic requires synchronized population controls not exposed by existing tools.
CHK-322,Phase 15 — Thundering-Herd / Synchronization,Measure Q,BLOCKED,BLOCKED_NO_APPROVED_HERD_OR_ABLATION_HARNESS,UNKNOWN,20260903-010534-redshadow-updated-checklist,artifacts/real-world/20260903-010534-redshadow-updated-checklist/coordination,Mandatory diagnostic requires synchronized population controls not exposed by existing tools.
CHK-323,Phase 15 — Thundering-Herd / Synchronization,Measure recovery time,BLOCKED,BLOCKED_NO_APPROVED_HERD_OR_ABLATION_HARNESS,UNKNOWN,20260903-010534-redshadow-updated-checklist,artifacts/real-world/20260903-010534-redshadow-updated-checklist/coordination,Mandatory diagnostic requires synchronized population controls not exposed by existing tools.
CHK-324,Phase 15 — Thundering-Herd / Synchronization,Compare Linux baseline vs ORCHESTRA without anti-synchronization vs final ORCHESTRA,BLOCKED,BLOCKED_NO_APPROVED_HERD_OR_ABLATION_HARNESS,UNKNOWN,20260903-010534-redshadow-updated-checklist,artifacts/real-world/20260903-010534-redshadow-updated-checklist/coordination,Mandatory diagnostic requires synchronized population controls not exposed by existing tools.
CHK-325,Phase 16 — Fairness & Starvation,Measure CPU share per process,INCONCLUSIVE,INCONCLUSIVE_NO_PER_TASK_FAIRNESS_PROTOCOL,INCONCLUSIVE,20260903-010534-redshadow-updated-checklist,artifacts/real-world/20260903-010534-redshadow-updated-checklist/workload,Throughput/elapsed time does not establish fairness or starvation.
CHK-326,Phase 16 — Fairness & Starvation,Measure CPU-share variance,INCONCLUSIVE,INCONCLUSIVE_NO_PER_TASK_FAIRNESS_PROTOCOL,INCONCLUSIVE,20260903-010534-redshadow-updated-checklist,artifacts/real-world/20260903-010534-redshadow-updated-checklist/workload,Throughput/elapsed time does not establish fairness or starvation.
CHK-327,Phase 16 — Fairness & Starvation,Calculate fairness metric if adopted,INCONCLUSIVE,INCONCLUSIVE_NO_PER_TASK_FAIRNESS_PROTOCOL,INCONCLUSIVE,20260903-010534-redshadow-updated-checklist,artifacts/real-world/20260903-010534-redshadow-updated-checklist/workload,Throughput/elapsed time does not establish fairness or starvation.
CHK-328,Phase 16 — Fairness & Starvation,Measure waiting time,INCONCLUSIVE,INCONCLUSIVE_NO_PER_TASK_FAIRNESS_PROTOCOL,INCONCLUSIVE,20260903-010534-redshadow-updated-checklist,artifacts/real-world/20260903-010534-redshadow-updated-checklist/workload,Throughput/elapsed time does not establish fairness or starvation.
CHK-329,Phase 16 — Fairness & Starvation,Measure response time,INCONCLUSIVE,INCONCLUSIVE_NO_PER_TASK_FAIRNESS_PROTOCOL,INCONCLUSIVE,20260903-010534-redshadow-updated-checklist,artifacts/real-world/20260903-010534-redshadow-updated-checklist/workload,Throughput/elapsed time does not establish fairness or starvation.
CHK-330,Phase 16 — Fairness & Starvation,Measure completion time,PASS,EVIDENCE_COLLECTED,EXPERIMENTALLY_VALIDATED,20260903-010534-redshadow-updated-checklist,artifacts/real-world/20260903-010534-redshadow-updated-checklist/workload,Completion/elapsed times were recorded in comparison CSVs.
CHK-331,Phase 16 — Fairness & Starvation,Detect starvation,INCONCLUSIVE,INCONCLUSIVE_NO_PER_TASK_FAIRNESS_PROTOCOL,INCONCLUSIVE,20260903-010534-redshadow-updated-checklist,artifacts/real-world/20260903-010534-redshadow-updated-checklist/workload,Throughput/elapsed time does not establish fairness or starvation.
CHK-332,Phase 16 — Fairness & Starvation,Test long-running task fairness,INCONCLUSIVE,INCONCLUSIVE_NO_PER_TASK_FAIRNESS_PROTOCOL,INCONCLUSIVE,20260903-010534-redshadow-updated-checklist,artifacts/real-world/20260903-010534-redshadow-updated-checklist/workload,Throughput/elapsed time does not establish fairness or starvation.
CHK-333,Phase 16 — Fairness & Starvation,Test short-task responsiveness,INCONCLUSIVE,INCONCLUSIVE_NO_PER_TASK_FAIRNESS_PROTOCOL,INCONCLUSIVE,20260903-010534-redshadow-updated-checklist,artifacts/real-world/20260903-010534-redshadow-updated-checklist/workload,Throughput/elapsed time does not establish fairness or starvation.
CHK-334,Phase 16 — Fairness & Starvation,Test interactive responsiveness,INCONCLUSIVE,INCONCLUSIVE_NO_PER_TASK_FAIRNESS_PROTOCOL,INCONCLUSIVE,20260903-010534-redshadow-updated-checklist,artifacts/real-world/20260903-010534-redshadow-updated-checklist/workload,Throughput/elapsed time does not establish fairness or starvation.
CHK-335,Phase 16 — Fairness & Starvation,Test I/O-bound fairness,INCONCLUSIVE,INCONCLUSIVE_NO_PER_TASK_FAIRNESS_PROTOCOL,INCONCLUSIVE,20260903-010534-redshadow-updated-checklist,artifacts/real-world/20260903-010534-redshadow-updated-checklist/workload,Throughput/elapsed time does not establish fairness or starvation.
CHK-336,Phase 16 — Fairness & Starvation,Test CPU-bound fairness,INCONCLUSIVE,INCONCLUSIVE_NO_PER_TASK_FAIRNESS_PROTOCOL,INCONCLUSIVE,20260903-010534-redshadow-updated-checklist,artifacts/real-world/20260903-010534-redshadow-updated-checklist/workload,Throughput/elapsed time does not establish fairness or starvation.
CHK-337,Phase 17 — Migration,Single migration,PASS,EVIDENCE_COLLECTED,EXPERIMENTALLY_VALIDATED,20260903-010534-redshadow-updated-checklist,artifacts/real-world/20260903-010534-redshadow-updated-checklist/sched_ext,Exact target/action counters and cross-core placement were observed.
CHK-338,Phase 17 — Migration,Repeated migration,PASS,EVIDENCE_COLLECTED,EXPERIMENTALLY_VALIDATED,20260903-010534-redshadow-updated-checklist,artifacts/real-world/20260903-010534-redshadow-updated-checklist/sched_ext,Exact target/action counters and cross-core placement were observed.
CHK-339,Phase 17 — Migration,Multiple-process migration,PASS,EVIDENCE_COLLECTED,EXPERIMENTALLY_VALIDATED,20260903-010534-redshadow-updated-checklist,artifacts/real-world/20260903-010534-redshadow-updated-checklist/sched_ext,Exact target/action counters and cross-core placement were observed.
CHK-340,Phase 17 — Migration,Cross-core migration,PASS,EVIDENCE_COLLECTED,EXPERIMENTALLY_VALIDATED,20260903-010534-redshadow-updated-checklist,artifacts/real-world/20260903-010534-redshadow-updated-checklist/sched_ext,Exact target/action counters and cross-core placement were observed.
CHK-341,Phase 17 — Migration,Cross-socket migration,BLOCKED,BLOCKED_SINGLE_SOCKET_OR_MISSING_PRESSURE_PROTOCOL,UNKNOWN,20260903-010534-redshadow-updated-checklist,artifacts/real-world/20260903-010534-redshadow-updated-checklist/sched_ext,Cross-socket/NUMA and pressure-specific migration tests are unavailable on this host/toolset.
CHK-342,Phase 17 — Migration,NUMA migration,BLOCKED,BLOCKED_SINGLE_SOCKET_OR_MISSING_PRESSURE_PROTOCOL,UNKNOWN,20260903-010534-redshadow-updated-checklist,artifacts/real-world/20260903-010534-redshadow-updated-checklist/sched_ext,Cross-socket/NUMA and pressure-specific migration tests are unavailable on this host/toolset.
CHK-343,Phase 17 — Migration,Migration under CPU saturation,BLOCKED,BLOCKED_SINGLE_SOCKET_OR_MISSING_PRESSURE_PROTOCOL,UNKNOWN,20260903-010534-redshadow-updated-checklist,artifacts/real-world/20260903-010534-redshadow-updated-checklist/sched_ext,Cross-socket/NUMA and pressure-specific migration tests are unavailable on this host/toolset.
CHK-344,Phase 17 — Migration,Migration under memory pressure,BLOCKED,BLOCKED_SINGLE_SOCKET_OR_MISSING_PRESSURE_PROTOCOL,UNKNOWN,20260903-010534-redshadow-updated-checklist,artifacts/real-world/20260903-010534-redshadow-updated-checklist/sched_ext,Cross-socket/NUMA and pressure-specific migration tests are unavailable on this host/toolset.
CHK-345,Phase 17 — Migration,Migration under thermal pressure,BLOCKED,BLOCKED_SINGLE_SOCKET_OR_MISSING_PRESSURE_PROTOCOL,UNKNOWN,20260903-010534-redshadow-updated-checklist,artifacts/real-world/20260903-010534-redshadow-updated-checklist/sched_ext,Cross-socket/NUMA and pressure-specific migration tests are unavailable on this host/toolset.
CHK-346,Phase 17 — Migration,Detect migration oscillation,BLOCKED,BLOCKED_SINGLE_SOCKET_OR_MISSING_PRESSURE_PROTOCOL,UNKNOWN,20260903-010534-redshadow-updated-checklist,artifacts/real-world/20260903-010534-redshadow-updated-checklist/sched_ext,Cross-socket/NUMA and pressure-specific migration tests are unavailable on this host/toolset.
CHK-347,Phase 17 — Migration,Measure migration overhead,BLOCKED,BLOCKED_SINGLE_SOCKET_OR_MISSING_PRESSURE_PROTOCOL,UNKNOWN,20260903-010534-redshadow-updated-checklist,artifacts/real-world/20260903-010534-redshadow-updated-checklist/sched_ext,Cross-socket/NUMA and pressure-specific migration tests are unavailable on this host/toolset.
CHK-348,Phase 17 — Migration,Measure cache impact,BLOCKED,BLOCKED_SINGLE_SOCKET_OR_MISSING_PRESSURE_PROTOCOL,UNKNOWN,20260903-010534-redshadow-updated-checklist,artifacts/real-world/20260903-010534-redshadow-updated-checklist/sched_ext,Cross-socket/NUMA and pressure-specific migration tests are unavailable on this host/toolset.
CHK-349,Phase 17 — Migration,Measure NUMA locality impact,BLOCKED,BLOCKED_SINGLE_SOCKET_OR_MISSING_PRESSURE_PROTOCOL,UNKNOWN,20260903-010534-redshadow-updated-checklist,artifacts/real-world/20260903-010534-redshadow-updated-checklist/sched_ext,Cross-socket/NUMA and pressure-specific migration tests are unavailable on this host/toolset.
CHK-350,Phase 18 — Failure & Recovery,Signal producer failure,BLOCKED,BLOCKED_NO_SAFE_FAULT_INJECTION_OR_MISSING_PREDICTOR,UNKNOWN,20260903-010534-redshadow-updated-checklist,artifacts/real-world/20260903-010534-redshadow-updated-checklist/recovery,No safe injector or kernel predictor fault path was available.
CHK-351,Phase 18 — Failure & Recovery,Signal consumer failure,BLOCKED,BLOCKED_NO_SAFE_FAULT_INJECTION_OR_MISSING_PREDICTOR,UNKNOWN,20260903-010534-redshadow-updated-checklist,artifacts/real-world/20260903-010534-redshadow-updated-checklist/recovery,No safe injector or kernel predictor fault path was available.
CHK-352,Phase 18 — Failure & Recovery,Signal corruption,BLOCKED,BLOCKED_NO_SAFE_FAULT_INJECTION_OR_MISSING_PREDICTOR,UNKNOWN,20260903-010534-redshadow-updated-checklist,artifacts/real-world/20260903-010534-redshadow-updated-checklist/recovery,No safe injector or kernel predictor fault path was available.
CHK-353,Phase 18 — Failure & Recovery,Signal delay,BLOCKED,BLOCKED_NO_SAFE_FAULT_INJECTION_OR_MISSING_PREDICTOR,UNKNOWN,20260903-010534-redshadow-updated-checklist,artifacts/real-world/20260903-010534-redshadow-updated-checklist/recovery,No safe injector or kernel predictor fault path was available.
CHK-354,Phase 18 — Failure & Recovery,Signal loss,BLOCKED,BLOCKED_NO_SAFE_FAULT_INJECTION_OR_MISSING_PREDICTOR,UNKNOWN,20260903-010534-redshadow-updated-checklist,artifacts/real-world/20260903-010534-redshadow-updated-checklist/recovery,No safe injector or kernel predictor fault path was available.
CHK-355,Phase 18 — Failure & Recovery,Signal recovery,PASS,EVIDENCE_COLLECTED,KERNEL_PROTOTYPED,20260903-010534-redshadow-updated-checklist,artifacts/real-world/20260903-010534-redshadow-updated-checklist/recovery,Signal/policy lifecycle evidence is bounded.
CHK-356,Phase 18 — Failure & Recovery,Predictor unavailable,BLOCKED,BLOCKED_NO_SAFE_FAULT_INJECTION_OR_MISSING_PREDICTOR,UNKNOWN,20260903-010534-redshadow-updated-checklist,artifacts/real-world/20260903-010534-redshadow-updated-checklist/recovery,No safe injector or kernel predictor fault path was available.
CHK-357,Phase 18 — Failure & Recovery,Predictor invalid output,BLOCKED,BLOCKED_NO_SAFE_FAULT_INJECTION_OR_MISSING_PREDICTOR,UNKNOWN,20260903-010534-redshadow-updated-checklist,artifacts/real-world/20260903-010534-redshadow-updated-checklist/recovery,No safe injector or kernel predictor fault path was available.
CHK-358,Phase 18 — Failure & Recovery,Predictor timeout,BLOCKED,BLOCKED_NO_SAFE_FAULT_INJECTION_OR_MISSING_PREDICTOR,UNKNOWN,20260903-010534-redshadow-updated-checklist,artifacts/real-world/20260903-010534-redshadow-updated-checklist/recovery,No safe injector or kernel predictor fault path was available.
CHK-359,Phase 18 — Failure & Recovery,Prediction-confidence collapse,BLOCKED,BLOCKED_NO_SAFE_FAULT_INJECTION_OR_MISSING_PREDICTOR,UNKNOWN,20260903-010534-redshadow-updated-checklist,artifacts/real-world/20260903-010534-redshadow-updated-checklist/recovery,No safe injector or kernel predictor fault path was available.
CHK-360,Phase 18 — Failure & Recovery,Fallback to observed state,PASS,EVIDENCE_COLLECTED,KERNEL_PROTOTYPED,20260903-010534-redshadow-updated-checklist,artifacts/real-world/20260903-010534-redshadow-updated-checklist/recovery,Bounded fallback/lifecycle and normal process lifecycle evidence.
CHK-361,Phase 18 — Failure & Recovery,Predictor recovery,BLOCKED,BLOCKED_NO_SAFE_FAULT_INJECTION_OR_MISSING_PREDICTOR,UNKNOWN,20260903-010534-redshadow-updated-checklist,artifacts/real-world/20260903-010534-redshadow-updated-checklist/recovery,No safe injector or kernel predictor fault path was available.
CHK-362,Phase 18 — Failure & Recovery,Policy unavailable,BLOCKED,BLOCKED_NO_SAFE_FAULT_INJECTION_OR_MISSING_PREDICTOR,UNKNOWN,20260903-010534-redshadow-updated-checklist,artifacts/real-world/20260903-010534-redshadow-updated-checklist/recovery,No safe injector or kernel predictor fault path was available.
CHK-363,Phase 18 — Failure & Recovery,Invalid policy,BLOCKED,BLOCKED_NO_SAFE_FAULT_INJECTION_OR_MISSING_PREDICTOR,UNKNOWN,20260903-010534-redshadow-updated-checklist,artifacts/real-world/20260903-010534-redshadow-updated-checklist/recovery,No safe injector or kernel predictor fault path was available.
CHK-364,Phase 18 — Failure & Recovery,Policy reset,PASS,EVIDENCE_COLLECTED,KERNEL_PROTOTYPED,20260903-010534-redshadow-updated-checklist,artifacts/real-world/20260903-010534-redshadow-updated-checklist/recovery,Signal/policy lifecycle evidence is bounded.
CHK-365,Phase 18 — Failure & Recovery,Policy suspension,PASS,EVIDENCE_COLLECTED,KERNEL_PROTOTYPED,20260903-010534-redshadow-updated-checklist,artifacts/real-world/20260903-010534-redshadow-updated-checklist/recovery,Signal/policy lifecycle evidence is bounded.
CHK-366,Phase 18 — Failure & Recovery,Fallback scheduling,PASS,EVIDENCE_COLLECTED,KERNEL_PROTOTYPED,20260903-010534-redshadow-updated-checklist,artifacts/real-world/20260903-010534-redshadow-updated-checklist/recovery,Signal/policy lifecycle evidence is bounded.
CHK-367,Phase 18 — Failure & Recovery,Controller disabled,PASS,EVIDENCE_COLLECTED,KERNEL_PROTOTYPED,20260903-010534-redshadow-updated-checklist,artifacts/real-world/20260903-010534-redshadow-updated-checklist/recovery,Signal/policy lifecycle evidence is bounded.
CHK-368,Phase 18 — Failure & Recovery,Controller saturation,BLOCKED,BLOCKED_NO_SAFE_FAULT_INJECTION_OR_MISSING_PREDICTOR,UNKNOWN,20260903-010534-redshadow-updated-checklist,artifacts/real-world/20260903-010534-redshadow-updated-checklist/recovery,No safe injector or kernel predictor fault path was available.
CHK-369,Phase 18 — Failure & Recovery,Invalid parameter update,BLOCKED,BLOCKED_NO_SAFE_FAULT_INJECTION_OR_MISSING_PREDICTOR,UNKNOWN,20260903-010534-redshadow-updated-checklist,artifacts/real-world/20260903-010534-redshadow-updated-checklist/recovery,No safe injector or kernel predictor fault path was available.
CHK-370,Phase 18 — Failure & Recovery,Parameter oscillation,BLOCKED,BLOCKED_NO_SAFE_FAULT_INJECTION_OR_MISSING_PREDICTOR,UNKNOWN,20260903-010534-redshadow-updated-checklist,artifacts/real-world/20260903-010534-redshadow-updated-checklist/recovery,No safe injector or kernel predictor fault path was available.
CHK-371,Phase 18 — Failure & Recovery,Controller restart,BLOCKED,BLOCKED_NO_SAFE_FAULT_INJECTION_OR_MISSING_PREDICTOR,UNKNOWN,20260903-010534-redshadow-updated-checklist,artifacts/real-world/20260903-010534-redshadow-updated-checklist/recovery,No safe injector or kernel predictor fault path was available.
CHK-372,Phase 18 — Failure & Recovery,Controller recovery,BLOCKED,BLOCKED_NO_SAFE_FAULT_INJECTION_OR_MISSING_PREDICTOR,UNKNOWN,20260903-010534-redshadow-updated-checklist,artifacts/real-world/20260903-010534-redshadow-updated-checklist/recovery,No safe injector or kernel predictor fault path was available.
CHK-373,Phase 18 — Failure & Recovery,CPU offline/online where supported,BLOCKED,BLOCKED_NO_SAFE_FAULT_INJECTION_OR_MISSING_PREDICTOR,UNKNOWN,20260903-010534-redshadow-updated-checklist,artifacts/real-world/20260903-010534-redshadow-updated-checklist/recovery,No safe injector or kernel predictor fault path was available.
CHK-374,Phase 18 — Failure & Recovery,Process termination during scheduling,PASS,EVIDENCE_COLLECTED,KERNEL_PROTOTYPED,20260903-010534-redshadow-updated-checklist,artifacts/real-world/20260903-010534-redshadow-updated-checklist/recovery,Bounded fallback/lifecycle and normal process lifecycle evidence.
CHK-375,Phase 18 — Failure & Recovery,Process creation during load,PASS,EVIDENCE_COLLECTED,KERNEL_PROTOTYPED,20260903-010534-redshadow-updated-checklist,artifacts/real-world/20260903-010534-redshadow-updated-checklist/recovery,Bounded fallback/lifecycle and normal process lifecycle evidence.
CHK-376,Phase 18 — Failure & Recovery,CPU hotplug where supported,BLOCKED,BLOCKED_NO_SAFE_FAULT_INJECTION_OR_MISSING_PREDICTOR,UNKNOWN,20260903-010534-redshadow-updated-checklist,artifacts/real-world/20260903-010534-redshadow-updated-checklist/recovery,No safe injector or kernel predictor fault path was available.
CHK-377,Phase 18 — Failure & Recovery,Memory pressure,BLOCKED,BLOCKED_NO_SAFE_FAULT_INJECTION_OR_MISSING_PREDICTOR,UNKNOWN,20260903-010534-redshadow-updated-checklist,artifacts/real-world/20260903-010534-redshadow-updated-checklist/recovery,No safe injector or kernel predictor fault path was available.
CHK-378,Phase 18 — Failure & Recovery,Safe scheduler recovery,PASS,EVIDENCE_COLLECTED,KERNEL_PROTOTYPED,20260903-010534-redshadow-updated-checklist,artifacts/real-world/20260903-010534-redshadow-updated-checklist/recovery,Bounded fallback/lifecycle and normal process lifecycle evidence.
CHK-379,Phase 19 — Security / Integrity,Tamper signal,INCONCLUSIVE,INCONCLUSIVE_KERNEL_CRYPTO_NOT_IMPLEMENTED,INCONCLUSIVE,20260903-010534-redshadow-updated-checklist,artifacts/real-world/20260903-010534-redshadow-updated-checklist/security,Local-trust validation and CLI checks exist; cryptographic tamper/authentication is not implemented.
CHK-380,Phase 19 — Security / Integrity,Modify CPU value,INCONCLUSIVE,INCONCLUSIVE_KERNEL_CRYPTO_NOT_IMPLEMENTED,INCONCLUSIVE,20260903-010534-redshadow-updated-checklist,artifacts/real-world/20260903-010534-redshadow-updated-checklist/security,Local-trust validation and CLI checks exist; cryptographic tamper/authentication is not implemented.
CHK-381,Phase 19 — Security / Integrity,Modify memory value,INCONCLUSIVE,INCONCLUSIVE_KERNEL_CRYPTO_NOT_IMPLEMENTED,INCONCLUSIVE,20260903-010534-redshadow-updated-checklist,artifacts/real-world/20260903-010534-redshadow-updated-checklist/security,Local-trust validation and CLI checks exist; cryptographic tamper/authentication is not implemented.
CHK-382,Phase 19 — Security / Integrity,Modify thermal value,INCONCLUSIVE,INCONCLUSIVE_KERNEL_CRYPTO_NOT_IMPLEMENTED,INCONCLUSIVE,20260903-010534-redshadow-updated-checklist,artifacts/real-world/20260903-010534-redshadow-updated-checklist/security,Local-trust validation and CLI checks exist; cryptographic tamper/authentication is not implemented.
CHK-383,Phase 19 — Security / Integrity,Modify prediction,INCONCLUSIVE,INCONCLUSIVE_KERNEL_CRYPTO_NOT_IMPLEMENTED,INCONCLUSIVE,20260903-010534-redshadow-updated-checklist,artifacts/real-world/20260903-010534-redshadow-updated-checklist/security,Local-trust validation and CLI checks exist; cryptographic tamper/authentication is not implemented.
CHK-384,Phase 19 — Security / Integrity,Modify directive,INCONCLUSIVE,INCONCLUSIVE_KERNEL_CRYPTO_NOT_IMPLEMENTED,INCONCLUSIVE,20260903-010534-redshadow-updated-checklist,artifacts/real-world/20260903-010534-redshadow-updated-checklist/security,Local-trust validation and CLI checks exist; cryptographic tamper/authentication is not implemented.
CHK-385,Phase 19 — Security / Integrity,Modify timestamp,INCONCLUSIVE,INCONCLUSIVE_KERNEL_CRYPTO_NOT_IMPLEMENTED,INCONCLUSIVE,20260903-010534-redshadow-updated-checklist,artifacts/real-world/20260903-010534-redshadow-updated-checklist/security,Local-trust validation and CLI checks exist; cryptographic tamper/authentication is not implemented.
CHK-386,Phase 19 — Security / Integrity,Modify sequence number,INCONCLUSIVE,INCONCLUSIVE_KERNEL_CRYPTO_NOT_IMPLEMENTED,INCONCLUSIVE,20260903-010534-redshadow-updated-checklist,artifacts/real-world/20260903-010534-redshadow-updated-checklist/security,Local-trust validation and CLI checks exist; cryptographic tamper/authentication is not implemented.
CHK-387,Phase 19 — Security / Integrity,Replay old signal,PASS,EVIDENCE_COLLECTED,KERNEL_PROTOTYPED,20260903-010534-redshadow-updated-checklist,artifacts/real-world/20260903-010534-redshadow-updated-checklist/security,Sequence/freshness/replay rejection probes.
CHK-388,Phase 19 — Security / Integrity,Duplicate signal,PASS,EVIDENCE_COLLECTED,KERNEL_PROTOTYPED,20260903-010534-redshadow-updated-checklist,artifacts/real-world/20260903-010534-redshadow-updated-checklist/security,Sequence/freshness/replay rejection probes.
CHK-389,Phase 19 — Security / Integrity,Out-of-order signal,PASS,EVIDENCE_COLLECTED,KERNEL_PROTOTYPED,20260903-010534-redshadow-updated-checklist,artifacts/real-world/20260903-010534-redshadow-updated-checklist/security,Sequence/freshness/replay rejection probes.
CHK-390,Phase 19 — Security / Integrity,Stale signal,PASS,EVIDENCE_COLLECTED,KERNEL_PROTOTYPED,20260903-010534-redshadow-updated-checklist,artifacts/real-world/20260903-010534-redshadow-updated-checklist/security,Sequence/freshness/replay rejection probes.
CHK-391,Phase 19 — Security / Integrity,Invalid authentication,INCONCLUSIVE,INCONCLUSIVE_KERNEL_CRYPTO_NOT_IMPLEMENTED,INCONCLUSIVE,20260903-010534-redshadow-updated-checklist,artifacts/real-world/20260903-010534-redshadow-updated-checklist/security,Local-trust validation and CLI checks exist; cryptographic tamper/authentication is not implemented.
CHK-392,Phase 19 — Security / Integrity,"For each invalid frame verify detection, rejection, no scheduler corruption, safe fallback, diagnostic event and recovery",INCONCLUSIVE,INCONCLUSIVE_KERNEL_CRYPTO_NOT_IMPLEMENTED,INCONCLUSIVE,20260903-010534-redshadow-updated-checklist,artifacts/real-world/20260903-010534-redshadow-updated-checklist/security,Local-trust validation and CLI checks exist; cryptographic tamper/authentication is not implemented.
CHK-393,Phase 20 — Multi-Core,Run core-1 test,PASS,EVIDENCE_COLLECTED,EXPERIMENTALLY_VALIDATED,20260903-010534-redshadow-updated-checklist,artifacts/real-world/20260903-010534-redshadow-updated-checklist/multicore,1/2/4 worker comparisons and 8-worker stress with exact-TID ownership.
CHK-394,Phase 20 — Multi-Core,Run core-2 test,PASS,EVIDENCE_COLLECTED,EXPERIMENTALLY_VALIDATED,20260903-010534-redshadow-updated-checklist,artifacts/real-world/20260903-010534-redshadow-updated-checklist/multicore,1/2/4 worker comparisons and 8-worker stress with exact-TID ownership.
CHK-395,Phase 20 — Multi-Core,Run core-4 test,PASS,EVIDENCE_COLLECTED,EXPERIMENTALLY_VALIDATED,20260903-010534-redshadow-updated-checklist,artifacts/real-world/20260903-010534-redshadow-updated-checklist/multicore,1/2/4 worker comparisons and 8-worker stress with exact-TID ownership.
CHK-396,Phase 20 — Multi-Core,Run core-8 test,PASS,EVIDENCE_COLLECTED,EXPERIMENTALLY_VALIDATED,20260903-010534-redshadow-updated-checklist,artifacts/real-world/20260903-010534-redshadow-updated-checklist/multicore,1/2/4 worker comparisons and 8-worker stress with exact-TID ownership.
CHK-397,Phase 20 — Multi-Core,Run core-16+ test if available,INCONCLUSIVE,INCONCLUSIVE_METRIC_SET_NOT_FULLY_OBSERVED,INCONCLUSIVE,20260903-010534-redshadow-updated-checklist,artifacts/real-world/20260903-010534-redshadow-updated-checklist/multicore,Ownership/elapsed/context-switch evidence exists; full latency/Q/cache set does not.
CHK-398,Phase 20 — Multi-Core,"For each configuration measure scheduling latency, Q, CPU utilization, migration rate, signal propagation latency, synchronization overhead, memory overhead and cache effects",INCONCLUSIVE,INCONCLUSIVE_METRIC_SET_NOT_FULLY_OBSERVED,INCONCLUSIVE,20260903-010534-redshadow-updated-checklist,artifacts/real-world/20260903-010534-redshadow-updated-checklist/multicore,Ownership/elapsed/context-switch evidence exists; full latency/Q/cache set does not.
CHK-399,Phase 21 — NUMA,Detect NUMA topology,PASS,EVIDENCE_COLLECTED,EXPERIMENTALLY_VALIDATED,20260903-010534-redshadow-updated-checklist,artifacts/real-world/20260903-010534-redshadow-updated-checklist/environment,Single NUMA-node topology and local workload evidence.
CHK-400,Phase 21 — NUMA,Verify node-local signals,BLOCKED,BLOCKED_SINGLE_NUMA_NODE,NOT_APPLICABLE,20260903-010534-redshadow-updated-checklist,artifacts/real-world/20260903-010534-redshadow-updated-checklist/numa,Host has one NUMA node.
CHK-401,Phase 21 — NUMA,Verify system-level signals,PASS,EVIDENCE_COLLECTED,EXPERIMENTALLY_VALIDATED,20260903-010534-redshadow-updated-checklist,artifacts/real-world/20260903-010534-redshadow-updated-checklist/environment,Single NUMA-node topology and local workload evidence.
CHK-402,Phase 21 — NUMA,Run local-memory workload,PASS,EVIDENCE_COLLECTED,EXPERIMENTALLY_VALIDATED,20260903-010534-redshadow-updated-checklist,artifacts/real-world/20260903-010534-redshadow-updated-checklist/environment,Single NUMA-node topology and local workload evidence.
CHK-403,Phase 21 — NUMA,Run remote-memory workload,BLOCKED,BLOCKED_SINGLE_NUMA_NODE,NOT_APPLICABLE,20260903-010534-redshadow-updated-checklist,artifacts/real-world/20260903-010534-redshadow-updated-checklist/numa,Host has one NUMA node.
CHK-404,Phase 21 — NUMA,Cross-node migration,BLOCKED,BLOCKED_SINGLE_NUMA_NODE,NOT_APPLICABLE,20260903-010534-redshadow-updated-checklist,artifacts/real-world/20260903-010534-redshadow-updated-checklist/numa,Host has one NUMA node.
CHK-405,Phase 21 — NUMA,Memory-locality-aware scheduling,BLOCKED,BLOCKED_SINGLE_NUMA_NODE,NOT_APPLICABLE,20260903-010534-redshadow-updated-checklist,artifacts/real-world/20260903-010534-redshadow-updated-checklist/numa,Host has one NUMA node.
CHK-406,Phase 21 — NUMA,Measure remote-memory access,BLOCKED,BLOCKED_SINGLE_NUMA_NODE,NOT_APPLICABLE,20260903-010534-redshadow-updated-checklist,artifacts/real-world/20260903-010534-redshadow-updated-checklist/numa,Host has one NUMA node.
CHK-407,Phase 21 — NUMA,Measure NUMA migration overhead,BLOCKED,BLOCKED_SINGLE_NUMA_NODE,NOT_APPLICABLE,20260903-010534-redshadow-updated-checklist,artifacts/real-world/20260903-010534-redshadow-updated-checklist/numa,Host has one NUMA node.
CHK-408,Phase 21 — NUMA,Measure coordination per NUMA domain,BLOCKED,BLOCKED_SINGLE_NUMA_NODE,NOT_APPLICABLE,20260903-010534-redshadow-updated-checklist,artifacts/real-world/20260903-010534-redshadow-updated-checklist/numa,Host has one NUMA node.
CHK-409,Phase 21 — NUMA,Measure global coordination,INCONCLUSIVE,INCONCLUSIVE_SINGLE_NODE_ONLY,INCONCLUSIVE,20260903-010534-redshadow-updated-checklist,artifacts/real-world/20260903-010534-redshadow-updated-checklist/coordination,No multi-node global-vs-local comparison is possible on this host.
CHK-410,Phase 22 — Scalability,Increase task count,PASS,EVIDENCE_COLLECTED,EXPERIMENTALLY_VALIDATED,20260903-010534-redshadow-updated-checklist,artifacts/real-world/20260903-010534-redshadow-updated-checklist/multicore,Bounded worker-count comparison 1/2/4/8.
CHK-411,Phase 22 — Scalability,Increase CPU count,PASS,EVIDENCE_COLLECTED,EXPERIMENTALLY_VALIDATED,20260903-010534-redshadow-updated-checklist,artifacts/real-world/20260903-010534-redshadow-updated-checklist/multicore,Bounded worker-count comparison 1/2/4/8.
CHK-412,Phase 22 — Scalability,Increase scheduling-domain size,PASS,EVIDENCE_COLLECTED,EXPERIMENTALLY_VALIDATED,20260903-010534-redshadow-updated-checklist,artifacts/real-world/20260903-010534-redshadow-updated-checklist/multicore,Bounded worker-count comparison 1/2/4/8.
CHK-413,Phase 22 — Scalability,Increase NUMA-node count if available,INCONCLUSIVE,INCONCLUSIVE_SCALABILITY_METRICS_LIMITED,INCONCLUSIVE,20260903-010534-redshadow-updated-checklist,artifacts/real-world/20260903-010534-redshadow-updated-checklist/multicore,Only bounded single-host worker scaling was collected.
CHK-414,Phase 22 — Scalability,Measure scheduling latency,INCONCLUSIVE,INCONCLUSIVE_SCALABILITY_METRICS_LIMITED,INCONCLUSIVE,20260903-010534-redshadow-updated-checklist,artifacts/real-world/20260903-010534-redshadow-updated-checklist/multicore,Only bounded single-host worker scaling was collected.
CHK-415,Phase 22 — Scalability,Signal latency,INCONCLUSIVE,INCONCLUSIVE_SCALABILITY_METRICS_LIMITED,INCONCLUSIVE,20260903-010534-redshadow-updated-checklist,artifacts/real-world/20260903-010534-redshadow-updated-checklist/multicore,Only bounded single-host worker scaling was collected.
CHK-416,Phase 22 — Scalability,Signal Bus overhead,INCONCLUSIVE,INCONCLUSIVE_SCALABILITY_METRICS_LIMITED,INCONCLUSIVE,20260903-010534-redshadow-updated-checklist,artifacts/real-world/20260903-010534-redshadow-updated-checklist/multicore,Only bounded single-host worker scaling was collected.
CHK-417,Phase 22 — Scalability,Coordination cost,INCONCLUSIVE,INCONCLUSIVE_SCALABILITY_METRICS_LIMITED,INCONCLUSIVE,20260903-010534-redshadow-updated-checklist,artifacts/real-world/20260903-010534-redshadow-updated-checklist/multicore,Only bounded single-host worker scaling was collected.
CHK-418,Phase 22 — Scalability,Controller cost,INCONCLUSIVE,INCONCLUSIVE_SCALABILITY_METRICS_LIMITED,INCONCLUSIVE,20260903-010534-redshadow-updated-checklist,artifacts/real-world/20260903-010534-redshadow-updated-checklist/multicore,Only bounded single-host worker scaling was collected.
CHK-419,Phase 22 — Scalability,Memory footprint,INCONCLUSIVE,INCONCLUSIVE_SCALABILITY_METRICS_LIMITED,INCONCLUSIVE,20260903-010534-redshadow-updated-checklist,artifacts/real-world/20260903-010534-redshadow-updated-checklist/multicore,Only bounded single-host worker scaling was collected.
CHK-420,Phase 22 — Scalability,CPU overhead,INCONCLUSIVE,INCONCLUSIVE_SCALABILITY_METRICS_LIMITED,INCONCLUSIVE,20260903-010534-redshadow-updated-checklist,artifacts/real-world/20260903-010534-redshadow-updated-checklist/multicore,Only bounded single-host worker scaling was collected.
CHK-421,Phase 22 — Scalability,Migration overhead,INCONCLUSIVE,INCONCLUSIVE_SCALABILITY_METRICS_LIMITED,INCONCLUSIVE,20260903-010534-redshadow-updated-checklist,artifacts/real-world/20260903-010534-redshadow-updated-checklist/multicore,Only bounded single-host worker scaling was collected.
CHK-422,Phase 22 — Scalability,Q,INCONCLUSIVE,INCONCLUSIVE_SCALABILITY_METRICS_LIMITED,INCONCLUSIVE,20260903-010534-redshadow-updated-checklist,artifacts/real-world/20260903-010534-redshadow-updated-checklist/multicore,Only bounded single-host worker scaling was collected.
CHK-423,Phase 22 — Scalability,throughput,INCONCLUSIVE,INCONCLUSIVE_SCALABILITY_METRICS_LIMITED,INCONCLUSIVE,20260903-010534-redshadow-updated-checklist,artifacts/real-world/20260903-010534-redshadow-updated-checklist/multicore,Only bounded single-host worker scaling was collected.
CHK-424,Phase 22 — Scalability,scalability limit,INCONCLUSIVE,INCONCLUSIVE_SCALABILITY_METRICS_LIMITED,INCONCLUSIVE,20260903-010534-redshadow-updated-checklist,artifacts/real-world/20260903-010534-redshadow-updated-checklist/multicore,Only bounded single-host worker scaling was collected.
CHK-425,Phase 23 — Baseline & Ablation,Linux scheduler baseline,PASS,EVIDENCE_COLLECTED,EXPERIMENTALLY_VALIDATED,20260903-010534-redshadow-updated-checklist,artifacts/real-world/20260903-010534-redshadow-updated-checklist/workload,Three identical CFS/ORCHESTRA repetitions; scx_simple unavailable.
CHK-426,Phase 23 — Baseline & Ablation,ORCHESTRA infrastructure with adaptive behavior disabled if available,BLOCKED,BLOCKED_NO_IMPLEMENTED_ABLATION_OR_MISSING_SCHEDULER,UNKNOWN,20260903-010534-redshadow-updated-checklist,artifacts/real-world/20260903-010534-redshadow-updated-checklist/workload,No safe existing ablation mode or scx_simple binary was available.
CHK-427,Phase 23 — Baseline & Ablation,Full ORCHESTRA,PASS,EVIDENCE_COLLECTED,EXPERIMENTALLY_VALIDATED,20260903-010534-redshadow-updated-checklist,artifacts/real-world/20260903-010534-redshadow-updated-checklist/workload,Three identical CFS/ORCHESTRA repetitions; scx_simple unavailable.
CHK-428,Phase 23 — Baseline & Ablation,Ablation: prediction OFF,BLOCKED,BLOCKED_NO_IMPLEMENTED_ABLATION_OR_MISSING_SCHEDULER,UNKNOWN,20260903-010534-redshadow-updated-checklist,artifacts/real-world/20260903-010534-redshadow-updated-checklist/workload,No safe existing ablation mode or scx_simple binary was available.
CHK-429,Phase 23 — Baseline & Ablation,Ablation: adaptation OFF,BLOCKED,BLOCKED_NO_IMPLEMENTED_ABLATION_OR_MISSING_SCHEDULER,UNKNOWN,20260903-010534-redshadow-updated-checklist,artifacts/real-world/20260903-010534-redshadow-updated-checklist/workload,No safe existing ablation mode or scx_simple binary was available.
CHK-430,Phase 23 — Baseline & Ablation,Ablation: feedback controller OFF,BLOCKED,BLOCKED_NO_IMPLEMENTED_ABLATION_OR_MISSING_SCHEDULER,UNKNOWN,20260903-010534-redshadow-updated-checklist,artifacts/real-world/20260903-010534-redshadow-updated-checklist/workload,No safe existing ablation mode or scx_simple binary was available.
CHK-431,Phase 23 — Baseline & Ablation,Ablation: anti-synchronization OFF,BLOCKED,BLOCKED_NO_IMPLEMENTED_ABLATION_OR_MISSING_SCHEDULER,UNKNOWN,20260903-010534-redshadow-updated-checklist,artifacts/real-world/20260903-010534-redshadow-updated-checklist/workload,No safe existing ablation mode or scx_simple binary was available.
CHK-432,Phase 23 — Baseline & Ablation,Ablation: consensus mechanism OFF,BLOCKED,BLOCKED_NO_IMPLEMENTED_ABLATION_OR_MISSING_SCHEDULER,UNKNOWN,20260903-010534-redshadow-updated-checklist,artifacts/real-world/20260903-010534-redshadow-updated-checklist/workload,No safe existing ablation mode or scx_simple binary was available.
CHK-433,Phase 23 — Baseline & Ablation,Ablation: monitoring OFF,BLOCKED,BLOCKED_NO_IMPLEMENTED_ABLATION_OR_MISSING_SCHEDULER,UNKNOWN,20260903-010534-redshadow-updated-checklist,artifacts/real-world/20260903-010534-redshadow-updated-checklist/workload,No safe existing ablation mode or scx_simple binary was available.
CHK-434,Phase 23 — Baseline & Ablation,Use identical hardware/workload/duration/parameters across comparable runs,PASS,EVIDENCE_COLLECTED,EXPERIMENTALLY_VALIDATED,20260903-010534-redshadow-updated-checklist,artifacts/real-world/20260903-010534-redshadow-updated-checklist/workload,Three identical CFS/ORCHESTRA repetitions; scx_simple unavailable.
CHK-435,Phase 24 — Statistical Validation,Repeat each major experiment,PASS,EVIDENCE_COLLECTED,EXPERIMENTALLY_VALIDATED,20260903-010534-redshadow-updated-checklist,artifacts/real-world/20260903-010534-redshadow-updated-checklist/workload,Three current repetitions plus prior statistical archive.
CHK-436,Phase 24 — Statistical Validation,Use controlled random seeds where applicable,N/A,NOT_APPLICABLE_NO_RANDOM_SEED,EXPLORATORY,20260903-010534-redshadow-updated-checklist,artifacts/real-world/20260903-010534-redshadow-updated-checklist/workload,No seed-bearing approved run.
CHK-437,Phase 24 — Statistical Validation,Record every run,PASS,EVIDENCE_COLLECTED,EXPERIMENTALLY_VALIDATED,20260903-010534-redshadow-updated-checklist,artifacts/real-world/20260903-010534-redshadow-updated-checklist/workload,Three current repetitions plus prior statistical archive.
CHK-438,Phase 24 — Statistical Validation,Calculate mean,PASS,EVIDENCE_COLLECTED,EXPERIMENTALLY_VALIDATED,20260903-010534-redshadow-updated-checklist,artifacts/real-world/20260903-010534-redshadow-updated-checklist/workload,Three current repetitions plus prior statistical archive.
CHK-439,Phase 24 — Statistical Validation,Median,PASS,EVIDENCE_COLLECTED,EXPERIMENTALLY_VALIDATED,20260903-010534-redshadow-updated-checklist,artifacts/real-world/20260903-010534-redshadow-updated-checklist/workload,Three current repetitions plus prior statistical archive.
CHK-440,Phase 24 — Statistical Validation,Standard deviation,PASS,EVIDENCE_COLLECTED,EXPERIMENTALLY_VALIDATED,20260903-010534-redshadow-updated-checklist,artifacts/real-world/20260903-010534-redshadow-updated-checklist/workload,Three current repetitions plus prior statistical archive.
CHK-441,Phase 24 — Statistical Validation,Minimum,PASS,EVIDENCE_COLLECTED,EXPERIMENTALLY_VALIDATED,20260903-010534-redshadow-updated-checklist,artifacts/real-world/20260903-010534-redshadow-updated-checklist/workload,Three current repetitions plus prior statistical archive.
CHK-442,Phase 24 — Statistical Validation,Maximum,PASS,EVIDENCE_COLLECTED,EXPERIMENTALLY_VALIDATED,20260903-010534-redshadow-updated-checklist,artifacts/real-world/20260903-010534-redshadow-updated-checklist/workload,Three current repetitions plus prior statistical archive.
CHK-443,Phase 24 — Statistical Validation,Confidence interval where appropriate,PASS,EVIDENCE_COLLECTED,EXPERIMENTALLY_VALIDATED,20260903-010534-redshadow-updated-checklist,artifacts/real-world/20260903-010534-redshadow-updated-checklist/workload,Three current repetitions plus prior statistical archive.
CHK-444,Phase 24 — Statistical Validation,Analyze outliers,PASS,EVIDENCE_COLLECTED,EXPERIMENTALLY_VALIDATED,20260903-010534-redshadow-updated-checklist,artifacts/real-world/20260903-010534-redshadow-updated-checklist/workload,Three current repetitions plus prior statistical archive.
CHK-445,Phase 24 — Statistical Validation,Compare distributions,PASS,EVIDENCE_COLLECTED,EXPERIMENTALLY_VALIDATED,20260903-010534-redshadow-updated-checklist,artifacts/real-world/20260903-010534-redshadow-updated-checklist/workload,Three current repetitions plus prior statistical archive.
CHK-446,Phase 24 — Statistical Validation,Report effect size where appropriate,PASS,EVIDENCE_COLLECTED,EXPERIMENTALLY_VALIDATED,20260903-010534-redshadow-updated-checklist,artifacts/real-world/20260903-010534-redshadow-updated-checklist/workload,Three current repetitions plus prior statistical archive.
CHK-447,Phase 24 — Statistical Validation,Report workload variability,PASS,EVIDENCE_COLLECTED,EXPERIMENTALLY_VALIDATED,20260903-010534-redshadow-updated-checklist,artifacts/real-world/20260903-010534-redshadow-updated-checklist/workload,Three current repetitions plus prior statistical archive.
CHK-448,Phase 24 — Statistical Validation,Perform multi-seed validation,BLOCKED,BLOCKED_NO_SEED_PARAMETER,UNKNOWN,20260903-010534-redshadow-updated-checklist,artifacts/real-world/20260903-010534-redshadow-updated-checklist/workload,Existing harness did not expose a controlled seed.
CHK-449,Phase 25 — Reproducibility,Archive hardware configuration,PASS,EVIDENCE_COLLECTED,EXPERIMENTALLY_VALIDATED,20260903-010534-redshadow-updated-checklist,artifacts/real-world/20260903-010534-redshadow-updated-checklist/raw,Campaign evidence and prior archive are retained with hashes/commands.
CHK-450,Phase 25 — Reproducibility,Archive kernel source/commit,PASS,EVIDENCE_COLLECTED,EXPERIMENTALLY_VALIDATED,20260903-010534-redshadow-updated-checklist,artifacts/real-world/20260903-010534-redshadow-updated-checklist/raw,Campaign evidence and prior archive are retained with hashes/commands.
CHK-451,Phase 25 — Reproducibility,Archive ORCHESTRA commit,PASS,EVIDENCE_COLLECTED,EXPERIMENTALLY_VALIDATED,20260903-010534-redshadow-updated-checklist,artifacts/real-world/20260903-010534-redshadow-updated-checklist/raw,Campaign evidence and prior archive are retained with hashes/commands.
CHK-452,Phase 25 — Reproducibility,Save kernel .config,BLOCKED,BLOCKED_MISSING_ARTIFACT_OR_TOOL,UNKNOWN,20260903-010534-redshadow-updated-checklist,artifacts/real-world/20260903-010534-redshadow-updated-checklist/raw,No complete kernel .config/trace schema/perf analysis bundle was produced.
CHK-453,Phase 25 — Reproducibility,Record compiler/toolchain,PASS,EVIDENCE_COLLECTED,EXPERIMENTALLY_VALIDATED,20260903-010534-redshadow-updated-checklist,artifacts/real-world/20260903-010534-redshadow-updated-checklist/raw,Campaign evidence and prior archive are retained with hashes/commands.
CHK-454,Phase 25 — Reproducibility,Archive workload source/version,BLOCKED,BLOCKED_NOT_RUN_IN_SCOPE,UNKNOWN,20260903-010534-redshadow-updated-checklist,artifacts/real-world/20260903-010534-redshadow-updated-checklist,"No safe, direct evidence was collected for this item in the current campaign."
CHK-455,Phase 25 — Reproducibility,Record benchmark version,BLOCKED,BLOCKED_MISSING_ARTIFACT_OR_TOOL,UNKNOWN,20260903-010534-redshadow-updated-checklist,artifacts/real-world/20260903-010534-redshadow-updated-checklist/raw,No complete kernel .config/trace schema/perf analysis bundle was produced.
CHK-456,Phase 25 — Reproducibility,Save parameters,PASS,EVIDENCE_COLLECTED,EXPERIMENTALLY_VALIDATED,20260903-010534-redshadow-updated-checklist,artifacts/real-world/20260903-010534-redshadow-updated-checklist/raw,Campaign evidence and prior archive are retained with hashes/commands.
CHK-457,Phase 25 — Reproducibility,Save random seeds,N/A,NOT_APPLICABLE_NO_RANDOM_SEED,EXPLORATORY,20260903-010534-redshadow-updated-checklist,artifacts/real-world/20260903-010534-redshadow-updated-checklist/raw,No seed-bearing run.
CHK-458,Phase 25 — Reproducibility,Save test scripts,PASS,EVIDENCE_COLLECTED,EXPERIMENTALLY_VALIDATED,20260903-010534-redshadow-updated-checklist,artifacts/real-world/20260903-010534-redshadow-updated-checklist/raw,Campaign evidence and prior archive are retained with hashes/commands.
CHK-459,Phase 25 — Reproducibility,Document trace format,BLOCKED,BLOCKED_MISSING_ARTIFACT_OR_TOOL,UNKNOWN,20260903-010534-redshadow-updated-checklist,artifacts/real-world/20260903-010534-redshadow-updated-checklist/raw,No complete kernel .config/trace schema/perf analysis bundle was produced.
CHK-460,Phase 25 — Reproducibility,Preserve raw measurements,PASS,EVIDENCE_COLLECTED,EXPERIMENTALLY_VALIDATED,20260903-010534-redshadow-updated-checklist,artifacts/real-world/20260903-010534-redshadow-updated-checklist/raw,Campaign evidence and prior archive are retained with hashes/commands.
CHK-461,Phase 25 — Reproducibility,Preserve analysis scripts,BLOCKED,BLOCKED_MISSING_ARTIFACT_OR_TOOL,UNKNOWN,20260903-010534-redshadow-updated-checklist,artifacts/real-world/20260903-010534-redshadow-updated-checklist/raw,No complete kernel .config/trace schema/perf analysis bundle was produced.
CHK-462,Phase 25 — Reproducibility,Ensure figures/tables are reproducible,PASS,EVIDENCE_COLLECTED,EXPERIMENTALLY_VALIDATED,20260903-010534-redshadow-updated-checklist,artifacts/real-world/20260903-010534-redshadow-updated-checklist/raw,Campaign evidence and prior archive are retained with hashes/commands.
CHK-463,Phase 25 — Reproducibility,Archive baseline and ORCHESTRA results,PASS,EVIDENCE_COLLECTED,EXPERIMENTALLY_VALIDATED,20260903-010534-redshadow-updated-checklist,artifacts/real-world/20260903-010534-redshadow-updated-checklist/raw,Campaign evidence and prior archive are retained with hashes/commands.
CHK-464,Phase 26 — Final Acceptance,Functional: kernel boots,BLOCKED,BLOCKED_NOT_IMPLEMENTED_OR_MISSING_MEASUREMENT,UNKNOWN,20260903-010534-redshadow-updated-checklist,artifacts/real-world/20260903-010534-redshadow-updated-checklist,Required predictor/crypto/ablation/overhead/network/memory/dynamic evidence is not available.
CHK-465,Phase 26 — Final Acceptance,Scheduler works,PASS,EVIDENCE_COLLECTED,KERNEL_PROTOTYPED,20260903-010534-redshadow-updated-checklist,artifacts/real-world/20260903-010534-redshadow-updated-checklist,Bounded claims only; see detailed evidence and limitations.
CHK-466,Phase 26 — Final Acceptance,Signal Bus works,PASS,EVIDENCE_COLLECTED,KERNEL_PROTOTYPED,20260903-010534-redshadow-updated-checklist,artifacts/real-world/20260903-010534-redshadow-updated-checklist,Bounded claims only; see detailed evidence and limitations.
CHK-467,Phase 26 — Final Acceptance,Predictor works,BLOCKED,BLOCKED_NOT_IMPLEMENTED_OR_MISSING_MEASUREMENT,UNKNOWN,20260903-010534-redshadow-updated-checklist,artifacts/real-world/20260903-010534-redshadow-updated-checklist,Required predictor/crypto/ablation/overhead/network/memory/dynamic evidence is not available.
CHK-468,Phase 26 — Final Acceptance,Adaptive scheduler works,PASS,EVIDENCE_COLLECTED,KERNEL_PROTOTYPED,20260903-010534-redshadow-updated-checklist,artifacts/real-world/20260903-010534-redshadow-updated-checklist,Bounded claims only; see detailed evidence and limitations.
CHK-469,Phase 26 — Final Acceptance,Coordination measurement works,BLOCKED,BLOCKED_NOT_IMPLEMENTED_OR_MISSING_MEASUREMENT,UNKNOWN,20260903-010534-redshadow-updated-checklist,artifacts/real-world/20260903-010534-redshadow-updated-checklist,Required predictor/crypto/ablation/overhead/network/memory/dynamic evidence is not available.
CHK-470,Phase 26 — Final Acceptance,Feedback controller works,BLOCKED,BLOCKED_NOT_IMPLEMENTED_OR_MISSING_MEASUREMENT,UNKNOWN,20260903-010534-redshadow-updated-checklist,artifacts/real-world/20260903-010534-redshadow-updated-checklist,Required predictor/crypto/ablation/overhead/network/memory/dynamic evidence is not available.
CHK-471,Phase 26 — Final Acceptance,Monitoring works,PASS,EVIDENCE_COLLECTED,KERNEL_PROTOTYPED,20260903-010534-redshadow-updated-checklist,artifacts/real-world/20260903-010534-redshadow-updated-checklist,Bounded claims only; see detailed evidence and limitations.
CHK-472,Phase 26 — Final Acceptance,Conventional Linux scheduling works,PASS,EVIDENCE_COLLECTED,KERNEL_PROTOTYPED,20260903-010534-redshadow-updated-checklist,artifacts/real-world/20260903-010534-redshadow-updated-checklist,Bounded claims only; see detailed evidence and limitations.
CHK-473,Phase 26 — Final Acceptance,RT safety path works,PASS,EVIDENCE_COLLECTED,KERNEL_PROTOTYPED,20260903-010534-redshadow-updated-checklist,artifacts/real-world/20260903-010534-redshadow-updated-checklist,Bounded claims only; see detailed evidence and limitations.
CHK-474,Phase 26 — Final Acceptance,Correctness: signals correct,BLOCKED,BLOCKED_NOT_IMPLEMENTED_OR_MISSING_MEASUREMENT,UNKNOWN,20260903-010534-redshadow-updated-checklist,artifacts/real-world/20260903-010534-redshadow-updated-checklist,Required predictor/crypto/ablation/overhead/network/memory/dynamic evidence is not available.
CHK-475,Phase 26 — Final Acceptance,Predictions measurable,BLOCKED,BLOCKED_NOT_IMPLEMENTED_OR_MISSING_MEASUREMENT,UNKNOWN,20260903-010534-redshadow-updated-checklist,artifacts/real-world/20260903-010534-redshadow-updated-checklist,Required predictor/crypto/ablation/overhead/network/memory/dynamic evidence is not available.
CHK-476,Phase 26 — Final Acceptance,Invalid signals rejected,PASS,EVIDENCE_COLLECTED,KERNEL_PROTOTYPED,20260903-010534-redshadow-updated-checklist,artifacts/real-world/20260903-010534-redshadow-updated-checklist,Bounded claims only; see detailed evidence and limitations.
CHK-477,Phase 26 — Final Acceptance,Scheduling actions correct,PASS,EVIDENCE_COLLECTED,KERNEL_PROTOTYPED,20260903-010534-redshadow-updated-checklist,artifacts/real-world/20260903-010534-redshadow-updated-checklist,Bounded claims only; see detailed evidence and limitations.
CHK-478,Phase 26 — Final Acceptance,Q calculated correctly,BLOCKED,BLOCKED_NOT_IMPLEMENTED_OR_MISSING_MEASUREMENT,UNKNOWN,20260903-010534-redshadow-updated-checklist,artifacts/real-world/20260903-010534-redshadow-updated-checklist,Required predictor/crypto/ablation/overhead/network/memory/dynamic evidence is not available.
CHK-479,Phase 26 — Final Acceptance,Controller targets correct deficit,BLOCKED,BLOCKED_NOT_IMPLEMENTED_OR_MISSING_MEASUREMENT,UNKNOWN,20260903-010534-redshadow-updated-checklist,artifacts/real-world/20260903-010534-redshadow-updated-checklist,Required predictor/crypto/ablation/overhead/network/memory/dynamic evidence is not available.
CHK-480,Phase 26 — Final Acceptance,No scheduler corruption,INCONCLUSIVE,INCONCLUSIVE_NOT_EXHAUSTIVELY_PROVEN,INCONCLUSIVE,20260903-010534-redshadow-updated-checklist,artifacts/real-world/20260903-010534-redshadow-updated-checklist,No finite campaign can establish this universal property from the collected observability.
CHK-481,Phase 26 — Final Acceptance,No deadlock,INCONCLUSIVE,INCONCLUSIVE_NOT_EXHAUSTIVELY_PROVEN,INCONCLUSIVE,20260903-010534-redshadow-updated-checklist,artifacts/real-world/20260903-010534-redshadow-updated-checklist,No finite campaign can establish this universal property from the collected observability.
CHK-482,Phase 26 — Final Acceptance,No starvation,INCONCLUSIVE,INCONCLUSIVE_NOT_EXHAUSTIVELY_PROVEN,INCONCLUSIVE,20260903-010534-redshadow-updated-checklist,artifacts/real-world/20260903-010534-redshadow-updated-checklist,No finite campaign can establish this universal property from the collected observability.
CHK-483,Phase 26 — Final Acceptance,Performance: scheduler overhead quantified,BLOCKED,BLOCKED_NOT_IMPLEMENTED_OR_MISSING_MEASUREMENT,UNKNOWN,20260903-010534-redshadow-updated-checklist,artifacts/real-world/20260903-010534-redshadow-updated-checklist,Required predictor/crypto/ablation/overhead/network/memory/dynamic evidence is not available.
CHK-484,Phase 26 — Final Acceptance,prediction overhead quantified,BLOCKED,BLOCKED_NOT_IMPLEMENTED_OR_MISSING_MEASUREMENT,UNKNOWN,20260903-010534-redshadow-updated-checklist,artifacts/real-world/20260903-010534-redshadow-updated-checklist,Required predictor/crypto/ablation/overhead/network/memory/dynamic evidence is not available.
CHK-485,Phase 26 — Final Acceptance,Signal overhead quantified,BLOCKED,BLOCKED_NOT_IMPLEMENTED_OR_MISSING_MEASUREMENT,UNKNOWN,20260903-010534-redshadow-updated-checklist,artifacts/real-world/20260903-010534-redshadow-updated-checklist,Required predictor/crypto/ablation/overhead/network/memory/dynamic evidence is not available.
CHK-486,Phase 26 — Final Acceptance,integrity overhead quantified,BLOCKED,BLOCKED_NOT_IMPLEMENTED_OR_MISSING_MEASUREMENT,UNKNOWN,20260903-010534-redshadow-updated-checklist,artifacts/real-world/20260903-010534-redshadow-updated-checklist,Required predictor/crypto/ablation/overhead/network/memory/dynamic evidence is not available.
CHK-487,Phase 26 — Final Acceptance,coordination overhead quantified,BLOCKED,BLOCKED_NOT_IMPLEMENTED_OR_MISSING_MEASUREMENT,UNKNOWN,20260903-010534-redshadow-updated-checklist,artifacts/real-world/20260903-010534-redshadow-updated-checklist,Required predictor/crypto/ablation/overhead/network/memory/dynamic evidence is not available.
CHK-488,Phase 26 — Final Acceptance,controller overhead quantified,BLOCKED,BLOCKED_NOT_IMPLEMENTED_OR_MISSING_MEASUREMENT,UNKNOWN,20260903-010534-redshadow-updated-checklist,artifacts/real-world/20260903-010534-redshadow-updated-checklist,Required predictor/crypto/ablation/overhead/network/memory/dynamic evidence is not available.
CHK-489,Phase 26 — Final Acceptance,monitoring overhead quantified,BLOCKED,BLOCKED_NOT_IMPLEMENTED_OR_MISSING_MEASUREMENT,UNKNOWN,20260903-010534-redshadow-updated-checklist,artifacts/real-world/20260903-010534-redshadow-updated-checklist,Required predictor/crypto/ablation/overhead/network/memory/dynamic evidence is not available.
CHK-490,Phase 26 — Final Acceptance,Behavioral: no thundering herd,BLOCKED,BLOCKED_NOT_IMPLEMENTED_OR_MISSING_MEASUREMENT,UNKNOWN,20260903-010534-redshadow-updated-checklist,artifacts/real-world/20260903-010534-redshadow-updated-checklist,Required predictor/crypto/ablation/overhead/network/memory/dynamic evidence is not available.
CHK-491,Phase 26 — Final Acceptance,no synchronized migration oscillation,BLOCKED,BLOCKED_NOT_IMPLEMENTED_OR_MISSING_MEASUREMENT,UNKNOWN,20260903-010534-redshadow-updated-checklist,artifacts/real-world/20260903-010534-redshadow-updated-checklist,Required predictor/crypto/ablation/overhead/network/memory/dynamic evidence is not available.
CHK-492,Phase 26 — Final Acceptance,stable adaptation,BLOCKED,BLOCKED_NOT_IMPLEMENTED_OR_MISSING_MEASUREMENT,UNKNOWN,20260903-010534-redshadow-updated-checklist,artifacts/real-world/20260903-010534-redshadow-updated-checklist,Required predictor/crypto/ablation/overhead/network/memory/dynamic evidence is not available.
CHK-493,Phase 26 — Final Acceptance,stable Q,BLOCKED,BLOCKED_NOT_IMPLEMENTED_OR_MISSING_MEASUREMENT,UNKNOWN,20260903-010534-redshadow-updated-checklist,artifacts/real-world/20260903-010534-redshadow-updated-checklist,Required predictor/crypto/ablation/overhead/network/memory/dynamic evidence is not available.
CHK-494,Phase 26 — Final Acceptance,good resource utilization,BLOCKED,BLOCKED_NOT_IMPLEMENTED_OR_MISSING_MEASUREMENT,UNKNOWN,20260903-010534-redshadow-updated-checklist,artifacts/real-world/20260903-010534-redshadow-updated-checklist,Required predictor/crypto/ablation/overhead/network/memory/dynamic evidence is not available.
CHK-495,Phase 26 — Final Acceptance,acceptable fairness,BLOCKED,BLOCKED_NOT_IMPLEMENTED_OR_MISSING_MEASUREMENT,UNKNOWN,20260903-010534-redshadow-updated-checklist,artifacts/real-world/20260903-010534-redshadow-updated-checklist,Required predictor/crypto/ablation/overhead/network/memory/dynamic evidence is not available.
CHK-496,Phase 26 — Final Acceptance,acceptable responsiveness,BLOCKED,BLOCKED_NOT_IMPLEMENTED_OR_MISSING_MEASUREMENT,UNKNOWN,20260903-010534-redshadow-updated-checklist,artifacts/real-world/20260903-010534-redshadow-updated-checklist,Required predictor/crypto/ablation/overhead/network/memory/dynamic evidence is not available.
CHK-497,Phase 26 — Final Acceptance,Robustness: CPU stress,BLOCKED,BLOCKED_NOT_IMPLEMENTED_OR_MISSING_MEASUREMENT,UNKNOWN,20260903-010534-redshadow-updated-checklist,artifacts/real-world/20260903-010534-redshadow-updated-checklist,Required predictor/crypto/ablation/overhead/network/memory/dynamic evidence is not available.
CHK-498,Phase 26 — Final Acceptance,memory stress,BLOCKED,BLOCKED_NOT_IMPLEMENTED_OR_MISSING_MEASUREMENT,UNKNOWN,20260903-010534-redshadow-updated-checklist,artifacts/real-world/20260903-010534-redshadow-updated-checklist,Required predictor/crypto/ablation/overhead/network/memory/dynamic evidence is not available.
CHK-499,Phase 26 — Final Acceptance,I/O stress,PASS,EVIDENCE_COLLECTED,KERNEL_PROTOTYPED,20260903-010534-redshadow-updated-checklist,artifacts/real-world/20260903-010534-redshadow-updated-checklist,Bounded claims only; see detailed evidence and limitations.
CHK-500,Phase 26 — Final Acceptance,network stress,BLOCKED,BLOCKED_NOT_IMPLEMENTED_OR_MISSING_MEASUREMENT,UNKNOWN,20260903-010534-redshadow-updated-checklist,artifacts/real-world/20260903-010534-redshadow-updated-checklist,Required predictor/crypto/ablation/overhead/network/memory/dynamic evidence is not available.
CHK-501,Phase 26 — Final Acceptance,thermal stress,BLOCKED,BLOCKED_NOT_IMPLEMENTED_OR_MISSING_MEASUREMENT,UNKNOWN,20260903-010534-redshadow-updated-checklist,artifacts/real-world/20260903-010534-redshadow-updated-checklist,Required predictor/crypto/ablation/overhead/network/memory/dynamic evidence is not available.
CHK-502,Phase 26 — Final Acceptance,dynamic workload,BLOCKED,BLOCKED_NOT_IMPLEMENTED_OR_MISSING_MEASUREMENT,UNKNOWN,20260903-010534-redshadow-updated-checklist,artifacts/real-world/20260903-010534-redshadow-updated-checklist,Required predictor/crypto/ablation/overhead/network/memory/dynamic evidence is not available.
CHK-503,Phase 26 — Final Acceptance,long-duration execution,BLOCKED,BLOCKED_NOT_IMPLEMENTED_OR_MISSING_MEASUREMENT,UNKNOWN,20260903-010534-redshadow-updated-checklist,artifacts/real-world/20260903-010534-redshadow-updated-checklist,Required predictor/crypto/ablation/overhead/network/memory/dynamic evidence is not available.
CHK-504,Phase 26 — Final Acceptance,failure recovery,BLOCKED,BLOCKED_NOT_IMPLEMENTED_OR_MISSING_MEASUREMENT,UNKNOWN,20260903-010534-redshadow-updated-checklist,artifacts/real-world/20260903-010534-redshadow-updated-checklist,Required predictor/crypto/ablation/overhead/network/memory/dynamic evidence is not available.
CHK-505,Phase 26 — Final Acceptance,Security: tamper detection,BLOCKED,BLOCKED_NOT_IMPLEMENTED_OR_MISSING_MEASUREMENT,UNKNOWN,20260903-010534-redshadow-updated-checklist,artifacts/real-world/20260903-010534-redshadow-updated-checklist,Required predictor/crypto/ablation/overhead/network/memory/dynamic evidence is not available.
CHK-506,Phase 26 — Final Acceptance,replay rejection,BLOCKED,BLOCKED_NOT_IMPLEMENTED_OR_MISSING_MEASUREMENT,UNKNOWN,20260903-010534-redshadow-updated-checklist,artifacts/real-world/20260903-010534-redshadow-updated-checklist,Required predictor/crypto/ablation/overhead/network/memory/dynamic evidence is not available.
CHK-507,Phase 26 — Final Acceptance,stale-frame rejection,BLOCKED,BLOCKED_NOT_IMPLEMENTED_OR_MISSING_MEASUREMENT,UNKNOWN,20260903-010534-redshadow-updated-checklist,artifacts/real-world/20260903-010534-redshadow-updated-checklist,Required predictor/crypto/ablation/overhead/network/memory/dynamic evidence is not available.
CHK-508,Phase 26 — Final Acceptance,sequence validation,BLOCKED,BLOCKED_NOT_IMPLEMENTED_OR_MISSING_MEASUREMENT,UNKNOWN,20260903-010534-redshadow-updated-checklist,artifacts/real-world/20260903-010534-redshadow-updated-checklist,Required predictor/crypto/ablation/overhead/network/memory/dynamic evidence is not available.
CHK-509,Phase 26 — Final Acceptance,authentication validation,BLOCKED,BLOCKED_NOT_IMPLEMENTED_OR_MISSING_MEASUREMENT,UNKNOWN,20260903-010534-redshadow-updated-checklist,artifacts/real-world/20260903-010534-redshadow-updated-checklist,Required predictor/crypto/ablation/overhead/network/memory/dynamic evidence is not available.
CHK-510,Phase 26 — Final Acceptance,safe fallback,BLOCKED,BLOCKED_NOT_IMPLEMENTED_OR_MISSING_MEASUREMENT,UNKNOWN,20260903-010534-redshadow-updated-checklist,artifacts/real-world/20260903-010534-redshadow-updated-checklist,Required predictor/crypto/ablation/overhead/network/memory/dynamic evidence is not available.
CHK-511,Phase 26 — Final Acceptance,recovery,BLOCKED,BLOCKED_NOT_IMPLEMENTED_OR_MISSING_MEASUREMENT,UNKNOWN,20260903-010534-redshadow-updated-checklist,artifacts/real-world/20260903-010534-redshadow-updated-checklist,Required predictor/crypto/ablation/overhead/network/memory/dynamic evidence is not available.
CHK-512,Phase 26 — Final Acceptance,Scientific evidence: baseline comparison,BLOCKED,BLOCKED_NOT_IMPLEMENTED_OR_MISSING_MEASUREMENT,UNKNOWN,20260903-010534-redshadow-updated-checklist,artifacts/real-world/20260903-010534-redshadow-updated-checklist,Required predictor/crypto/ablation/overhead/network/memory/dynamic evidence is not available.
CHK-513,Phase 26 — Final Acceptance,repeated trials,BLOCKED,BLOCKED_NOT_IMPLEMENTED_OR_MISSING_MEASUREMENT,UNKNOWN,20260903-010534-redshadow-updated-checklist,artifacts/real-world/20260903-010534-redshadow-updated-checklist,Required predictor/crypto/ablation/overhead/network/memory/dynamic evidence is not available.
CHK-514,Phase 26 — Final Acceptance,multi-seed evaluation,BLOCKED,BLOCKED_NOT_IMPLEMENTED_OR_MISSING_MEASUREMENT,UNKNOWN,20260903-010534-redshadow-updated-checklist,artifacts/real-world/20260903-010534-redshadow-updated-checklist,Required predictor/crypto/ablation/overhead/network/memory/dynamic evidence is not available.
CHK-515,Phase 26 — Final Acceptance,statistical analysis,BLOCKED,BLOCKED_NOT_IMPLEMENTED_OR_MISSING_MEASUREMENT,UNKNOWN,20260903-010534-redshadow-updated-checklist,artifacts/real-world/20260903-010534-redshadow-updated-checklist,Required predictor/crypto/ablation/overhead/network/memory/dynamic evidence is not available.
CHK-516,Phase 26 — Final Acceptance,ablation study,BLOCKED,BLOCKED_NOT_IMPLEMENTED_OR_MISSING_MEASUREMENT,UNKNOWN,20260903-010534-redshadow-updated-checklist,artifacts/real-world/20260903-010534-redshadow-updated-checklist,Required predictor/crypto/ablation/overhead/network/memory/dynamic evidence is not available.
CHK-517,Phase 26 — Final Acceptance,raw dataset archived,BLOCKED,BLOCKED_NOT_IMPLEMENTED_OR_MISSING_MEASUREMENT,UNKNOWN,20260903-010534-redshadow-updated-checklist,artifacts/real-world/20260903-010534-redshadow-updated-checklist,Required predictor/crypto/ablation/overhead/network/memory/dynamic evidence is not available.
CHK-518,Phase 26 — Final Acceptance,logs archived,BLOCKED,BLOCKED_NOT_IMPLEMENTED_OR_MISSING_MEASUREMENT,UNKNOWN,20260903-010534-redshadow-updated-checklist,artifacts/real-world/20260903-010534-redshadow-updated-checklist,Required predictor/crypto/ablation/overhead/network/memory/dynamic evidence is not available.
CHK-519,Phase 26 — Final Acceptance,reproduction procedure documented,BLOCKED,BLOCKED_NOT_IMPLEMENTED_OR_MISSING_MEASUREMENT,UNKNOWN,20260903-010534-redshadow-updated-checklist,artifacts/real-world/20260903-010534-redshadow-updated-checklist,Required predictor/crypto/ablation/overhead/network/memory/dynamic evidence is not available.
CHK-520,Phase 27 — Power & Frequency Scaling,"Record CPU governor/policy (performance, powersave, schedutil, ondemand)",PASS,EVIDENCE_COLLECTED,EXPERIMENTALLY_VALIDATED,20260903-010534-redshadow-updated-checklist,artifacts/real-world/20260903-010534-redshadow-updated-checklist/environment,intel_pstate powersave was recorded and current runs executed under it.
CHK-521,Phase 27 — Power & Frequency Scaling,Verify ORCHESTRA behavior under performance governor,BLOCKED,BLOCKED_GOVERNOR_OR_ENERGY_TEST_NOT_AVAILABLE,UNKNOWN,20260903-010534-redshadow-updated-checklist,artifacts/real-world/20260903-010534-redshadow-updated-checklist/environment,Performance/schedutil/energy/frequency-transition tests were not authorized or tooling was unavailable.
CHK-522,Phase 27 — Power & Frequency Scaling,Verify ORCHESTRA behavior under powersave governor,PASS,EVIDENCE_COLLECTED,EXPERIMENTALLY_VALIDATED,20260903-010534-redshadow-updated-checklist,artifacts/real-world/20260903-010534-redshadow-updated-checklist/environment,intel_pstate powersave was recorded and current runs executed under it.
CHK-523,Phase 27 — Power & Frequency Scaling,Verify ORCHESTRA behavior under schedutil governor,BLOCKED,BLOCKED_GOVERNOR_OR_ENERGY_TEST_NOT_AVAILABLE,UNKNOWN,20260903-010534-redshadow-updated-checklist,artifacts/real-world/20260903-010534-redshadow-updated-checklist/environment,Performance/schedutil/energy/frequency-transition tests were not authorized or tooling was unavailable.
CHK-524,Phase 27 — Power & Frequency Scaling,Test P-state/C-state transitions during scheduling decisions,BLOCKED,BLOCKED_GOVERNOR_OR_ENERGY_TEST_NOT_AVAILABLE,UNKNOWN,20260903-010534-redshadow-updated-checklist,artifacts/real-world/20260903-010534-redshadow-updated-checklist/environment,Performance/schedutil/energy/frequency-transition tests were not authorized or tooling was unavailable.
CHK-525,Phase 27 — Power & Frequency Scaling,Measure energy consumption (joules) per workload,BLOCKED,BLOCKED_GOVERNOR_OR_ENERGY_TEST_NOT_AVAILABLE,UNKNOWN,20260903-010534-redshadow-updated-checklist,artifacts/real-world/20260903-010534-redshadow-updated-checklist/environment,Performance/schedutil/energy/frequency-transition tests were not authorized or tooling was unavailable.
CHK-526,Phase 27 — Power & Frequency Scaling,Compare energy efficiency: Linux baseline vs ORCHESTRA,BLOCKED,BLOCKED_GOVERNOR_OR_ENERGY_TEST_NOT_AVAILABLE,UNKNOWN,20260903-010534-redshadow-updated-checklist,artifacts/real-world/20260903-010534-redshadow-updated-checklist/environment,Performance/schedutil/energy/frequency-transition tests were not authorized or tooling was unavailable.
CHK-527,Phase 27 — Power & Frequency Scaling,Test scheduling behavior on AC power,BLOCKED,BLOCKED_GOVERNOR_OR_ENERGY_TEST_NOT_AVAILABLE,UNKNOWN,20260903-010534-redshadow-updated-checklist,artifacts/real-world/20260903-010534-redshadow-updated-checklist/environment,Performance/schedutil/energy/frequency-transition tests were not authorized or tooling was unavailable.
CHK-528,Phase 27 — Power & Frequency Scaling,Test scheduling behavior on battery power,BLOCKED,BLOCKED_GOVERNOR_OR_ENERGY_TEST_NOT_AVAILABLE,UNKNOWN,20260903-010534-redshadow-updated-checklist,artifacts/real-world/20260903-010534-redshadow-updated-checklist/environment,Performance/schedutil/energy/frequency-transition tests were not authorized or tooling was unavailable.
CHK-529,Phase 27 — Power & Frequency Scaling,Verify THROTTLE action interacts correctly with hardware frequency throttling,BLOCKED,BLOCKED_GOVERNOR_OR_ENERGY_TEST_NOT_AVAILABLE,UNKNOWN,20260903-010534-redshadow-updated-checklist,artifacts/real-world/20260903-010534-redshadow-updated-checklist/environment,Performance/schedutil/energy/frequency-transition tests were not authorized or tooling was unavailable.
CHK-530,Phase 27 — Power & Frequency Scaling,Check for governor/ORCHESTRA control conflicts,BLOCKED,BLOCKED_GOVERNOR_OR_ENERGY_TEST_NOT_AVAILABLE,UNKNOWN,20260903-010534-redshadow-updated-checklist,artifacts/real-world/20260903-010534-redshadow-updated-checklist/environment,Performance/schedutil/energy/frequency-transition tests were not authorized or tooling was unavailable.
CHK-531,"Phase 28 — Containers, Cgroups & Virtualization",Verify behavior under cgroup v1,BLOCKED,BLOCKED_CONTAINER_OR_CGROUP_TEST_NOT_RUN,UNKNOWN,20260903-010534-redshadow-updated-checklist,artifacts/real-world/20260903-010534-redshadow-updated-checklist/environment,No safe namespace/container/Kubernetes/VM-specific scheduler run was conducted.
CHK-532,"Phase 28 — Containers, Cgroups & Virtualization",Verify behavior under cgroup v2 unified hierarchy,PASS,EVIDENCE_COLLECTED,EXPERIMENTALLY_VALIDATED,20260903-010534-redshadow-updated-checklist,artifacts/real-world/20260903-010534-redshadow-updated-checklist/environment,Unified cgroup v2 and controllers recorded.
CHK-533,"Phase 28 — Containers, Cgroups & Virtualization",Test interaction with cpu.cfs_quota / cpu.cfs_period,BLOCKED,BLOCKED_CONTAINER_OR_CGROUP_TEST_NOT_RUN,UNKNOWN,20260903-010534-redshadow-updated-checklist,artifacts/real-world/20260903-010534-redshadow-updated-checklist/environment,No safe namespace/container/Kubernetes/VM-specific scheduler run was conducted.
CHK-534,"Phase 28 — Containers, Cgroups & Virtualization",Test interaction with cpu.shares / cpu.weight,BLOCKED,BLOCKED_CONTAINER_OR_CGROUP_TEST_NOT_RUN,UNKNOWN,20260903-010534-redshadow-updated-checklist,artifacts/real-world/20260903-010534-redshadow-updated-checklist/environment,No safe namespace/container/Kubernetes/VM-specific scheduler run was conducted.
CHK-535,"Phase 28 — Containers, Cgroups & Virtualization",Test interaction with cpuset cgroup,BLOCKED,BLOCKED_CONTAINER_OR_CGROUP_TEST_NOT_RUN,UNKNOWN,20260903-010534-redshadow-updated-checklist,artifacts/real-world/20260903-010534-redshadow-updated-checklist/environment,No safe namespace/container/Kubernetes/VM-specific scheduler run was conducted.
CHK-536,"Phase 28 — Containers, Cgroups & Virtualization","Test containerized workload (e.g., Docker)",BLOCKED,BLOCKED_CONTAINER_OR_CGROUP_TEST_NOT_RUN,UNKNOWN,20260903-010534-redshadow-updated-checklist,artifacts/real-world/20260903-010534-redshadow-updated-checklist/environment,No safe namespace/container/Kubernetes/VM-specific scheduler run was conducted.
CHK-537,"Phase 28 — Containers, Cgroups & Virtualization",Test Kubernetes pod scheduling interaction,BLOCKED,BLOCKED_CONTAINER_OR_CGROUP_TEST_NOT_RUN,UNKNOWN,20260903-010534-redshadow-updated-checklist,artifacts/real-world/20260903-010534-redshadow-updated-checklist/environment,No safe namespace/container/Kubernetes/VM-specific scheduler run was conducted.
CHK-538,"Phase 28 — Containers, Cgroups & Virtualization",Verify process/PID namespace isolation,BLOCKED,BLOCKED_CONTAINER_OR_CGROUP_TEST_NOT_RUN,UNKNOWN,20260903-010534-redshadow-updated-checklist,artifacts/real-world/20260903-010534-redshadow-updated-checklist/environment,No safe namespace/container/Kubernetes/VM-specific scheduler run was conducted.
CHK-539,"Phase 28 — Containers, Cgroups & Virtualization",Run ORCHESTRA as a KVM/QEMU guest,BLOCKED,BLOCKED_CONTAINER_OR_CGROUP_TEST_NOT_RUN,UNKNOWN,20260903-010534-redshadow-updated-checklist,artifacts/real-world/20260903-010534-redshadow-updated-checklist/environment,No safe namespace/container/Kubernetes/VM-specific scheduler run was conducted.
CHK-540,"Phase 28 — Containers, Cgroups & Virtualization",Run ORCHESTRA as a host scheduling guest VMs,BLOCKED,BLOCKED_CONTAINER_OR_CGROUP_TEST_NOT_RUN,UNKNOWN,20260903-010534-redshadow-updated-checklist,artifacts/real-world/20260903-010534-redshadow-updated-checklist/environment,No safe namespace/container/Kubernetes/VM-specific scheduler run was conducted.
CHK-541,"Phase 28 — Containers, Cgroups & Virtualization",Compare bare-metal vs virtualized timing assumptions,BLOCKED,BLOCKED_CONTAINER_OR_CGROUP_TEST_NOT_RUN,UNKNOWN,20260903-010534-redshadow-updated-checklist,artifacts/real-world/20260903-010534-redshadow-updated-checklist/environment,No safe namespace/container/Kubernetes/VM-specific scheduler run was conducted.
CHK-542,"Phase 28 — Containers, Cgroups & Virtualization",Verify Signal Bus behavior inside containers/namespaces,BLOCKED,BLOCKED_CONTAINER_OR_CGROUP_TEST_NOT_RUN,UNKNOWN,20260903-010534-redshadow-updated-checklist,artifacts/real-world/20260903-010534-redshadow-updated-checklist/environment,No safe namespace/container/Kubernetes/VM-specific scheduler run was conducted.
CHK-543,Phase 29 — Kernel & Distro Compatibility,Verify against CFS-based kernel,PASS,EVIDENCE_COLLECTED,EXPERIMENTALLY_VALIDATED,20260903-010534-redshadow-updated-checklist,artifacts/real-world/20260903-010534-redshadow-updated-checklist/environment,Current x86_64 kernel/CFS baseline.
CHK-544,Phase 29 — Kernel & Distro Compatibility,Verify against EEVDF-based kernel (6.6+),BLOCKED,BLOCKED_MULTI_KERNEL_OR_MULTI_DISTRO_NOT_AVAILABLE,UNKNOWN,20260903-010534-redshadow-updated-checklist,artifacts/real-world/20260903-010534-redshadow-updated-checklist/environment,Only this Kali/x86_64 host was in scope.
CHK-545,Phase 29 — Kernel & Distro Compatibility,Test against each officially supported kernel LTS version,BLOCKED,BLOCKED_MULTI_KERNEL_OR_MULTI_DISTRO_NOT_AVAILABLE,UNKNOWN,20260903-010534-redshadow-updated-checklist,artifacts/real-world/20260903-010534-redshadow-updated-checklist/environment,Only this Kali/x86_64 host was in scope.
CHK-546,Phase 29 — Kernel & Distro Compatibility,Verify behavior when built against an unsupported kernel version,BLOCKED,BLOCKED_MULTI_KERNEL_OR_MULTI_DISTRO_NOT_AVAILABLE,UNKNOWN,20260903-010534-redshadow-updated-checklist,artifacts/real-world/20260903-010534-redshadow-updated-checklist/environment,Only this Kali/x86_64 host was in scope.
CHK-547,Phase 29 — Kernel & Distro Compatibility,"Test on distro A (e.g., Ubuntu)",BLOCKED,BLOCKED_MULTI_KERNEL_OR_MULTI_DISTRO_NOT_AVAILABLE,UNKNOWN,20260903-010534-redshadow-updated-checklist,artifacts/real-world/20260903-010534-redshadow-updated-checklist/environment,Only this Kali/x86_64 host was in scope.
CHK-548,Phase 29 — Kernel & Distro Compatibility,"Test on distro B (e.g., Fedora/RHEL)",BLOCKED,BLOCKED_MULTI_KERNEL_OR_MULTI_DISTRO_NOT_AVAILABLE,UNKNOWN,20260903-010534-redshadow-updated-checklist,artifacts/real-world/20260903-010534-redshadow-updated-checklist/environment,Only this Kali/x86_64 host was in scope.
CHK-549,Phase 29 — Kernel & Distro Compatibility,"Test on distro C (e.g., Debian)",BLOCKED,BLOCKED_MULTI_KERNEL_OR_MULTI_DISTRO_NOT_AVAILABLE,UNKNOWN,20260903-010534-redshadow-updated-checklist,artifacts/real-world/20260903-010534-redshadow-updated-checklist/environment,Only this Kali/x86_64 host was in scope.
CHK-550,Phase 29 — Kernel & Distro Compatibility,Verify across differing glibc/systemd versions,BLOCKED,BLOCKED_MULTI_KERNEL_OR_MULTI_DISTRO_NOT_AVAILABLE,UNKNOWN,20260903-010534-redshadow-updated-checklist,artifacts/real-world/20260903-010534-redshadow-updated-checklist/environment,Only this Kali/x86_64 host was in scope.
CHK-551,Phase 29 — Kernel & Distro Compatibility,Verify architecture: x86_64,PASS,EVIDENCE_COLLECTED,EXPERIMENTALLY_VALIDATED,20260903-010534-redshadow-updated-checklist,artifacts/real-world/20260903-010534-redshadow-updated-checklist/environment,Current x86_64 kernel/CFS baseline.
CHK-552,Phase 29 — Kernel & Distro Compatibility,Verify architecture: ARM64,BLOCKED,BLOCKED_MULTI_KERNEL_OR_MULTI_DISTRO_NOT_AVAILABLE,UNKNOWN,20260903-010534-redshadow-updated-checklist,artifacts/real-world/20260903-010534-redshadow-updated-checklist/environment,Only this Kali/x86_64 host was in scope.
CHK-553,Phase 29 — Kernel & Distro Compatibility,Verify other supported architectures if applicable,BLOCKED,BLOCKED_MULTI_KERNEL_OR_MULTI_DISTRO_NOT_AVAILABLE,UNKNOWN,20260903-010534-redshadow-updated-checklist,artifacts/real-world/20260903-010534-redshadow-updated-checklist/environment,Only this Kali/x86_64 host was in scope.
CHK-554,Phase 30 — Standard Tooling & Observability Compatibility,Verify perf sched works correctly,BLOCKED,BLOCKED_MISSING_TOOL_OR_KERNEL_INTERFACE,UNKNOWN,20260903-010534-redshadow-updated-checklist,artifacts/real-world/20260903-010534-redshadow-updated-checklist/environment,perf is not installed and /proc/sched_debug is absent.
CHK-555,Phase 30 — Standard Tooling & Observability Compatibility,Verify ftrace scheduler tracepoints work correctly,PASS,EVIDENCE_COLLECTED,EXPERIMENTALLY_VALIDATED,20260903-010534-redshadow-updated-checklist,artifacts/real-world/20260903-010534-redshadow-updated-checklist/environment,Read-only tooling/sysfs/sysctl/ftrace inventory passed.
CHK-556,Phase 30 — Standard Tooling & Observability Compatibility,Verify eBPF/BPF programs can attach to scheduler tracepoints,INCONCLUSIVE,INCONCLUSIVE_INVENTORY_ONLY,INCONCLUSIVE,20260903-010534-redshadow-updated-checklist,artifacts/real-world/20260903-010534-redshadow-updated-checklist/environment,Tracepoint directories were present; no independent attach/run measurement was captured.
CHK-557,Phase 30 — Standard Tooling & Observability Compatibility,Verify top/htop report correct CPU utilization,PASS,EVIDENCE_COLLECTED,EXPERIMENTALLY_VALIDATED,20260903-010534-redshadow-updated-checklist,artifacts/real-world/20260903-010534-redshadow-updated-checklist/environment,Read-only tooling/sysfs/sysctl/ftrace inventory passed.
CHK-558,Phase 30 — Standard Tooling & Observability Compatibility,Verify ps/proc scheduler fields report correctly,PASS,EVIDENCE_COLLECTED,EXPERIMENTALLY_VALIDATED,20260903-010534-redshadow-updated-checklist,artifacts/real-world/20260903-010534-redshadow-updated-checklist/environment,Read-only tooling/sysfs/sysctl/ftrace inventory passed.
CHK-559,Phase 30 — Standard Tooling & Observability Compatibility,Verify /proc/sched_debug (or equivalent) output correctness,BLOCKED,BLOCKED_MISSING_TOOL_OR_KERNEL_INTERFACE,UNKNOWN,20260903-010534-redshadow-updated-checklist,artifacts/real-world/20260903-010534-redshadow-updated-checklist/environment,perf is not installed and /proc/sched_debug is absent.
CHK-560,Phase 30 — Standard Tooling & Observability Compatibility,Verify /sys scheduler tunables remain accessible,PASS,EVIDENCE_COLLECTED,EXPERIMENTALLY_VALIDATED,20260903-010534-redshadow-updated-checklist,artifacts/real-world/20260903-010534-redshadow-updated-checklist/environment,Read-only tooling/sysfs/sysctl/ftrace inventory passed.
CHK-561,Phase 30 — Standard Tooling & Observability Compatibility,Verify no regressions in existing sysctl scheduler knobs,PASS,EVIDENCE_COLLECTED,EXPERIMENTALLY_VALIDATED,20260903-010534-redshadow-updated-checklist,artifacts/real-world/20260903-010534-redshadow-updated-checklist/environment,Read-only tooling/sysfs/sysctl/ftrace inventory passed.
CHK-562,"Phase 31 — Suspend, Resume & Hotplug Cycles",Suspend to RAM and verify ORCHESTRA state after resume,BLOCKED,BLOCKED_REBOOT_OR_SUSPEND_NOT_AUTHORIZED,UNKNOWN,20260903-010534-redshadow-updated-checklist,artifacts/real-world/20260903-010534-redshadow-updated-checklist/recovery,This phase was outside the safe/current infrastructure boundary.
CHK-563,"Phase 31 — Suspend, Resume & Hotplug Cycles",Hibernate (suspend to disk) and verify state after resume,BLOCKED,BLOCKED_REBOOT_OR_SUSPEND_NOT_AUTHORIZED,UNKNOWN,20260903-010534-redshadow-updated-checklist,artifacts/real-world/20260903-010534-redshadow-updated-checklist/recovery,This phase was outside the safe/current infrastructure boundary.
CHK-564,"Phase 31 — Suspend, Resume & Hotplug Cycles",Verify Signal Bus reinitializes cleanly after resume,BLOCKED,BLOCKED_REBOOT_OR_SUSPEND_NOT_AUTHORIZED,UNKNOWN,20260903-010534-redshadow-updated-checklist,artifacts/real-world/20260903-010534-redshadow-updated-checklist/recovery,This phase was outside the safe/current infrastructure boundary.
CHK-565,"Phase 31 — Suspend, Resume & Hotplug Cycles",Verify predictor/controller state after resume,BLOCKED,BLOCKED_REBOOT_OR_SUSPEND_NOT_AUTHORIZED,UNKNOWN,20260903-010534-redshadow-updated-checklist,artifacts/real-world/20260903-010534-redshadow-updated-checklist/recovery,This phase was outside the safe/current infrastructure boundary.
CHK-566,"Phase 31 — Suspend, Resume & Hotplug Cycles",Test CPU hotplug during a suspend/resume cycle,BLOCKED,BLOCKED_REBOOT_OR_SUSPEND_NOT_AUTHORIZED,UNKNOWN,20260903-010534-redshadow-updated-checklist,artifacts/real-world/20260903-010534-redshadow-updated-checklist/recovery,This phase was outside the safe/current infrastructure boundary.
CHK-567,"Phase 31 — Suspend, Resume & Hotplug Cycles",Repeated suspend/resume cycles (stress),BLOCKED,BLOCKED_REBOOT_OR_SUSPEND_NOT_AUTHORIZED,UNKNOWN,20260903-010534-redshadow-updated-checklist,artifacts/real-world/20260903-010534-redshadow-updated-checklist/recovery,This phase was outside the safe/current infrastructure boundary.
CHK-568,"Phase 32 — Upgrade, Rollback & Uninstall",Verify clean uninstall of ORCHESTRA,BLOCKED,BLOCKED_DESTRUCTIVE_UPGRADE_UNINSTALL_NOT_AUTHORIZED,UNKNOWN,20260903-010534-redshadow-updated-checklist,artifacts/real-world/20260903-010534-redshadow-updated-checklist/recovery,This phase was outside the safe/current infrastructure boundary.
CHK-569,"Phase 32 — Upgrade, Rollback & Uninstall",Verify system returns to stock scheduler behavior after uninstall,BLOCKED,BLOCKED_DESTRUCTIVE_UPGRADE_UNINSTALL_NOT_AUTHORIZED,UNKNOWN,20260903-010534-redshadow-updated-checklist,artifacts/real-world/20260903-010534-redshadow-updated-checklist/recovery,This phase was outside the safe/current infrastructure boundary.
CHK-570,"Phase 32 — Upgrade, Rollback & Uninstall",Test in-place upgrade from a prior ORCHESTRA version,BLOCKED,BLOCKED_DESTRUCTIVE_UPGRADE_UNINSTALL_NOT_AUTHORIZED,UNKNOWN,20260903-010534-redshadow-updated-checklist,artifacts/real-world/20260903-010534-redshadow-updated-checklist/recovery,This phase was outside the safe/current infrastructure boundary.
CHK-571,"Phase 32 — Upgrade, Rollback & Uninstall",Verify parameter/state migration across upgrade,BLOCKED,BLOCKED_DESTRUCTIVE_UPGRADE_UNINSTALL_NOT_AUTHORIZED,UNKNOWN,20260903-010534-redshadow-updated-checklist,artifacts/real-world/20260903-010534-redshadow-updated-checklist/recovery,This phase was outside the safe/current infrastructure boundary.
CHK-572,"Phase 32 — Upgrade, Rollback & Uninstall",Test mixed-version behavior during a rolling fleet upgrade,BLOCKED,BLOCKED_DESTRUCTIVE_UPGRADE_UNINSTALL_NOT_AUTHORIZED,UNKNOWN,20260903-010534-redshadow-updated-checklist,artifacts/real-world/20260903-010534-redshadow-updated-checklist/recovery,This phase was outside the safe/current infrastructure boundary.
CHK-573,"Phase 32 — Upgrade, Rollback & Uninstall",Verify downgrade path,BLOCKED,BLOCKED_DESTRUCTIVE_UPGRADE_UNINSTALL_NOT_AUTHORIZED,UNKNOWN,20260903-010534-redshadow-updated-checklist,artifacts/real-world/20260903-010534-redshadow-updated-checklist/recovery,This phase was outside the safe/current infrastructure boundary.
CHK-574,"Phase 32 — Upgrade, Rollback & Uninstall",Verify no orphaned kernel modules/artifacts remain after removal,BLOCKED,BLOCKED_DESTRUCTIVE_UPGRADE_UNINSTALL_NOT_AUTHORIZED,UNKNOWN,20260903-010534-redshadow-updated-checklist,artifacts/real-world/20260903-010534-redshadow-updated-checklist/recovery,This phase was outside the safe/current infrastructure boundary.
CHK-575,Phase 33 — GPU Workloads & Interrupt Handling,Test GPU-bound workload class,BLOCKED,BLOCKED_MISSING_GPU_OR_IRQ_WORKLOAD_INFRASTRUCTURE,UNKNOWN,20260903-010534-redshadow-updated-checklist,artifacts/real-world/20260903-010534-redshadow-updated-checklist/environment,This phase was outside the safe/current infrastructure boundary.
CHK-576,Phase 33 — GPU Workloads & Interrupt Handling,Test mixed CPU+GPU workload,BLOCKED,BLOCKED_MISSING_GPU_OR_IRQ_WORKLOAD_INFRASTRUCTURE,UNKNOWN,20260903-010534-redshadow-updated-checklist,artifacts/real-world/20260903-010534-redshadow-updated-checklist/environment,This phase was outside the safe/current infrastructure boundary.
CHK-577,Phase 33 — GPU Workloads & Interrupt Handling,Verify IRQ affinity interaction with ORCHESTRA migration decisions,INCONCLUSIVE,INCONCLUSIVE_NO_CAUSAL_IRQ_EXPERIMENT,INCONCLUSIVE,20260903-010534-redshadow-updated-checklist,artifacts/real-world/20260903-010534-redshadow-updated-checklist/environment,"Interrupt inventory was collected, but no causal IRQ/migration experiment was run."
CHK-578,Phase 33 — GPU Workloads & Interrupt Handling,Check irqbalance interaction/conflicts,BLOCKED,BLOCKED_MISSING_GPU_OR_IRQ_WORKLOAD_INFRASTRUCTURE,UNKNOWN,20260903-010534-redshadow-updated-checklist,artifacts/real-world/20260903-010534-redshadow-updated-checklist/environment,This phase was outside the safe/current infrastructure boundary.
CHK-579,Phase 33 — GPU Workloads & Interrupt Handling,Measure interrupt latency under ORCHESTRA scheduling,BLOCKED,BLOCKED_MISSING_GPU_OR_IRQ_WORKLOAD_INFRASTRUCTURE,UNKNOWN,20260903-010534-redshadow-updated-checklist,artifacts/real-world/20260903-010534-redshadow-updated-checklist/environment,This phase was outside the safe/current infrastructure boundary.
CHK-580,Phase 34 — Fuzz Testing,Fuzz Signal Bus shared-memory interface,BLOCKED,BLOCKED_NO_APPROVED_FUZZ_HARNESS,UNKNOWN,20260903-010534-redshadow-updated-checklist,artifacts/real-world/20260903-010534-redshadow-updated-checklist/security,This phase was outside the safe/current infrastructure boundary.
CHK-581,Phase 34 — Fuzz Testing,Fuzz any ioctl/sysfs/netlink control interface,BLOCKED,BLOCKED_NO_APPROVED_FUZZ_HARNESS,UNKNOWN,20260903-010534-redshadow-updated-checklist,artifacts/real-world/20260903-010534-redshadow-updated-checklist/security,This phase was outside the safe/current infrastructure boundary.
CHK-582,Phase 34 — Fuzz Testing,Fuzz signal-frame parsing paths,BLOCKED,BLOCKED_NO_APPROVED_FUZZ_HARNESS,UNKNOWN,20260903-010534-redshadow-updated-checklist,artifacts/real-world/20260903-010534-redshadow-updated-checklist/security,This phase was outside the safe/current infrastructure boundary.
CHK-583,Phase 34 — Fuzz Testing,Monitor for crashes/hangs/leaks under fuzzing,BLOCKED,BLOCKED_NO_APPROVED_FUZZ_HARNESS,UNKNOWN,20260903-010534-redshadow-updated-checklist,artifacts/real-world/20260903-010534-redshadow-updated-checklist/security,This phase was outside the safe/current infrastructure boundary.
CHK-584,Phase 34 — Fuzz Testing,Record and triage fuzzing findings,BLOCKED,BLOCKED_NO_APPROVED_FUZZ_HARNESS,UNKNOWN,20260903-010534-redshadow-updated-checklist,artifacts/real-world/20260903-010534-redshadow-updated-checklist/security,This phase was outside the safe/current infrastructure boundary.
CHK-585,Phase 35 — Release & Compliance,Verify GPL/license compliance for kernel-facing code,PASS,EVIDENCE_COLLECTED,EXPERIMENTALLY_VALIDATED,20260903-010534-redshadow-updated-checklist,artifacts/real-world/20260903-010534-redshadow-updated-checklist/environment,License inventory and SPDX/header checks archived.
CHK-586,Phase 35 — Release & Compliance,Verify license headers present where required,PASS,EVIDENCE_COLLECTED,EXPERIMENTALLY_VALIDATED,20260903-010534-redshadow-updated-checklist,artifacts/real-world/20260903-010534-redshadow-updated-checklist/environment,License inventory and SPDX/header checks archived.
CHK-587,Phase 35 — Release & Compliance,Review release notes/documentation for accuracy,FAIL,FAIL_CURRENT_SECURITY_SCAN_REGRESSION,UNKNOWN,20260903-010534-redshadow-updated-checklist,artifacts/real-world/20260903-010534-redshadow-updated-checklist/build,scripts/security-scan.sh and make check fail on a tracked hard-coded /home/... path in docs/demo/REALTIME_CFS_ORCHESTRA_DEMO.md; implementation was not changed.
