item_id,phase,checklist_item,original_status,original_reason_code,root_cause_category,disposition,remediation,evidence,source_campaign
CHK-026,Phase 1 — Kernel Build & Installation,Generate kernel/modules,BLOCKED,BLOCKED_KERNEL_INSTALL_OR_REBOOT_NOT_AUTHORIZED,SAFETY_AUTHORIZATION_OR_REBOOT_BOUNDARY,EXCLUDED_FROM_NO_BLOCK_SCOPE,Use a disposable host with fallback kernel and explicit reboot/install authorization.,artifacts/real-world/20260903-010534-redshadow-updated-checklist/kernel,20260903-010534-redshadow-updated-checklist
CHK-027,Phase 1 — Kernel Build & Installation,Install kernel,BLOCKED,BLOCKED_KERNEL_INSTALL_OR_REBOOT_NOT_AUTHORIZED,SAFETY_AUTHORIZATION_OR_REBOOT_BOUNDARY,EXCLUDED_FROM_NO_BLOCK_SCOPE,Use a disposable host with fallback kernel and explicit reboot/install authorization.,artifacts/real-world/20260903-010534-redshadow-updated-checklist/kernel,20260903-010534-redshadow-updated-checklist
CHK-028,Phase 1 — Kernel Build & Installation,Verify bootloader entry,BLOCKED,BLOCKED_KERNEL_INSTALL_OR_REBOOT_NOT_AUTHORIZED,SAFETY_AUTHORIZATION_OR_REBOOT_BOUNDARY,EXCLUDED_FROM_NO_BLOCK_SCOPE,Use a disposable host with fallback kernel and explicit reboot/install authorization.,artifacts/real-world/20260903-010534-redshadow-updated-checklist/kernel,20260903-010534-redshadow-updated-checklist
CHK-029,Phase 1 — Kernel Build & Installation,Retain known-good fallback kernel,BLOCKED,BLOCKED_KERNEL_INSTALL_OR_REBOOT_NOT_AUTHORIZED,SAFETY_AUTHORIZATION_OR_REBOOT_BOUNDARY,EXCLUDED_FROM_NO_BLOCK_SCOPE,Use a disposable host with fallback kernel and explicit reboot/install authorization.,artifacts/real-world/20260903-010534-redshadow-updated-checklist/kernel,20260903-010534-redshadow-updated-checklist
CHK-030,Phase 1 — Kernel Build & Installation,Boot ORCHESTRA kernel,BLOCKED,BLOCKED_KERNEL_INSTALL_OR_REBOOT_NOT_AUTHORIZED,SAFETY_AUTHORIZATION_OR_REBOOT_BOUNDARY,EXCLUDED_FROM_NO_BLOCK_SCOPE,Use a disposable host with fallback kernel and explicit reboot/install authorization.,artifacts/real-world/20260903-010534-redshadow-updated-checklist/kernel,20260903-010534-redshadow-updated-checklist
CHK-038,Phase 1 — Kernel Build & Installation,Boot fallback kernel,BLOCKED,BLOCKED_KERNEL_INSTALL_OR_REBOOT_NOT_AUTHORIZED,SAFETY_AUTHORIZATION_OR_REBOOT_BOUNDARY,EXCLUDED_FROM_NO_BLOCK_SCOPE,Use a disposable host with fallback kernel and explicit reboot/install authorization.,artifacts/real-world/20260903-010534-redshadow-updated-checklist/kernel,20260903-010534-redshadow-updated-checklist
CHK-039,Phase 1 — Kernel Build & Installation,Verify fallback remains usable,BLOCKED,BLOCKED_KERNEL_INSTALL_OR_REBOOT_NOT_AUTHORIZED,SAFETY_AUTHORIZATION_OR_REBOOT_BOUNDARY,EXCLUDED_FROM_NO_BLOCK_SCOPE,Use a disposable host with fallback kernel and explicit reboot/install authorization.,artifacts/real-world/20260903-010534-redshadow-updated-checklist/kernel,20260903-010534-redshadow-updated-checklist
CHK-040,Phase 1 — Kernel Build & Installation,Verify ORCHESTRA failure cannot prevent recovery,BLOCKED,BLOCKED_KERNEL_INSTALL_OR_REBOOT_NOT_AUTHORIZED,SAFETY_AUTHORIZATION_OR_REBOOT_BOUNDARY,EXCLUDED_FROM_NO_BLOCK_SCOPE,Use a disposable host with fallback kernel and explicit reboot/install authorization.,artifacts/real-world/20260903-010534-redshadow-updated-checklist/kernel,20260903-010534-redshadow-updated-checklist
CHK-069,Phase 3 — Hybrid Safety / Real-Time,Run RT + memory workload,BLOCKED,BLOCKED_MISSING_SAFE_WORKLOAD_INFRASTRUCTURE,MISSING_WORKLOAD_TOOLING_OR_PEER,EXCLUDED_FROM_NO_BLOCK_SCOPE,Authorize stress/fio or provide a valid network peer.,artifacts/real-world/20260903-010534-redshadow-updated-checklist/stress,20260903-010534-redshadow-updated-checklist
CHK-070,Phase 3 — Hybrid Safety / Real-Time,Run RT + I/O workload,BLOCKED,BLOCKED_MISSING_SAFE_WORKLOAD_INFRASTRUCTURE,MISSING_WORKLOAD_TOOLING_OR_PEER,EXCLUDED_FROM_NO_BLOCK_SCOPE,Authorize stress/fio or provide a valid network peer.,artifacts/real-world/20260903-010534-redshadow-updated-checklist/stress,20260903-010534-redshadow-updated-checklist
CHK-071,Phase 3 — Hybrid Safety / Real-Time,Run RT + network workload,BLOCKED,BLOCKED_MISSING_SAFE_WORKLOAD_INFRASTRUCTURE,MISSING_WORKLOAD_TOOLING_OR_PEER,EXCLUDED_FROM_NO_BLOCK_SCOPE,Authorize stress/fio or provide a valid network peer.,artifacts/real-world/20260903-010534-redshadow-updated-checklist/stress,20260903-010534-redshadow-updated-checklist
CHK-082,Phase 4 — Signal Bus,Verify scheduler-queue statistics,BLOCKED,BLOCKED_NOT_RUN_IN_SCOPE,NOT_OBSERVED_IN_PRIOR_RUN,EXCLUDED_FROM_NO_BLOCK_SCOPE,Capture the observation in the next command-logged run.,artifacts/real-world/20260903-010534-redshadow-updated-checklist,20260903-010534-redshadow-updated-checklist
CHK-087,Phase 4 — Signal Bus,Verify predicted values,BLOCKED,BLOCKED_PREDICTOR_NOT_IMPLEMENTED_IN_KERNEL,IMPLEMENTATION_MISSING_PREDICTOR,EXCLUDED_FROM_NO_BLOCK_SCOPE,Expose predictor output/timestamp/error/confidence or restrict to external prediction transport.,artifacts/real-world/20260903-010534-redshadow-updated-checklist/prediction,20260903-010534-redshadow-updated-checklist
CHK-088,Phase 4 — Signal Bus,Verify confidence,BLOCKED,BLOCKED_PREDICTOR_NOT_IMPLEMENTED_IN_KERNEL,IMPLEMENTATION_MISSING_PREDICTOR,EXCLUDED_FROM_NO_BLOCK_SCOPE,Expose predictor output/timestamp/error/confidence or restrict to external prediction transport.,artifacts/real-world/20260903-010534-redshadow-updated-checklist/prediction,20260903-010534-redshadow-updated-checklist
CHK-091,Phase 4 — Signal Bus,Measure signal update frequency and latency,BLOCKED,BLOCKED_INSUFFICIENT_OBSERVABILITY_OR_SAFE_INJECTOR,MISSING_OBSERVABILITY_TOOLING,EXCLUDED_FROM_NO_BLOCK_SCOPE,Authorize perf or an equivalent existing trace collector.,artifacts/real-world/20260903-010534-redshadow-updated-checklist/signal,20260903-010534-redshadow-updated-checklist
CHK-095,Phase 4 — Signal Bus,Verify unauthorized write fails,BLOCKED,BLOCKED_INSUFFICIENT_OBSERVABILITY_OR_SAFE_INJECTOR,MISSING_OBSERVABILITY_TOOLING,EXCLUDED_FROM_NO_BLOCK_SCOPE,Authorize perf or an equivalent existing trace collector.,artifacts/real-world/20260903-010534-redshadow-updated-checklist/signal,20260903-010534-redshadow-updated-checklist
CHK-097,Phase 4 — Signal Bus,Test multi-CPU reads,BLOCKED,BLOCKED_NOT_RUN_IN_SCOPE,NOT_OBSERVED_IN_PRIOR_RUN,EXCLUDED_FROM_NO_BLOCK_SCOPE,Capture the observation in the next command-logged run.,artifacts/real-world/20260903-010534-redshadow-updated-checklist,20260903-010534-redshadow-updated-checklist
CHK-098,Phase 4 — Signal Bus,Check corruption/cache contention,BLOCKED,BLOCKED_INSUFFICIENT_OBSERVABILITY_OR_SAFE_INJECTOR,MISSING_OBSERVABILITY_TOOLING,EXCLUDED_FROM_NO_BLOCK_SCOPE,Authorize perf or an equivalent existing trace collector.,artifacts/real-world/20260903-010534-redshadow-updated-checklist/signal,20260903-010534-redshadow-updated-checklist
CHK-100,Phase 4 — Signal Bus,"Test multi-core signal consistency, sequence numbers, timestamps and synchronization latency",BLOCKED,BLOCKED_INSUFFICIENT_OBSERVABILITY_OR_SAFE_INJECTOR,MISSING_OBSERVABILITY_TOOLING,EXCLUDED_FROM_NO_BLOCK_SCOPE,Authorize perf or an equivalent existing trace collector.,artifacts/real-world/20260903-010534-redshadow-updated-checklist/signal,20260903-010534-redshadow-updated-checklist
CHK-102,Phase 5 — Signal Integrity & Fault Injection,Modified signal rejected,BLOCKED,BLOCKED_CRYPTOGRAPHIC_SIGNAL_INTEGRITY_NOT_IMPLEMENTED,IMPLEMENTATION_MISSING_CRYPTO_INTEGRITY,EXCLUDED_FROM_NO_BLOCK_SCOPE,Implement kernel signal authentication before cryptographic validation.,artifacts/real-world/20260903-010534-redshadow-updated-checklist/security,20260903-010534-redshadow-updated-checklist
CHK-103,Phase 5 — Signal Integrity & Fault Injection,Invalid authentication rejected,BLOCKED,BLOCKED_CRYPTOGRAPHIC_SIGNAL_INTEGRITY_NOT_IMPLEMENTED,IMPLEMENTATION_MISSING_CRYPTO_INTEGRITY,EXCLUDED_FROM_NO_BLOCK_SCOPE,Implement kernel signal authentication before cryptographic validation.,artifacts/real-world/20260903-010534-redshadow-updated-checklist/security,20260903-010534-redshadow-updated-checklist
CHK-104,Phase 5 — Signal Integrity & Fault Injection,Wrong key rejected,BLOCKED,BLOCKED_CRYPTOGRAPHIC_SIGNAL_INTEGRITY_NOT_IMPLEMENTED,IMPLEMENTATION_MISSING_CRYPTO_INTEGRITY,EXCLUDED_FROM_NO_BLOCK_SCOPE,Implement kernel signal authentication before cryptographic validation.,artifacts/real-world/20260903-010534-redshadow-updated-checklist/security,20260903-010534-redshadow-updated-checklist
CHK-105,Phase 5 — Signal Integrity & Fault Injection,Corrupt frame rejected,BLOCKED,BLOCKED_CRYPTOGRAPHIC_SIGNAL_INTEGRITY_NOT_IMPLEMENTED,IMPLEMENTATION_MISSING_CRYPTO_INTEGRITY,EXCLUDED_FROM_NO_BLOCK_SCOPE,Implement kernel signal authentication before cryptographic validation.,artifacts/real-world/20260903-010534-redshadow-updated-checklist/security,20260903-010534-redshadow-updated-checklist
CHK-106,Phase 5 — Signal Integrity & Fault Injection,Incomplete frame rejected,BLOCKED,BLOCKED_CRYPTOGRAPHIC_SIGNAL_INTEGRITY_NOT_IMPLEMENTED,IMPLEMENTATION_MISSING_CRYPTO_INTEGRITY,EXCLUDED_FROM_NO_BLOCK_SCOPE,Implement kernel signal authentication before cryptographic validation.,artifacts/real-world/20260903-010534-redshadow-updated-checklist/security,20260903-010534-redshadow-updated-checklist
CHK-111,Phase 5 — Signal Integrity & Fault Injection,Stop signal producer,BLOCKED,BLOCKED_NO_SAFE_FAULT_INJECTION_INTERFACE,NO_SAFE_FAULT_INJECTOR,EXCLUDED_FROM_NO_BLOCK_SCOPE,Provide an approved producer/consumer fault injector.,artifacts/real-world/20260903-010534-redshadow-updated-checklist/security,20260903-010534-redshadow-updated-checklist
CHK-112,Phase 5 — Signal Integrity & Fault Injection,Stop signal consumer,BLOCKED,BLOCKED_NO_SAFE_FAULT_INJECTION_INTERFACE,NO_SAFE_FAULT_INJECTOR,EXCLUDED_FROM_NO_BLOCK_SCOPE,Provide an approved producer/consumer fault injector.,artifacts/real-world/20260903-010534-redshadow-updated-checklist/security,20260903-010534-redshadow-updated-checklist
CHK-113,Phase 5 — Signal Integrity & Fault Injection,Delay signal,BLOCKED,BLOCKED_NO_SAFE_FAULT_INJECTION_INTERFACE,NO_SAFE_FAULT_INJECTOR,EXCLUDED_FROM_NO_BLOCK_SCOPE,Provide an approved producer/consumer fault injector.,artifacts/real-world/20260903-010534-redshadow-updated-checklist/security,20260903-010534-redshadow-updated-checklist
CHK-114,Phase 5 — Signal Integrity & Fault Injection,Interrupt publication,BLOCKED,BLOCKED_NO_SAFE_FAULT_INJECTION_INTERFACE,NO_SAFE_FAULT_INJECTOR,EXCLUDED_FROM_NO_BLOCK_SCOPE,Provide an approved producer/consumer fault injector.,artifacts/real-world/20260903-010534-redshadow-updated-checklist/security,20260903-010534-redshadow-updated-checklist
CHK-115,Phase 5 — Signal Integrity & Fault Injection,Temporarily remove signal availability,BLOCKED,BLOCKED_NO_SAFE_FAULT_INJECTION_INTERFACE,NO_SAFE_FAULT_INJECTOR,EXCLUDED_FROM_NO_BLOCK_SCOPE,Provide an approved producer/consumer fault injector.,artifacts/real-world/20260903-010534-redshadow-updated-checklist/security,20260903-010534-redshadow-updated-checklist
CHK-119,Phase 6 — Predictive Scheduling Engine,Verify predictor initialization,BLOCKED,BLOCKED_PREDICTOR_NOT_IMPLEMENTED_IN_KERNEL,IMPLEMENTATION_MISSING_PREDICTOR,EXCLUDED_FROM_NO_BLOCK_SCOPE,Expose predictor output/timestamp/error/confidence or restrict to external prediction transport.,artifacts/real-world/20260903-010534-redshadow-updated-checklist/prediction,20260903-010534-redshadow-updated-checklist
CHK-120,Phase 6 — Predictive Scheduling Engine,Verify historical samples,BLOCKED,BLOCKED_PREDICTOR_NOT_IMPLEMENTED_IN_KERNEL,IMPLEMENTATION_MISSING_PREDICTOR,EXCLUDED_FROM_NO_BLOCK_SCOPE,Expose predictor output/timestamp/error/confidence or restrict to external prediction transport.,artifacts/real-world/20260903-010534-redshadow-updated-checklist/prediction,20260903-010534-redshadow-updated-checklist
CHK-121,Phase 6 — Predictive Scheduling Engine,Generate prediction,BLOCKED,BLOCKED_PREDICTOR_NOT_IMPLEMENTED_IN_KERNEL,IMPLEMENTATION_MISSING_PREDICTOR,EXCLUDED_FROM_NO_BLOCK_SCOPE,Expose predictor output/timestamp/error/confidence or restrict to external prediction transport.,artifacts/real-world/20260903-010534-redshadow-updated-checklist/prediction,20260903-010534-redshadow-updated-checklist
CHK-122,Phase 6 — Predictive Scheduling Engine,Verify prediction timestamp/horizon,BLOCKED,BLOCKED_PREDICTOR_NOT_IMPLEMENTED_IN_KERNEL,IMPLEMENTATION_MISSING_PREDICTOR,EXCLUDED_FROM_NO_BLOCK_SCOPE,Expose predictor output/timestamp/error/confidence or restrict to external prediction transport.,artifacts/real-world/20260903-010534-redshadow-updated-checklist/prediction,20260903-010534-redshadow-updated-checklist
CHK-123,Phase 6 — Predictive Scheduling Engine,Verify scheduler consumes prediction,BLOCKED,BLOCKED_PREDICTOR_NOT_IMPLEMENTED_IN_KERNEL,IMPLEMENTATION_MISSING_PREDICTOR,EXCLUDED_FROM_NO_BLOCK_SCOPE,Expose predictor output/timestamp/error/confidence or restrict to external prediction transport.,artifacts/real-world/20260903-010534-redshadow-updated-checklist/prediction,20260903-010534-redshadow-updated-checklist
CHK-124,Phase 6 — Predictive Scheduling Engine,Verify prediction expiry/replacement,BLOCKED,BLOCKED_PREDICTOR_NOT_IMPLEMENTED_IN_KERNEL,IMPLEMENTATION_MISSING_PREDICTOR,EXCLUDED_FROM_NO_BLOCK_SCOPE,Expose predictor output/timestamp/error/confidence or restrict to external prediction transport.,artifacts/real-world/20260903-010534-redshadow-updated-checklist/prediction,20260903-010534-redshadow-updated-checklist
CHK-125,Phase 6 — Predictive Scheduling Engine,Test stable CPU load,BLOCKED,BLOCKED_PREDICTOR_NOT_IMPLEMENTED_IN_KERNEL,IMPLEMENTATION_MISSING_PREDICTOR,EXCLUDED_FROM_NO_BLOCK_SCOPE,Expose predictor output/timestamp/error/confidence or restrict to external prediction transport.,artifacts/real-world/20260903-010534-redshadow-updated-checklist/prediction,20260903-010534-redshadow-updated-checklist
CHK-126,Phase 6 — Predictive Scheduling Engine,Increasing load,BLOCKED,BLOCKED_PREDICTOR_NOT_IMPLEMENTED_IN_KERNEL,IMPLEMENTATION_MISSING_PREDICTOR,EXCLUDED_FROM_NO_BLOCK_SCOPE,Expose predictor output/timestamp/error/confidence or restrict to external prediction transport.,artifacts/real-world/20260903-010534-redshadow-updated-checklist/prediction,20260903-010534-redshadow-updated-checklist
CHK-127,Phase 6 — Predictive Scheduling Engine,Decreasing load,BLOCKED,BLOCKED_PREDICTOR_NOT_IMPLEMENTED_IN_KERNEL,IMPLEMENTATION_MISSING_PREDICTOR,EXCLUDED_FROM_NO_BLOCK_SCOPE,Expose predictor output/timestamp/error/confidence or restrict to external prediction transport.,artifacts/real-world/20260903-010534-redshadow-updated-checklist/prediction,20260903-010534-redshadow-updated-checklist
CHK-128,Phase 6 — Predictive Scheduling Engine,Periodic load,BLOCKED,BLOCKED_PREDICTOR_NOT_IMPLEMENTED_IN_KERNEL,IMPLEMENTATION_MISSING_PREDICTOR,EXCLUDED_FROM_NO_BLOCK_SCOPE,Expose predictor output/timestamp/error/confidence or restrict to external prediction transport.,artifacts/real-world/20260903-010534-redshadow-updated-checklist/prediction,20260903-010534-redshadow-updated-checklist
CHK-129,Phase 6 — Predictive Scheduling Engine,Sudden CPU spike/drop,BLOCKED,BLOCKED_PREDICTOR_NOT_IMPLEMENTED_IN_KERNEL,IMPLEMENTATION_MISSING_PREDICTOR,EXCLUDED_FROM_NO_BLOCK_SCOPE,Expose predictor output/timestamp/error/confidence or restrict to external prediction transport.,artifacts/real-world/20260903-010534-redshadow-updated-checklist/prediction,20260903-010534-redshadow-updated-checklist
CHK-130,Phase 6 — Predictive Scheduling Engine,Memory pressure,BLOCKED,BLOCKED_PREDICTOR_NOT_IMPLEMENTED_IN_KERNEL,IMPLEMENTATION_MISSING_PREDICTOR,EXCLUDED_FROM_NO_BLOCK_SCOPE,Expose predictor output/timestamp/error/confidence or restrict to external prediction transport.,artifacts/real-world/20260903-010534-redshadow-updated-checklist/prediction,20260903-010534-redshadow-updated-checklist
CHK-131,Phase 6 — Predictive Scheduling Engine,I/O burst,BLOCKED,BLOCKED_PREDICTOR_NOT_IMPLEMENTED_IN_KERNEL,IMPLEMENTATION_MISSING_PREDICTOR,EXCLUDED_FROM_NO_BLOCK_SCOPE,Expose predictor output/timestamp/error/confidence or restrict to external prediction transport.,artifacts/real-world/20260903-010534-redshadow-updated-checklist/prediction,20260903-010534-redshadow-updated-checklist
CHK-132,Phase 6 — Predictive Scheduling Engine,Network burst,BLOCKED,BLOCKED_PREDICTOR_NOT_IMPLEMENTED_IN_KERNEL,IMPLEMENTATION_MISSING_PREDICTOR,EXCLUDED_FROM_NO_BLOCK_SCOPE,Expose predictor output/timestamp/error/confidence or restrict to external prediction transport.,artifacts/real-world/20260903-010534-redshadow-updated-checklist/prediction,20260903-010534-redshadow-updated-checklist
CHK-133,Phase 6 — Predictive Scheduling Engine,Mixed workload,BLOCKED,BLOCKED_PREDICTOR_NOT_IMPLEMENTED_IN_KERNEL,IMPLEMENTATION_MISSING_PREDICTOR,EXCLUDED_FROM_NO_BLOCK_SCOPE,Expose predictor output/timestamp/error/confidence or restrict to external prediction transport.,artifacts/real-world/20260903-010534-redshadow-updated-checklist/prediction,20260903-010534-redshadow-updated-checklist
CHK-134,Phase 6 — Predictive Scheduling Engine,Record MAE,BLOCKED,BLOCKED_PREDICTOR_NOT_IMPLEMENTED_IN_KERNEL,IMPLEMENTATION_MISSING_PREDICTOR,EXCLUDED_FROM_NO_BLOCK_SCOPE,Expose predictor output/timestamp/error/confidence or restrict to external prediction transport.,artifacts/real-world/20260903-010534-redshadow-updated-checklist/prediction,20260903-010534-redshadow-updated-checklist
CHK-135,Phase 6 — Predictive Scheduling Engine,Record MSE/RMSE,BLOCKED,BLOCKED_PREDICTOR_NOT_IMPLEMENTED_IN_KERNEL,IMPLEMENTATION_MISSING_PREDICTOR,EXCLUDED_FROM_NO_BLOCK_SCOPE,Expose predictor output/timestamp/error/confidence or restrict to external prediction transport.,artifacts/real-world/20260903-010534-redshadow-updated-checklist/prediction,20260903-010534-redshadow-updated-checklist
CHK-136,Phase 6 — Predictive Scheduling Engine,Record forecast bias,BLOCKED,BLOCKED_PREDICTOR_NOT_IMPLEMENTED_IN_KERNEL,IMPLEMENTATION_MISSING_PREDICTOR,EXCLUDED_FROM_NO_BLOCK_SCOPE,Expose predictor output/timestamp/error/confidence or restrict to external prediction transport.,artifacts/real-world/20260903-010534-redshadow-updated-checklist/prediction,20260903-010534-redshadow-updated-checklist
CHK-137,Phase 6 — Predictive Scheduling Engine,Record prediction latency,BLOCKED,BLOCKED_PREDICTOR_NOT_IMPLEMENTED_IN_KERNEL,IMPLEMENTATION_MISSING_PREDICTOR,EXCLUDED_FROM_NO_BLOCK_SCOPE,Expose predictor output/timestamp/error/confidence or restrict to external prediction transport.,artifacts/real-world/20260903-010534-redshadow-updated-checklist/prediction,20260903-010534-redshadow-updated-checklist
CHK-138,Phase 6 — Predictive Scheduling Engine,Record confidence,BLOCKED,BLOCKED_PREDICTOR_NOT_IMPLEMENTED_IN_KERNEL,IMPLEMENTATION_MISSING_PREDICTOR,EXCLUDED_FROM_NO_BLOCK_SCOPE,Expose predictor output/timestamp/error/confidence or restrict to external prediction transport.,artifacts/real-world/20260903-010534-redshadow-updated-checklist/prediction,20260903-010534-redshadow-updated-checklist
CHK-139,Phase 6 — Predictive Scheduling Engine,Record prediction error distribution,BLOCKED,BLOCKED_PREDICTOR_NOT_IMPLEMENTED_IN_KERNEL,IMPLEMENTATION_MISSING_PREDICTOR,EXCLUDED_FROM_NO_BLOCK_SCOPE,Expose predictor output/timestamp/error/confidence or restrict to external prediction transport.,artifacts/real-world/20260903-010534-redshadow-updated-checklist/prediction,20260903-010534-redshadow-updated-checklist
CHK-140,Phase 6 — Predictive Scheduling Engine,Test high-confidence prediction,BLOCKED,BLOCKED_PREDICTOR_NOT_IMPLEMENTED_IN_KERNEL,IMPLEMENTATION_MISSING_PREDICTOR,EXCLUDED_FROM_NO_BLOCK_SCOPE,Expose predictor output/timestamp/error/confidence or restrict to external prediction transport.,artifacts/real-world/20260903-010534-redshadow-updated-checklist/prediction,20260903-010534-redshadow-updated-checklist
CHK-141,Phase 6 — Predictive Scheduling Engine,Test low-confidence prediction,BLOCKED,BLOCKED_PREDICTOR_NOT_IMPLEMENTED_IN_KERNEL,IMPLEMENTATION_MISSING_PREDICTOR,EXCLUDED_FROM_NO_BLOCK_SCOPE,Expose predictor output/timestamp/error/confidence or restrict to external prediction transport.,artifacts/real-world/20260903-010534-redshadow-updated-checklist/prediction,20260903-010534-redshadow-updated-checklist
CHK-143,Phase 6 — Predictive Scheduling Engine,Verify predictor failure does not crash scheduler,BLOCKED,BLOCKED_PREDICTOR_NOT_IMPLEMENTED_IN_KERNEL,IMPLEMENTATION_MISSING_PREDICTOR,EXCLUDED_FROM_NO_BLOCK_SCOPE,Expose predictor output/timestamp/error/confidence or restrict to external prediction transport.,artifacts/real-world/20260903-010534-redshadow-updated-checklist/prediction,20260903-010534-redshadow-updated-checklist
CHK-144,Phase 6 — Predictive Scheduling Engine,Verify recovery,BLOCKED,BLOCKED_PREDICTOR_NOT_IMPLEMENTED_IN_KERNEL,IMPLEMENTATION_MISSING_PREDICTOR,EXCLUDED_FROM_NO_BLOCK_SCOPE,Expose predictor output/timestamp/error/confidence or restrict to external prediction transport.,artifacts/real-world/20260903-010534-redshadow-updated-checklist/prediction,20260903-010534-redshadow-updated-checklist
CHK-147,Phase 7 — Adaptive Response Function,Test SLEEP decision,BLOCKED,BLOCKED_NO_APPROVED_HERD_WORKLOAD,NO_HERD_OR_ABLATION_HARNESS,EXCLUDED_FROM_NO_BLOCK_SCOPE,Provide synchronized-population and ablation controls.,artifacts/real-world/20260903-010534-redshadow-updated-checklist/coordination,20260903-010534-redshadow-updated-checklist
CHK-158,Phase 7 — Adaptive Response Function,Test synchronized migrations,BLOCKED,BLOCKED_NO_APPROVED_HERD_WORKLOAD,NO_HERD_OR_ABLATION_HARNESS,EXCLUDED_FROM_NO_BLOCK_SCOPE,Provide synchronized-population and ablation controls.,artifacts/real-world/20260903-010534-redshadow-updated-checklist/coordination,20260903-010534-redshadow-updated-checklist
CHK-159,Phase 7 — Adaptive Response Function,wake-ups,BLOCKED,BLOCKED_NO_APPROVED_HERD_WORKLOAD,NO_HERD_OR_ABLATION_HARNESS,EXCLUDED_FROM_NO_BLOCK_SCOPE,Provide synchronized-population and ablation controls.,artifacts/real-world/20260903-010534-redshadow-updated-checklist/coordination,20260903-010534-redshadow-updated-checklist
CHK-160,Phase 7 — Adaptive Response Function,sleep,BLOCKED,BLOCKED_NO_APPROVED_HERD_WORKLOAD,NO_HERD_OR_ABLATION_HARNESS,EXCLUDED_FROM_NO_BLOCK_SCOPE,Provide synchronized-population and ablation controls.,artifacts/real-world/20260903-010534-redshadow-updated-checklist/coordination,20260903-010534-redshadow-updated-checklist
CHK-161,Phase 7 — Adaptive Response Function,throttling,BLOCKED,BLOCKED_NO_APPROVED_HERD_WORKLOAD,NO_HERD_OR_ABLATION_HARNESS,EXCLUDED_FROM_NO_BLOCK_SCOPE,Provide synchronized-population and ablation controls.,artifacts/real-world/20260903-010534-redshadow-updated-checklist/coordination,20260903-010534-redshadow-updated-checklist
CHK-162,Phase 7 — Adaptive Response Function,collective oscillation,BLOCKED,BLOCKED_NO_APPROVED_HERD_WORKLOAD,NO_HERD_OR_ABLATION_HARNESS,EXCLUDED_FROM_NO_BLOCK_SCOPE,Provide synchronized-population and ablation controls.,artifacts/real-world/20260903-010534-redshadow-updated-checklist/coordination,20260903-010534-redshadow-updated-checklist
CHK-163,Phase 7 — Adaptive Response Function,mass switching,BLOCKED,BLOCKED_NO_APPROVED_HERD_WORKLOAD,NO_HERD_OR_ABLATION_HARNESS,EXCLUDED_FROM_NO_BLOCK_SCOPE,Provide synchronized-population and ablation controls.,artifacts/real-world/20260903-010534-redshadow-updated-checklist/coordination,20260903-010534-redshadow-updated-checklist
CHK-164,Phase 7 — Adaptive Response Function,CPU hot-spot formation,BLOCKED,BLOCKED_NO_APPROVED_HERD_WORKLOAD,NO_HERD_OR_ABLATION_HARNESS,EXCLUDED_FROM_NO_BLOCK_SCOPE,Provide synchronized-population and ablation controls.,artifacts/real-world/20260903-010534-redshadow-updated-checklist/coordination,20260903-010534-redshadow-updated-checklist
CHK-165,Phase 7 — Adaptive Response Function,load oscillation,BLOCKED,BLOCKED_NO_APPROVED_HERD_WORKLOAD,NO_HERD_OR_ABLATION_HARNESS,EXCLUDED_FROM_NO_BLOCK_SCOPE,Provide synchronized-population and ablation controls.,artifacts/real-world/20260903-010534-redshadow-updated-checklist/coordination,20260903-010534-redshadow-updated-checklist
CHK-211,Phase 10 — Instrumentation & Observability,Trace scheduling decisions and associated signal state,BLOCKED,BLOCKED_INSUFFICIENT_OBSERVABILITY,MISSING_OBSERVABILITY_TOOLING,EXCLUDED_FROM_NO_BLOCK_SCOPE,Authorize perf or an equivalent existing trace collector.,artifacts/real-world/20260903-010534-redshadow-updated-checklist/sched_ext,20260903-010534-redshadow-updated-checklist
CHK-212,Phase 10 — Instrumentation & Observability,Trace signal creation/publication/dissemination/validation/expiry/replacement,BLOCKED,BLOCKED_INSUFFICIENT_OBSERVABILITY,MISSING_OBSERVABILITY_TOOLING,EXCLUDED_FROM_NO_BLOCK_SCOPE,Authorize perf or an equivalent existing trace collector.,artifacts/real-world/20260903-010534-redshadow-updated-checklist/sched_ext,20260903-010534-redshadow-updated-checklist
CHK-213,Phase 10 — Instrumentation & Observability,Measure signal propagation latency,BLOCKED,BLOCKED_INSUFFICIENT_OBSERVABILITY,MISSING_OBSERVABILITY_TOOLING,EXCLUDED_FROM_NO_BLOCK_SCOPE,Authorize perf or an equivalent existing trace collector.,artifacts/real-world/20260903-010534-redshadow-updated-checklist/sched_ext,20260903-010534-redshadow-updated-checklist
CHK-215,Phase 10 — Instrumentation & Observability,Record prediction generation time/value/confidence/error/latency/model version,BLOCKED,BLOCKED_INSUFFICIENT_OBSERVABILITY,MISSING_OBSERVABILITY_TOOLING,EXCLUDED_FROM_NO_BLOCK_SCOPE,Authorize perf or an equivalent existing trace collector.,artifacts/real-world/20260903-010534-redshadow-updated-checklist/sched_ext,20260903-010534-redshadow-updated-checklist
CHK-220,Phase 11 — Performance Overhead,Context-switch overhead,BLOCKED,BLOCKED_MISSING_PERF_OR_DETAILED_TELEMETRY,MISSING_OBSERVABILITY_TOOLING,EXCLUDED_FROM_NO_BLOCK_SCOPE,Authorize perf or an equivalent existing trace collector.,artifacts/real-world/20260903-010534-redshadow-updated-checklist/baseline,20260903-010534-redshadow-updated-checklist
CHK-222,Phase 11 — Performance Overhead,Prediction computation cost,BLOCKED,BLOCKED_MISSING_PERF_OR_DETAILED_TELEMETRY,MISSING_OBSERVABILITY_TOOLING,EXCLUDED_FROM_NO_BLOCK_SCOPE,Authorize perf or an equivalent existing trace collector.,artifacts/real-world/20260903-010534-redshadow-updated-checklist/baseline,20260903-010534-redshadow-updated-checklist
CHK-223,Phase 11 — Performance Overhead,Signal Bus cost,BLOCKED,BLOCKED_MISSING_PERF_OR_DETAILED_TELEMETRY,MISSING_OBSERVABILITY_TOOLING,EXCLUDED_FROM_NO_BLOCK_SCOPE,Authorize perf or an equivalent existing trace collector.,artifacts/real-world/20260903-010534-redshadow-updated-checklist/baseline,20260903-010534-redshadow-updated-checklist
CHK-224,Phase 11 — Performance Overhead,HMAC/integrity verification cost,BLOCKED,BLOCKED_MISSING_PERF_OR_DETAILED_TELEMETRY,MISSING_OBSERVABILITY_TOOLING,EXCLUDED_FROM_NO_BLOCK_SCOPE,Authorize perf or an equivalent existing trace collector.,artifacts/real-world/20260903-010534-redshadow-updated-checklist/baseline,20260903-010534-redshadow-updated-checklist
CHK-225,Phase 11 — Performance Overhead,Coordination-index cost,BLOCKED,BLOCKED_MISSING_PERF_OR_DETAILED_TELEMETRY,MISSING_OBSERVABILITY_TOOLING,EXCLUDED_FROM_NO_BLOCK_SCOPE,Authorize perf or an equivalent existing trace collector.,artifacts/real-world/20260903-010534-redshadow-updated-checklist/baseline,20260903-010534-redshadow-updated-checklist
CHK-226,Phase 11 — Performance Overhead,Controller cost,BLOCKED,BLOCKED_MISSING_PERF_OR_DETAILED_TELEMETRY,MISSING_OBSERVABILITY_TOOLING,EXCLUDED_FROM_NO_BLOCK_SCOPE,Authorize perf or an equivalent existing trace collector.,artifacts/real-world/20260903-010534-redshadow-updated-checklist/baseline,20260903-010534-redshadow-updated-checklist
CHK-227,Phase 11 — Performance Overhead,Adaptive-policy cost,BLOCKED,BLOCKED_MISSING_PERF_OR_DETAILED_TELEMETRY,MISSING_OBSERVABILITY_TOOLING,EXCLUDED_FROM_NO_BLOCK_SCOPE,Authorize perf or an equivalent existing trace collector.,artifacts/real-world/20260903-010534-redshadow-updated-checklist/baseline,20260903-010534-redshadow-updated-checklist
CHK-228,Phase 11 — Performance Overhead,Monitoring cost,BLOCKED,BLOCKED_MISSING_PERF_OR_DETAILED_TELEMETRY,MISSING_OBSERVABILITY_TOOLING,EXCLUDED_FROM_NO_BLOCK_SCOPE,Authorize perf or an equivalent existing trace collector.,artifacts/real-world/20260903-010534-redshadow-updated-checklist/baseline,20260903-010534-redshadow-updated-checklist
CHK-232,Phase 11 — Performance Overhead,Cache misses/hit rate,BLOCKED,BLOCKED_MISSING_PERF_OR_DETAILED_TELEMETRY,MISSING_OBSERVABILITY_TOOLING,EXCLUDED_FROM_NO_BLOCK_SCOPE,Authorize perf or an equivalent existing trace collector.,artifacts/real-world/20260903-010534-redshadow-updated-checklist/baseline,20260903-010534-redshadow-updated-checklist
CHK-233,Phase 11 — Performance Overhead,Lock contention,BLOCKED,BLOCKED_MISSING_PERF_OR_DETAILED_TELEMETRY,MISSING_OBSERVABILITY_TOOLING,EXCLUDED_FROM_NO_BLOCK_SCOPE,Authorize perf or an equivalent existing trace collector.,artifacts/real-world/20260903-010534-redshadow-updated-checklist/baseline,20260903-010534-redshadow-updated-checklist
CHK-234,Phase 11 — Performance Overhead,Synchronization overhead,BLOCKED,BLOCKED_MISSING_PERF_OR_DETAILED_TELEMETRY,MISSING_OBSERVABILITY_TOOLING,EXCLUDED_FROM_NO_BLOCK_SCOPE,Authorize perf or an equivalent existing trace collector.,artifacts/real-world/20260903-010534-redshadow-updated-checklist/baseline,20260903-010534-redshadow-updated-checklist
CHK-235,Phase 11 — Performance Overhead,Inter-CPU communication overhead,BLOCKED,BLOCKED_MISSING_PERF_OR_DETAILED_TELEMETRY,MISSING_OBSERVABILITY_TOOLING,EXCLUDED_FROM_NO_BLOCK_SCOPE,Authorize perf or an equivalent existing trace collector.,artifacts/real-world/20260903-010534-redshadow-updated-checklist/baseline,20260903-010534-redshadow-updated-checklist
CHK-240,Phase 12 — Workload Matrix,CPU: over-subscribed,BLOCKED,BLOCKED_NOT_RUN_OR_NOT_CONTROLLED,STRESS_REGIME_NOT_CONTROLLED,EXCLUDED_FROM_NO_BLOCK_SCOPE,Use progressive stress with declared CPU/thermal stop conditions.,artifacts/real-world/20260903-010534-redshadow-updated-checklist/workload,20260903-010534-redshadow-updated-checklist
CHK-241,Phase 12 — Workload Matrix,CPU: bursty,BLOCKED,BLOCKED_NOT_RUN_OR_NOT_CONTROLLED,STRESS_REGIME_NOT_CONTROLLED,EXCLUDED_FROM_NO_BLOCK_SCOPE,Use progressive stress with declared CPU/thermal stop conditions.,artifacts/real-world/20260903-010534-redshadow-updated-checklist/workload,20260903-010534-redshadow-updated-checklist
CHK-242,Phase 12 — Workload Matrix,Memory: sequential,BLOCKED,BLOCKED_MISSING_STRESS_OR_NETWORK_INFRASTRUCTURE,MISSING_WORKLOAD_TOOLING_OR_PEER,EXCLUDED_FROM_NO_BLOCK_SCOPE,Authorize stress/fio or provide a valid network peer.,artifacts/real-world/20260903-010534-redshadow-updated-checklist/stress,20260903-010534-redshadow-updated-checklist
CHK-243,Phase 12 — Workload Matrix,Memory: random,BLOCKED,BLOCKED_MISSING_STRESS_OR_NETWORK_INFRASTRUCTURE,MISSING_WORKLOAD_TOOLING_OR_PEER,EXCLUDED_FROM_NO_BLOCK_SCOPE,Authorize stress/fio or provide a valid network peer.,artifacts/real-world/20260903-010534-redshadow-updated-checklist/stress,20260903-010534-redshadow-updated-checklist
CHK-244,Phase 12 — Workload Matrix,Memory: high pressure,BLOCKED,BLOCKED_MISSING_STRESS_OR_NETWORK_INFRASTRUCTURE,MISSING_WORKLOAD_TOOLING_OR_PEER,EXCLUDED_FROM_NO_BLOCK_SCOPE,Authorize stress/fio or provide a valid network peer.,artifacts/real-world/20260903-010534-redshadow-updated-checklist/stress,20260903-010534-redshadow-updated-checklist
CHK-245,Phase 12 — Workload Matrix,Memory: near exhaustion,BLOCKED,BLOCKED_MISSING_STRESS_OR_NETWORK_INFRASTRUCTURE,MISSING_WORKLOAD_TOOLING_OR_PEER,EXCLUDED_FROM_NO_BLOCK_SCOPE,Authorize stress/fio or provide a valid network peer.,artifacts/real-world/20260903-010534-redshadow-updated-checklist/stress,20260903-010534-redshadow-updated-checklist
CHK-246,Phase 12 — Workload Matrix,Memory: multiple workers,BLOCKED,BLOCKED_MISSING_STRESS_OR_NETWORK_INFRASTRUCTURE,MISSING_WORKLOAD_TOOLING_OR_PEER,EXCLUDED_FROM_NO_BLOCK_SCOPE,Authorize stress/fio or provide a valid network peer.,artifacts/real-world/20260903-010534-redshadow-updated-checklist/stress,20260903-010534-redshadow-updated-checklist
CHK-248,Phase 12 — Workload Matrix,I/O: random read/write,BLOCKED,BLOCKED_MISSING_FIO_OR_RANDOM_IO_TOOL,MISSING_WORKLOAD_TOOLING_OR_PEER,EXCLUDED_FROM_NO_BLOCK_SCOPE,Authorize stress/fio or provide a valid network peer.,artifacts/real-world/20260903-010534-redshadow-updated-checklist/workload,20260903-010534-redshadow-updated-checklist
CHK-253,Phase 12 — Workload Matrix,Network: high throughput,BLOCKED,BLOCKED_MISSING_TEST_INFRASTRUCTURE,MISSING_WORKLOAD_TOOLING_OR_PEER,EXCLUDED_FROM_NO_BLOCK_SCOPE,Authorize stress/fio or provide a valid network peer.,artifacts/real-world/20260903-010534-redshadow-updated-checklist/workload,20260903-010534-redshadow-updated-checklist
CHK-254,Phase 12 — Workload Matrix,Network: high packet rate,BLOCKED,BLOCKED_MISSING_TEST_INFRASTRUCTURE,MISSING_WORKLOAD_TOOLING_OR_PEER,EXCLUDED_FROM_NO_BLOCK_SCOPE,Authorize stress/fio or provide a valid network peer.,artifacts/real-world/20260903-010534-redshadow-updated-checklist/workload,20260903-010534-redshadow-updated-checklist
CHK-255,Phase 12 — Workload Matrix,Network: multiple processes,BLOCKED,BLOCKED_MISSING_TEST_INFRASTRUCTURE,MISSING_WORKLOAD_TOOLING_OR_PEER,EXCLUDED_FROM_NO_BLOCK_SCOPE,Authorize stress/fio or provide a valid network peer.,artifacts/real-world/20260903-010534-redshadow-updated-checklist/workload,20260903-010534-redshadow-updated-checklist
CHK-256,Phase 12 — Workload Matrix,Network: bursty,BLOCKED,BLOCKED_MISSING_TEST_INFRASTRUCTURE,MISSING_WORKLOAD_TOOLING_OR_PEER,EXCLUDED_FROM_NO_BLOCK_SCOPE,Authorize stress/fio or provide a valid network peer.,artifacts/real-world/20260903-010534-redshadow-updated-checklist/workload,20260903-010534-redshadow-updated-checklist
CHK-257,Phase 12 — Workload Matrix,Network: mixed CPU/network,BLOCKED,BLOCKED_MISSING_TEST_INFRASTRUCTURE,MISSING_WORKLOAD_TOOLING_OR_PEER,EXCLUDED_FROM_NO_BLOCK_SCOPE,Authorize stress/fio or provide a valid network peer.,artifacts/real-world/20260903-010534-redshadow-updated-checklist/workload,20260903-010534-redshadow-updated-checklist
CHK-258,Phase 12 — Workload Matrix,Mixed: CPU+memory,BLOCKED,BLOCKED_MISSING_STRESS_OR_NETWORK_INFRASTRUCTURE,MISSING_WORKLOAD_TOOLING_OR_PEER,EXCLUDED_FROM_NO_BLOCK_SCOPE,Authorize stress/fio or provide a valid network peer.,artifacts/real-world/20260903-010534-redshadow-updated-checklist/stress,20260903-010534-redshadow-updated-checklist
CHK-260,Phase 12 — Workload Matrix,CPU+network,BLOCKED,BLOCKED_MISSING_STRESS_OR_NETWORK_INFRASTRUCTURE,MISSING_WORKLOAD_TOOLING_OR_PEER,EXCLUDED_FROM_NO_BLOCK_SCOPE,Authorize stress/fio or provide a valid network peer.,artifacts/real-world/20260903-010534-redshadow-updated-checklist/stress,20260903-010534-redshadow-updated-checklist
CHK-261,Phase 12 — Workload Matrix,memory+I/O,BLOCKED,BLOCKED_MISSING_STRESS_OR_NETWORK_INFRASTRUCTURE,MISSING_WORKLOAD_TOOLING_OR_PEER,EXCLUDED_FROM_NO_BLOCK_SCOPE,Authorize stress/fio or provide a valid network peer.,artifacts/real-world/20260903-010534-redshadow-updated-checklist/stress,20260903-010534-redshadow-updated-checklist
CHK-262,Phase 12 — Workload Matrix,CPU+memory+I/O,BLOCKED,BLOCKED_MISSING_STRESS_OR_NETWORK_INFRASTRUCTURE,MISSING_WORKLOAD_TOOLING_OR_PEER,EXCLUDED_FROM_NO_BLOCK_SCOPE,Authorize stress/fio or provide a valid network peer.,artifacts/real-world/20260903-010534-redshadow-updated-checklist/stress,20260903-010534-redshadow-updated-checklist
CHK-263,Phase 12 — Workload Matrix,CPU+memory+network,BLOCKED,BLOCKED_MISSING_STRESS_OR_NETWORK_INFRASTRUCTURE,MISSING_WORKLOAD_TOOLING_OR_PEER,EXCLUDED_FROM_NO_BLOCK_SCOPE,Authorize stress/fio or provide a valid network peer.,artifacts/real-world/20260903-010534-redshadow-updated-checklist/stress,20260903-010534-redshadow-updated-checklist
CHK-264,Phase 12 — Workload Matrix,full mixed workload,BLOCKED,BLOCKED_MISSING_STRESS_OR_NETWORK_INFRASTRUCTURE,MISSING_WORKLOAD_TOOLING_OR_PEER,EXCLUDED_FROM_NO_BLOCK_SCOPE,Authorize stress/fio or provide a valid network peer.,artifacts/real-world/20260903-010534-redshadow-updated-checklist/stress,20260903-010534-redshadow-updated-checklist
CHK-266,Phase 13 — Dynamic Workloads,Gradually increasing load,BLOCKED,BLOCKED_NO_DYNAMIC_WORKLOAD_HARNESS,NO_DYNAMIC_WORKLOAD_HARNESS,EXCLUDED_FROM_NO_BLOCK_SCOPE,Provide an existing dynamic regime-transition driver.,artifacts/real-world/20260903-010534-redshadow-updated-checklist/workload,20260903-010534-redshadow-updated-checklist
CHK-267,Phase 13 — Dynamic Workloads,Gradually decreasing load,BLOCKED,BLOCKED_NO_DYNAMIC_WORKLOAD_HARNESS,NO_DYNAMIC_WORKLOAD_HARNESS,EXCLUDED_FROM_NO_BLOCK_SCOPE,Provide an existing dynamic regime-transition driver.,artifacts/real-world/20260903-010534-redshadow-updated-checklist/workload,20260903-010534-redshadow-updated-checklist
CHK-268,Phase 13 — Dynamic Workloads,Sudden load spike,BLOCKED,BLOCKED_NO_DYNAMIC_WORKLOAD_HARNESS,NO_DYNAMIC_WORKLOAD_HARNESS,EXCLUDED_FROM_NO_BLOCK_SCOPE,Provide an existing dynamic regime-transition driver.,artifacts/real-world/20260903-010534-redshadow-updated-checklist/workload,20260903-010534-redshadow-updated-checklist
CHK-269,Phase 13 — Dynamic Workloads,Sudden load collapse,BLOCKED,BLOCKED_NO_DYNAMIC_WORKLOAD_HARNESS,NO_DYNAMIC_WORKLOAD_HARNESS,EXCLUDED_FROM_NO_BLOCK_SCOPE,Provide an existing dynamic regime-transition driver.,artifacts/real-world/20260903-010534-redshadow-updated-checklist/workload,20260903-010534-redshadow-updated-checklist
CHK-270,Phase 13 — Dynamic Workloads,Periodic workload,BLOCKED,BLOCKED_NO_DYNAMIC_WORKLOAD_HARNESS,NO_DYNAMIC_WORKLOAD_HARNESS,EXCLUDED_FROM_NO_BLOCK_SCOPE,Provide an existing dynamic regime-transition driver.,artifacts/real-world/20260903-010534-redshadow-updated-checklist/workload,20260903-010534-redshadow-updated-checklist
CHK-271,Phase 13 — Dynamic Workloads,Alternating workload,BLOCKED,BLOCKED_NO_DYNAMIC_WORKLOAD_HARNESS,NO_DYNAMIC_WORKLOAD_HARNESS,EXCLUDED_FROM_NO_BLOCK_SCOPE,Provide an existing dynamic regime-transition driver.,artifacts/real-world/20260903-010534-redshadow-updated-checklist/workload,20260903-010534-redshadow-updated-checklist
CHK-272,Phase 13 — Dynamic Workloads,Random workload,BLOCKED,BLOCKED_NO_DYNAMIC_WORKLOAD_HARNESS,NO_DYNAMIC_WORKLOAD_HARNESS,EXCLUDED_FROM_NO_BLOCK_SCOPE,Provide an existing dynamic regime-transition driver.,artifacts/real-world/20260903-010534-redshadow-updated-checklist/workload,20260903-010534-redshadow-updated-checklist
CHK-273,Phase 13 — Dynamic Workloads,Bursty workload,BLOCKED,BLOCKED_NO_DYNAMIC_WORKLOAD_HARNESS,NO_DYNAMIC_WORKLOAD_HARNESS,EXCLUDED_FROM_NO_BLOCK_SCOPE,Provide an existing dynamic regime-transition driver.,artifacts/real-world/20260903-010534-redshadow-updated-checklist/workload,20260903-010534-redshadow-updated-checklist
CHK-274,Phase 13 — Dynamic Workloads,Multiple simultaneous transitions,BLOCKED,BLOCKED_NO_DYNAMIC_WORKLOAD_HARNESS,NO_DYNAMIC_WORKLOAD_HARNESS,EXCLUDED_FROM_NO_BLOCK_SCOPE,Provide an existing dynamic regime-transition driver.,artifacts/real-world/20260903-010534-redshadow-updated-checklist/workload,20260903-010534-redshadow-updated-checklist
CHK-276,Phase 13 — Dynamic Workloads,"For every dynamic case record prediction accuracy, response latency, Q, CPU utilization, throughput, migration rate, oscillation rate and recovery time",BLOCKED,BLOCKED_NO_DYNAMIC_WORKLOAD_HARNESS,NO_DYNAMIC_WORKLOAD_HARNESS,EXCLUDED_FROM_NO_BLOCK_SCOPE,Provide an existing dynamic regime-transition driver.,artifacts/real-world/20260903-010534-redshadow-updated-checklist/workload,20260903-010534-redshadow-updated-checklist
CHK-277,Phase 14 — Stress Testing,CPU at 50%,BLOCKED,BLOCKED_NOT_RUN_OR_THERMAL_INTENSITY_NOT_CONTROLLED,STRESS_REGIME_NOT_CONTROLLED,EXCLUDED_FROM_NO_BLOCK_SCOPE,Use progressive stress with declared CPU/thermal stop conditions.,artifacts/real-world/20260903-010534-redshadow-updated-checklist/stress,20260903-010534-redshadow-updated-checklist
CHK-278,Phase 14 — Stress Testing,70%,BLOCKED,BLOCKED_NOT_RUN_OR_THERMAL_INTENSITY_NOT_CONTROLLED,STRESS_REGIME_NOT_CONTROLLED,EXCLUDED_FROM_NO_BLOCK_SCOPE,Use progressive stress with declared CPU/thermal stop conditions.,artifacts/real-world/20260903-010534-redshadow-updated-checklist/stress,20260903-010534-redshadow-updated-checklist
CHK-279,Phase 14 — Stress Testing,80%,BLOCKED,BLOCKED_NOT_RUN_OR_THERMAL_INTENSITY_NOT_CONTROLLED,STRESS_REGIME_NOT_CONTROLLED,EXCLUDED_FROM_NO_BLOCK_SCOPE,Use progressive stress with declared CPU/thermal stop conditions.,artifacts/real-world/20260903-010534-redshadow-updated-checklist/stress,20260903-010534-redshadow-updated-checklist
CHK-280,Phase 14 — Stress Testing,90%,BLOCKED,BLOCKED_NOT_RUN_OR_THERMAL_INTENSITY_NOT_CONTROLLED,STRESS_REGIME_NOT_CONTROLLED,EXCLUDED_FROM_NO_BLOCK_SCOPE,Use progressive stress with declared CPU/thermal stop conditions.,artifacts/real-world/20260903-010534-redshadow-updated-checklist/stress,20260903-010534-redshadow-updated-checklist
CHK-281,Phase 14 — Stress Testing,95%,BLOCKED,BLOCKED_NOT_RUN_OR_THERMAL_INTENSITY_NOT_CONTROLLED,STRESS_REGIME_NOT_CONTROLLED,EXCLUDED_FROM_NO_BLOCK_SCOPE,Use progressive stress with declared CPU/thermal stop conditions.,artifacts/real-world/20260903-010534-redshadow-updated-checklist/stress,20260903-010534-redshadow-updated-checklist
CHK-282,Phase 14 — Stress Testing,near saturation,BLOCKED,BLOCKED_NOT_RUN_OR_THERMAL_INTENSITY_NOT_CONTROLLED,STRESS_REGIME_NOT_CONTROLLED,EXCLUDED_FROM_NO_BLOCK_SCOPE,Use progressive stress with declared CPU/thermal stop conditions.,artifacts/real-world/20260903-010534-redshadow-updated-checklist/stress,20260903-010534-redshadow-updated-checklist
CHK-283,Phase 14 — Stress Testing,full saturation,BLOCKED,BLOCKED_NOT_RUN_OR_THERMAL_INTENSITY_NOT_CONTROLLED,STRESS_REGIME_NOT_CONTROLLED,EXCLUDED_FROM_NO_BLOCK_SCOPE,Use progressive stress with declared CPU/thermal stop conditions.,artifacts/real-world/20260903-010534-redshadow-updated-checklist/stress,20260903-010534-redshadow-updated-checklist
CHK-284,Phase 14 — Stress Testing,Moderate memory pressure,BLOCKED,BLOCKED_NOT_RUN_OR_THERMAL_INTENSITY_NOT_CONTROLLED,STRESS_REGIME_NOT_CONTROLLED,EXCLUDED_FROM_NO_BLOCK_SCOPE,Use progressive stress with declared CPU/thermal stop conditions.,artifacts/real-world/20260903-010534-redshadow-updated-checklist/stress,20260903-010534-redshadow-updated-checklist
CHK-285,Phase 14 — Stress Testing,High memory pressure,BLOCKED,BLOCKED_NOT_RUN_OR_THERMAL_INTENSITY_NOT_CONTROLLED,STRESS_REGIME_NOT_CONTROLLED,EXCLUDED_FROM_NO_BLOCK_SCOPE,Use progressive stress with declared CPU/thermal stop conditions.,artifacts/real-world/20260903-010534-redshadow-updated-checklist/stress,20260903-010534-redshadow-updated-checklist
CHK-286,Phase 14 — Stress Testing,Near exhaustion,BLOCKED,BLOCKED_NOT_RUN_OR_THERMAL_INTENSITY_NOT_CONTROLLED,STRESS_REGIME_NOT_CONTROLLED,EXCLUDED_FROM_NO_BLOCK_SCOPE,Use progressive stress with declared CPU/thermal stop conditions.,artifacts/real-world/20260903-010534-redshadow-updated-checklist/stress,20260903-010534-redshadow-updated-checklist
CHK-287,Phase 14 — Stress Testing,Concurrent memory workers,BLOCKED,BLOCKED_NOT_RUN_OR_THERMAL_INTENSITY_NOT_CONTROLLED,STRESS_REGIME_NOT_CONTROLLED,EXCLUDED_FROM_NO_BLOCK_SCOPE,Use progressive stress with declared CPU/thermal stop conditions.,artifacts/real-world/20260903-010534-redshadow-updated-checklist/stress,20260903-010534-redshadow-updated-checklist
CHK-288,Phase 14 — Stress Testing,One CPU heavily loaded,BLOCKED,BLOCKED_NOT_RUN_OR_THERMAL_INTENSITY_NOT_CONTROLLED,STRESS_REGIME_NOT_CONTROLLED,EXCLUDED_FROM_NO_BLOCK_SCOPE,Use progressive stress with declared CPU/thermal stop conditions.,artifacts/real-world/20260903-010534-redshadow-updated-checklist/stress,20260903-010534-redshadow-updated-checklist
CHK-289,Phase 14 — Stress Testing,Half CPUs heavily loaded,BLOCKED,BLOCKED_NOT_RUN_OR_THERMAL_INTENSITY_NOT_CONTROLLED,STRESS_REGIME_NOT_CONTROLLED,EXCLUDED_FROM_NO_BLOCK_SCOPE,Use progressive stress with declared CPU/thermal stop conditions.,artifacts/real-world/20260903-010534-redshadow-updated-checklist/stress,20260903-010534-redshadow-updated-checklist
CHK-290,Phase 14 — Stress Testing,Uneven workload distribution,BLOCKED,BLOCKED_NOT_RUN_OR_THERMAL_INTENSITY_NOT_CONTROLLED,STRESS_REGIME_NOT_CONTROLLED,EXCLUDED_FROM_NO_BLOCK_SCOPE,Use progressive stress with declared CPU/thermal stop conditions.,artifacts/real-world/20260903-010534-redshadow-updated-checklist/stress,20260903-010534-redshadow-updated-checklist
CHK-291,Phase 14 — Stress Testing,Forced affinity imbalance,BLOCKED,BLOCKED_NOT_RUN_OR_THERMAL_INTENSITY_NOT_CONTROLLED,STRESS_REGIME_NOT_CONTROLLED,EXCLUDED_FROM_NO_BLOCK_SCOPE,Use progressive stress with declared CPU/thermal stop conditions.,artifacts/real-world/20260903-010534-redshadow-updated-checklist/stress,20260903-010534-redshadow-updated-checklist
CHK-292,Phase 14 — Stress Testing,Migration pressure,BLOCKED,BLOCKED_NOT_RUN_OR_THERMAL_INTENSITY_NOT_CONTROLLED,STRESS_REGIME_NOT_CONTROLLED,EXCLUDED_FROM_NO_BLOCK_SCOPE,Use progressive stress with declared CPU/thermal stop conditions.,artifacts/real-world/20260903-010534-redshadow-updated-checklist/stress,20260903-010534-redshadow-updated-checklist
CHK-294,Phase 14 — Stress Testing,Elevated temperature,BLOCKED,BLOCKED_NOT_RUN_OR_THERMAL_INTENSITY_NOT_CONTROLLED,STRESS_REGIME_NOT_CONTROLLED,EXCLUDED_FROM_NO_BLOCK_SCOPE,Use progressive stress with declared CPU/thermal stop conditions.,artifacts/real-world/20260903-010534-redshadow-updated-checklist/stress,20260903-010534-redshadow-updated-checklist
CHK-295,Phase 14 — Stress Testing,Sustained high temperature,BLOCKED,BLOCKED_NOT_RUN_OR_THERMAL_INTENSITY_NOT_CONTROLLED,STRESS_REGIME_NOT_CONTROLLED,EXCLUDED_FROM_NO_BLOCK_SCOPE,Use progressive stress with declared CPU/thermal stop conditions.,artifacts/real-world/20260903-010534-redshadow-updated-checklist/stress,20260903-010534-redshadow-updated-checklist
CHK-296,Phase 14 — Stress Testing,Safely reproducible thermal-throttling condition,BLOCKED,BLOCKED_NOT_RUN_OR_THERMAL_INTENSITY_NOT_CONTROLLED,STRESS_REGIME_NOT_CONTROLLED,EXCLUDED_FROM_NO_BLOCK_SCOPE,Use progressive stress with declared CPU/thermal stop conditions.,artifacts/real-world/20260903-010534-redshadow-updated-checklist/stress,20260903-010534-redshadow-updated-checklist
CHK-298,Phase 14 — Stress Testing,30-minute run,BLOCKED,BLOCKED_NOT_RUN_OR_THERMAL_INTENSITY_NOT_CONTROLLED,STRESS_REGIME_NOT_CONTROLLED,EXCLUDED_FROM_NO_BLOCK_SCOPE,Use progressive stress with declared CPU/thermal stop conditions.,artifacts/real-world/20260903-010534-redshadow-updated-checklist/stress,20260903-010534-redshadow-updated-checklist
CHK-299,Phase 14 — Stress Testing,1-hour run,BLOCKED,BLOCKED_NOT_RUN_OR_THERMAL_INTENSITY_NOT_CONTROLLED,STRESS_REGIME_NOT_CONTROLLED,EXCLUDED_FROM_NO_BLOCK_SCOPE,Use progressive stress with declared CPU/thermal stop conditions.,artifacts/real-world/20260903-010534-redshadow-updated-checklist/stress,20260903-010534-redshadow-updated-checklist
CHK-300,Phase 14 — Stress Testing,Multi-hour run,BLOCKED,BLOCKED_NOT_RUN_OR_THERMAL_INTENSITY_NOT_CONTROLLED,STRESS_REGIME_NOT_CONTROLLED,EXCLUDED_FROM_NO_BLOCK_SCOPE,Use progressive stress with declared CPU/thermal stop conditions.,artifacts/real-world/20260903-010534-redshadow-updated-checklist/stress,20260903-010534-redshadow-updated-checklist
CHK-301,Phase 14 — Stress Testing,Overnight run if practical,BLOCKED,BLOCKED_NOT_RUN_OR_THERMAL_INTENSITY_NOT_CONTROLLED,STRESS_REGIME_NOT_CONTROLLED,EXCLUDED_FROM_NO_BLOCK_SCOPE,Use progressive stress with declared CPU/thermal stop conditions.,artifacts/real-world/20260903-010534-redshadow-updated-checklist/stress,20260903-010534-redshadow-updated-checklist
CHK-302,Phase 14 — Stress Testing,Check memory leaks,BLOCKED,BLOCKED_NOT_RUN_OR_THERMAL_INTENSITY_NOT_CONTROLLED,STRESS_REGIME_NOT_CONTROLLED,EXCLUDED_FROM_NO_BLOCK_SCOPE,Use progressive stress with declared CPU/thermal stop conditions.,artifacts/real-world/20260903-010534-redshadow-updated-checklist/stress,20260903-010534-redshadow-updated-checklist
CHK-303,Phase 14 — Stress Testing,CPU-overhead drift,BLOCKED,BLOCKED_NOT_RUN_OR_THERMAL_INTENSITY_NOT_CONTROLLED,STRESS_REGIME_NOT_CONTROLLED,EXCLUDED_FROM_NO_BLOCK_SCOPE,Use progressive stress with declared CPU/thermal stop conditions.,artifacts/real-world/20260903-010534-redshadow-updated-checklist/stress,20260903-010534-redshadow-updated-checklist
CHK-304,Phase 14 — Stress Testing,Q degradation,BLOCKED,BLOCKED_NOT_RUN_OR_THERMAL_INTENSITY_NOT_CONTROLLED,STRESS_REGIME_NOT_CONTROLLED,EXCLUDED_FROM_NO_BLOCK_SCOPE,Use progressive stress with declared CPU/thermal stop conditions.,artifacts/real-world/20260903-010534-redshadow-updated-checklist/stress,20260903-010534-redshadow-updated-checklist
CHK-305,Phase 14 — Stress Testing,Predictor degradation,BLOCKED,BLOCKED_NOT_RUN_OR_THERMAL_INTENSITY_NOT_CONTROLLED,STRESS_REGIME_NOT_CONTROLLED,EXCLUDED_FROM_NO_BLOCK_SCOPE,Use progressive stress with declared CPU/thermal stop conditions.,artifacts/real-world/20260903-010534-redshadow-updated-checklist/stress,20260903-010534-redshadow-updated-checklist
CHK-306,Phase 14 — Stress Testing,Controller drift,BLOCKED,BLOCKED_NOT_RUN_OR_THERMAL_INTENSITY_NOT_CONTROLLED,STRESS_REGIME_NOT_CONTROLLED,EXCLUDED_FROM_NO_BLOCK_SCOPE,Use progressive stress with declared CPU/thermal stop conditions.,artifacts/real-world/20260903-010534-redshadow-updated-checklist/stress,20260903-010534-redshadow-updated-checklist
CHK-307,Phase 14 — Stress Testing,scheduler instability,BLOCKED,BLOCKED_NOT_RUN_OR_THERMAL_INTENSITY_NOT_CONTROLLED,STRESS_REGIME_NOT_CONTROLLED,EXCLUDED_FROM_NO_BLOCK_SCOPE,Use progressive stress with declared CPU/thermal stop conditions.,artifacts/real-world/20260903-010534-redshadow-updated-checklist/stress,20260903-010534-redshadow-updated-checklist
CHK-308,Phase 14 — Stress Testing,log-buffer exhaustion,BLOCKED,BLOCKED_NOT_RUN_OR_THERMAL_INTENSITY_NOT_CONTROLLED,STRESS_REGIME_NOT_CONTROLLED,EXCLUDED_FROM_NO_BLOCK_SCOPE,Use progressive stress with declared CPU/thermal stop conditions.,artifacts/real-world/20260903-010534-redshadow-updated-checklist/stress,20260903-010534-redshadow-updated-checklist
CHK-309,Phase 14 — Stress Testing,resource exhaustion,BLOCKED,BLOCKED_NOT_RUN_OR_THERMAL_INTENSITY_NOT_CONTROLLED,STRESS_REGIME_NOT_CONTROLLED,EXCLUDED_FROM_NO_BLOCK_SCOPE,Use progressive stress with declared CPU/thermal stop conditions.,artifacts/real-world/20260903-010534-redshadow-updated-checklist/stress,20260903-010534-redshadow-updated-checklist
CHK-310,Phase 15 — Thundering-Herd / Synchronization,Create many eligible processes with similar observed state,BLOCKED,BLOCKED_NO_APPROVED_HERD_OR_ABLATION_HARNESS,NO_HERD_OR_ABLATION_HARNESS,EXCLUDED_FROM_NO_BLOCK_SCOPE,Provide synchronized-population and ablation controls.,artifacts/real-world/20260903-010534-redshadow-updated-checklist/coordination,20260903-010534-redshadow-updated-checklist
CHK-311,Phase 15 — Thundering-Herd / Synchronization,Induce common threshold crossing,BLOCKED,BLOCKED_NO_APPROVED_HERD_OR_ABLATION_HARNESS,NO_HERD_OR_ABLATION_HARNESS,EXCLUDED_FROM_NO_BLOCK_SCOPE,Provide synchronized-population and ablation controls.,artifacts/real-world/20260903-010534-redshadow-updated-checklist/coordination,20260903-010534-redshadow-updated-checklist
CHK-312,Phase 15 — Thundering-Herd / Synchronization,Induce common CPU-load change,BLOCKED,BLOCKED_NO_APPROVED_HERD_OR_ABLATION_HARNESS,NO_HERD_OR_ABLATION_HARNESS,EXCLUDED_FROM_NO_BLOCK_SCOPE,Provide synchronized-population and ablation controls.,artifacts/real-world/20260903-010534-redshadow-updated-checklist/coordination,20260903-010534-redshadow-updated-checklist
CHK-313,Phase 15 — Thundering-Herd / Synchronization,Induce common predicted-state transition,BLOCKED,BLOCKED_NO_APPROVED_HERD_OR_ABLATION_HARNESS,NO_HERD_OR_ABLATION_HARNESS,EXCLUDED_FROM_NO_BLOCK_SCOPE,Provide synchronized-population and ablation controls.,artifacts/real-world/20260903-010534-redshadow-updated-checklist/coordination,20260903-010534-redshadow-updated-checklist
CHK-314,Phase 15 — Thundering-Herd / Synchronization,Induce common directive,BLOCKED,BLOCKED_NO_APPROVED_HERD_OR_ABLATION_HARNESS,NO_HERD_OR_ABLATION_HARNESS,EXCLUDED_FROM_NO_BLOCK_SCOPE,Provide synchronized-population and ablation controls.,artifacts/real-world/20260903-010534-redshadow-updated-checklist/coordination,20260903-010534-redshadow-updated-checklist
CHK-315,Phase 15 — Thundering-Herd / Synchronization,Measure simultaneous action changes,BLOCKED,BLOCKED_NO_APPROVED_HERD_OR_ABLATION_HARNESS,NO_HERD_OR_ABLATION_HARNESS,EXCLUDED_FROM_NO_BLOCK_SCOPE,Provide synchronized-population and ablation controls.,artifacts/real-world/20260903-010534-redshadow-updated-checklist/coordination,20260903-010534-redshadow-updated-checklist
CHK-316,Phase 15 — Thundering-Herd / Synchronization,Measure migration bursts,BLOCKED,BLOCKED_NO_APPROVED_HERD_OR_ABLATION_HARNESS,NO_HERD_OR_ABLATION_HARNESS,EXCLUDED_FROM_NO_BLOCK_SCOPE,Provide synchronized-population and ablation controls.,artifacts/real-world/20260903-010534-redshadow-updated-checklist/coordination,20260903-010534-redshadow-updated-checklist
CHK-317,Phase 15 — Thundering-Herd / Synchronization,Measure wake-up bursts,BLOCKED,BLOCKED_NO_APPROVED_HERD_OR_ABLATION_HARNESS,NO_HERD_OR_ABLATION_HARNESS,EXCLUDED_FROM_NO_BLOCK_SCOPE,Provide synchronized-population and ablation controls.,artifacts/real-world/20260903-010534-redshadow-updated-checklist/coordination,20260903-010534-redshadow-updated-checklist
CHK-318,Phase 15 — Thundering-Herd / Synchronization,Measure CPU-utilization oscillation,BLOCKED,BLOCKED_NO_APPROVED_HERD_OR_ABLATION_HARNESS,NO_HERD_OR_ABLATION_HARNESS,EXCLUDED_FROM_NO_BLOCK_SCOPE,Provide synchronized-population and ablation controls.,artifacts/real-world/20260903-010534-redshadow-updated-checklist/coordination,20260903-010534-redshadow-updated-checklist
CHK-319,Phase 15 — Thundering-Herd / Synchronization,Measure queue oscillation,BLOCKED,BLOCKED_NO_APPROVED_HERD_OR_ABLATION_HARNESS,NO_HERD_OR_ABLATION_HARNESS,EXCLUDED_FROM_NO_BLOCK_SCOPE,Provide synchronized-population and ablation controls.,artifacts/real-world/20260903-010534-redshadow-updated-checklist/coordination,20260903-010534-redshadow-updated-checklist
CHK-320,Phase 15 — Thundering-Herd / Synchronization,Measure S3,BLOCKED,BLOCKED_NO_APPROVED_HERD_OR_ABLATION_HARNESS,NO_HERD_OR_ABLATION_HARNESS,EXCLUDED_FROM_NO_BLOCK_SCOPE,Provide synchronized-population and ablation controls.,artifacts/real-world/20260903-010534-redshadow-updated-checklist/coordination,20260903-010534-redshadow-updated-checklist
CHK-321,Phase 15 — Thundering-Herd / Synchronization,Measure S4,BLOCKED,BLOCKED_NO_APPROVED_HERD_OR_ABLATION_HARNESS,NO_HERD_OR_ABLATION_HARNESS,EXCLUDED_FROM_NO_BLOCK_SCOPE,Provide synchronized-population and ablation controls.,artifacts/real-world/20260903-010534-redshadow-updated-checklist/coordination,20260903-010534-redshadow-updated-checklist
CHK-322,Phase 15 — Thundering-Herd / Synchronization,Measure Q,BLOCKED,BLOCKED_NO_APPROVED_HERD_OR_ABLATION_HARNESS,NO_HERD_OR_ABLATION_HARNESS,EXCLUDED_FROM_NO_BLOCK_SCOPE,Provide synchronized-population and ablation controls.,artifacts/real-world/20260903-010534-redshadow-updated-checklist/coordination,20260903-010534-redshadow-updated-checklist
CHK-323,Phase 15 — Thundering-Herd / Synchronization,Measure recovery time,BLOCKED,BLOCKED_NO_APPROVED_HERD_OR_ABLATION_HARNESS,NO_HERD_OR_ABLATION_HARNESS,EXCLUDED_FROM_NO_BLOCK_SCOPE,Provide synchronized-population and ablation controls.,artifacts/real-world/20260903-010534-redshadow-updated-checklist/coordination,20260903-010534-redshadow-updated-checklist
CHK-324,Phase 15 — Thundering-Herd / Synchronization,Compare Linux baseline vs ORCHESTRA without anti-synchronization vs final ORCHESTRA,BLOCKED,BLOCKED_NO_APPROVED_HERD_OR_ABLATION_HARNESS,NO_HERD_OR_ABLATION_HARNESS,EXCLUDED_FROM_NO_BLOCK_SCOPE,Provide synchronized-population and ablation controls.,artifacts/real-world/20260903-010534-redshadow-updated-checklist/coordination,20260903-010534-redshadow-updated-checklist
CHK-341,Phase 17 — Migration,Cross-socket migration,BLOCKED,BLOCKED_SINGLE_SOCKET_OR_MISSING_PRESSURE_PROTOCOL,TOPOLOGY_OR_PRESSURE_PROTOCOL_MISSING,EXCLUDED_FROM_NO_BLOCK_SCOPE,Use requested topology or add an approved pressure workload.,artifacts/real-world/20260903-010534-redshadow-updated-checklist/sched_ext,20260903-010534-redshadow-updated-checklist
CHK-342,Phase 17 — Migration,NUMA migration,BLOCKED,BLOCKED_SINGLE_SOCKET_OR_MISSING_PRESSURE_PROTOCOL,TOPOLOGY_OR_PRESSURE_PROTOCOL_MISSING,EXCLUDED_FROM_NO_BLOCK_SCOPE,Use requested topology or add an approved pressure workload.,artifacts/real-world/20260903-010534-redshadow-updated-checklist/sched_ext,20260903-010534-redshadow-updated-checklist
CHK-343,Phase 17 — Migration,Migration under CPU saturation,BLOCKED,BLOCKED_SINGLE_SOCKET_OR_MISSING_PRESSURE_PROTOCOL,TOPOLOGY_OR_PRESSURE_PROTOCOL_MISSING,EXCLUDED_FROM_NO_BLOCK_SCOPE,Use requested topology or add an approved pressure workload.,artifacts/real-world/20260903-010534-redshadow-updated-checklist/sched_ext,20260903-010534-redshadow-updated-checklist
CHK-344,Phase 17 — Migration,Migration under memory pressure,BLOCKED,BLOCKED_SINGLE_SOCKET_OR_MISSING_PRESSURE_PROTOCOL,TOPOLOGY_OR_PRESSURE_PROTOCOL_MISSING,EXCLUDED_FROM_NO_BLOCK_SCOPE,Use requested topology or add an approved pressure workload.,artifacts/real-world/20260903-010534-redshadow-updated-checklist/sched_ext,20260903-010534-redshadow-updated-checklist
CHK-345,Phase 17 — Migration,Migration under thermal pressure,BLOCKED,BLOCKED_SINGLE_SOCKET_OR_MISSING_PRESSURE_PROTOCOL,TOPOLOGY_OR_PRESSURE_PROTOCOL_MISSING,EXCLUDED_FROM_NO_BLOCK_SCOPE,Use requested topology or add an approved pressure workload.,artifacts/real-world/20260903-010534-redshadow-updated-checklist/sched_ext,20260903-010534-redshadow-updated-checklist
CHK-346,Phase 17 — Migration,Detect migration oscillation,BLOCKED,BLOCKED_SINGLE_SOCKET_OR_MISSING_PRESSURE_PROTOCOL,TOPOLOGY_OR_PRESSURE_PROTOCOL_MISSING,EXCLUDED_FROM_NO_BLOCK_SCOPE,Use requested topology or add an approved pressure workload.,artifacts/real-world/20260903-010534-redshadow-updated-checklist/sched_ext,20260903-010534-redshadow-updated-checklist
CHK-347,Phase 17 — Migration,Measure migration overhead,BLOCKED,BLOCKED_SINGLE_SOCKET_OR_MISSING_PRESSURE_PROTOCOL,TOPOLOGY_OR_PRESSURE_PROTOCOL_MISSING,EXCLUDED_FROM_NO_BLOCK_SCOPE,Use requested topology or add an approved pressure workload.,artifacts/real-world/20260903-010534-redshadow-updated-checklist/sched_ext,20260903-010534-redshadow-updated-checklist
CHK-348,Phase 17 — Migration,Measure cache impact,BLOCKED,BLOCKED_SINGLE_SOCKET_OR_MISSING_PRESSURE_PROTOCOL,TOPOLOGY_OR_PRESSURE_PROTOCOL_MISSING,EXCLUDED_FROM_NO_BLOCK_SCOPE,Use requested topology or add an approved pressure workload.,artifacts/real-world/20260903-010534-redshadow-updated-checklist/sched_ext,20260903-010534-redshadow-updated-checklist
CHK-349,Phase 17 — Migration,Measure NUMA locality impact,BLOCKED,BLOCKED_SINGLE_SOCKET_OR_MISSING_PRESSURE_PROTOCOL,TOPOLOGY_OR_PRESSURE_PROTOCOL_MISSING,EXCLUDED_FROM_NO_BLOCK_SCOPE,Use requested topology or add an approved pressure workload.,artifacts/real-world/20260903-010534-redshadow-updated-checklist/sched_ext,20260903-010534-redshadow-updated-checklist
CHK-350,Phase 18 — Failure & Recovery,Signal producer failure,BLOCKED,BLOCKED_NO_SAFE_FAULT_INJECTION_OR_MISSING_PREDICTOR,FAULT_INJECTION_OR_PREDICTOR_PATH_MISSING,EXCLUDED_FROM_NO_BLOCK_SCOPE,Provide an approved injector and predictor failure/recovery state.,artifacts/real-world/20260903-010534-redshadow-updated-checklist/recovery,20260903-010534-redshadow-updated-checklist
CHK-351,Phase 18 — Failure & Recovery,Signal consumer failure,BLOCKED,BLOCKED_NO_SAFE_FAULT_INJECTION_OR_MISSING_PREDICTOR,FAULT_INJECTION_OR_PREDICTOR_PATH_MISSING,EXCLUDED_FROM_NO_BLOCK_SCOPE,Provide an approved injector and predictor failure/recovery state.,artifacts/real-world/20260903-010534-redshadow-updated-checklist/recovery,20260903-010534-redshadow-updated-checklist
CHK-352,Phase 18 — Failure & Recovery,Signal corruption,BLOCKED,BLOCKED_NO_SAFE_FAULT_INJECTION_OR_MISSING_PREDICTOR,FAULT_INJECTION_OR_PREDICTOR_PATH_MISSING,EXCLUDED_FROM_NO_BLOCK_SCOPE,Provide an approved injector and predictor failure/recovery state.,artifacts/real-world/20260903-010534-redshadow-updated-checklist/recovery,20260903-010534-redshadow-updated-checklist
CHK-353,Phase 18 — Failure & Recovery,Signal delay,BLOCKED,BLOCKED_NO_SAFE_FAULT_INJECTION_OR_MISSING_PREDICTOR,FAULT_INJECTION_OR_PREDICTOR_PATH_MISSING,EXCLUDED_FROM_NO_BLOCK_SCOPE,Provide an approved injector and predictor failure/recovery state.,artifacts/real-world/20260903-010534-redshadow-updated-checklist/recovery,20260903-010534-redshadow-updated-checklist
CHK-354,Phase 18 — Failure & Recovery,Signal loss,BLOCKED,BLOCKED_NO_SAFE_FAULT_INJECTION_OR_MISSING_PREDICTOR,FAULT_INJECTION_OR_PREDICTOR_PATH_MISSING,EXCLUDED_FROM_NO_BLOCK_SCOPE,Provide an approved injector and predictor failure/recovery state.,artifacts/real-world/20260903-010534-redshadow-updated-checklist/recovery,20260903-010534-redshadow-updated-checklist
CHK-356,Phase 18 — Failure & Recovery,Predictor unavailable,BLOCKED,BLOCKED_NO_SAFE_FAULT_INJECTION_OR_MISSING_PREDICTOR,FAULT_INJECTION_OR_PREDICTOR_PATH_MISSING,EXCLUDED_FROM_NO_BLOCK_SCOPE,Provide an approved injector and predictor failure/recovery state.,artifacts/real-world/20260903-010534-redshadow-updated-checklist/recovery,20260903-010534-redshadow-updated-checklist
CHK-357,Phase 18 — Failure & Recovery,Predictor invalid output,BLOCKED,BLOCKED_NO_SAFE_FAULT_INJECTION_OR_MISSING_PREDICTOR,FAULT_INJECTION_OR_PREDICTOR_PATH_MISSING,EXCLUDED_FROM_NO_BLOCK_SCOPE,Provide an approved injector and predictor failure/recovery state.,artifacts/real-world/20260903-010534-redshadow-updated-checklist/recovery,20260903-010534-redshadow-updated-checklist
CHK-358,Phase 18 — Failure & Recovery,Predictor timeout,BLOCKED,BLOCKED_NO_SAFE_FAULT_INJECTION_OR_MISSING_PREDICTOR,FAULT_INJECTION_OR_PREDICTOR_PATH_MISSING,EXCLUDED_FROM_NO_BLOCK_SCOPE,Provide an approved injector and predictor failure/recovery state.,artifacts/real-world/20260903-010534-redshadow-updated-checklist/recovery,20260903-010534-redshadow-updated-checklist
CHK-359,Phase 18 — Failure & Recovery,Prediction-confidence collapse,BLOCKED,BLOCKED_NO_SAFE_FAULT_INJECTION_OR_MISSING_PREDICTOR,FAULT_INJECTION_OR_PREDICTOR_PATH_MISSING,EXCLUDED_FROM_NO_BLOCK_SCOPE,Provide an approved injector and predictor failure/recovery state.,artifacts/real-world/20260903-010534-redshadow-updated-checklist/recovery,20260903-010534-redshadow-updated-checklist
CHK-361,Phase 18 — Failure & Recovery,Predictor recovery,BLOCKED,BLOCKED_NO_SAFE_FAULT_INJECTION_OR_MISSING_PREDICTOR,FAULT_INJECTION_OR_PREDICTOR_PATH_MISSING,EXCLUDED_FROM_NO_BLOCK_SCOPE,Provide an approved injector and predictor failure/recovery state.,artifacts/real-world/20260903-010534-redshadow-updated-checklist/recovery,20260903-010534-redshadow-updated-checklist
CHK-362,Phase 18 — Failure & Recovery,Policy unavailable,BLOCKED,BLOCKED_NO_SAFE_FAULT_INJECTION_OR_MISSING_PREDICTOR,FAULT_INJECTION_OR_PREDICTOR_PATH_MISSING,EXCLUDED_FROM_NO_BLOCK_SCOPE,Provide an approved injector and predictor failure/recovery state.,artifacts/real-world/20260903-010534-redshadow-updated-checklist/recovery,20260903-010534-redshadow-updated-checklist
CHK-363,Phase 18 — Failure & Recovery,Invalid policy,BLOCKED,BLOCKED_NO_SAFE_FAULT_INJECTION_OR_MISSING_PREDICTOR,FAULT_INJECTION_OR_PREDICTOR_PATH_MISSING,EXCLUDED_FROM_NO_BLOCK_SCOPE,Provide an approved injector and predictor failure/recovery state.,artifacts/real-world/20260903-010534-redshadow-updated-checklist/recovery,20260903-010534-redshadow-updated-checklist
CHK-368,Phase 18 — Failure & Recovery,Controller saturation,BLOCKED,BLOCKED_NO_SAFE_FAULT_INJECTION_OR_MISSING_PREDICTOR,FAULT_INJECTION_OR_PREDICTOR_PATH_MISSING,EXCLUDED_FROM_NO_BLOCK_SCOPE,Provide an approved injector and predictor failure/recovery state.,artifacts/real-world/20260903-010534-redshadow-updated-checklist/recovery,20260903-010534-redshadow-updated-checklist
CHK-369,Phase 18 — Failure & Recovery,Invalid parameter update,BLOCKED,BLOCKED_NO_SAFE_FAULT_INJECTION_OR_MISSING_PREDICTOR,FAULT_INJECTION_OR_PREDICTOR_PATH_MISSING,EXCLUDED_FROM_NO_BLOCK_SCOPE,Provide an approved injector and predictor failure/recovery state.,artifacts/real-world/20260903-010534-redshadow-updated-checklist/recovery,20260903-010534-redshadow-updated-checklist
CHK-370,Phase 18 — Failure & Recovery,Parameter oscillation,BLOCKED,BLOCKED_NO_SAFE_FAULT_INJECTION_OR_MISSING_PREDICTOR,FAULT_INJECTION_OR_PREDICTOR_PATH_MISSING,EXCLUDED_FROM_NO_BLOCK_SCOPE,Provide an approved injector and predictor failure/recovery state.,artifacts/real-world/20260903-010534-redshadow-updated-checklist/recovery,20260903-010534-redshadow-updated-checklist
CHK-371,Phase 18 — Failure & Recovery,Controller restart,BLOCKED,BLOCKED_NO_SAFE_FAULT_INJECTION_OR_MISSING_PREDICTOR,FAULT_INJECTION_OR_PREDICTOR_PATH_MISSING,EXCLUDED_FROM_NO_BLOCK_SCOPE,Provide an approved injector and predictor failure/recovery state.,artifacts/real-world/20260903-010534-redshadow-updated-checklist/recovery,20260903-010534-redshadow-updated-checklist
CHK-372,Phase 18 — Failure & Recovery,Controller recovery,BLOCKED,BLOCKED_NO_SAFE_FAULT_INJECTION_OR_MISSING_PREDICTOR,FAULT_INJECTION_OR_PREDICTOR_PATH_MISSING,EXCLUDED_FROM_NO_BLOCK_SCOPE,Provide an approved injector and predictor failure/recovery state.,artifacts/real-world/20260903-010534-redshadow-updated-checklist/recovery,20260903-010534-redshadow-updated-checklist
CHK-373,Phase 18 — Failure & Recovery,CPU offline/online where supported,BLOCKED,BLOCKED_NO_SAFE_FAULT_INJECTION_OR_MISSING_PREDICTOR,FAULT_INJECTION_OR_PREDICTOR_PATH_MISSING,EXCLUDED_FROM_NO_BLOCK_SCOPE,Provide an approved injector and predictor failure/recovery state.,artifacts/real-world/20260903-010534-redshadow-updated-checklist/recovery,20260903-010534-redshadow-updated-checklist
CHK-376,Phase 18 — Failure & Recovery,CPU hotplug where supported,BLOCKED,BLOCKED_NO_SAFE_FAULT_INJECTION_OR_MISSING_PREDICTOR,FAULT_INJECTION_OR_PREDICTOR_PATH_MISSING,EXCLUDED_FROM_NO_BLOCK_SCOPE,Provide an approved injector and predictor failure/recovery state.,artifacts/real-world/20260903-010534-redshadow-updated-checklist/recovery,20260903-010534-redshadow-updated-checklist
CHK-377,Phase 18 — Failure & Recovery,Memory pressure,BLOCKED,BLOCKED_NO_SAFE_FAULT_INJECTION_OR_MISSING_PREDICTOR,FAULT_INJECTION_OR_PREDICTOR_PATH_MISSING,EXCLUDED_FROM_NO_BLOCK_SCOPE,Provide an approved injector and predictor failure/recovery state.,artifacts/real-world/20260903-010534-redshadow-updated-checklist/recovery,20260903-010534-redshadow-updated-checklist
CHK-400,Phase 21 — NUMA,Verify node-local signals,BLOCKED,BLOCKED_SINGLE_NUMA_NODE,HOST_TOPOLOGY_LIMIT,EXCLUDED_FROM_NO_BLOCK_SCOPE,Use a multi-socket/multi-NUMA host or mark topology-specific rows N/A.,artifacts/real-world/20260903-010534-redshadow-updated-checklist/numa,20260903-010534-redshadow-updated-checklist
CHK-403,Phase 21 — NUMA,Run remote-memory workload,BLOCKED,BLOCKED_SINGLE_NUMA_NODE,HOST_TOPOLOGY_LIMIT,EXCLUDED_FROM_NO_BLOCK_SCOPE,Use a multi-socket/multi-NUMA host or mark topology-specific rows N/A.,artifacts/real-world/20260903-010534-redshadow-updated-checklist/numa,20260903-010534-redshadow-updated-checklist
CHK-404,Phase 21 — NUMA,Cross-node migration,BLOCKED,BLOCKED_SINGLE_NUMA_NODE,HOST_TOPOLOGY_LIMIT,EXCLUDED_FROM_NO_BLOCK_SCOPE,Use a multi-socket/multi-NUMA host or mark topology-specific rows N/A.,artifacts/real-world/20260903-010534-redshadow-updated-checklist/numa,20260903-010534-redshadow-updated-checklist
CHK-405,Phase 21 — NUMA,Memory-locality-aware scheduling,BLOCKED,BLOCKED_SINGLE_NUMA_NODE,HOST_TOPOLOGY_LIMIT,EXCLUDED_FROM_NO_BLOCK_SCOPE,Use a multi-socket/multi-NUMA host or mark topology-specific rows N/A.,artifacts/real-world/20260903-010534-redshadow-updated-checklist/numa,20260903-010534-redshadow-updated-checklist
CHK-406,Phase 21 — NUMA,Measure remote-memory access,BLOCKED,BLOCKED_SINGLE_NUMA_NODE,HOST_TOPOLOGY_LIMIT,EXCLUDED_FROM_NO_BLOCK_SCOPE,Use a multi-socket/multi-NUMA host or mark topology-specific rows N/A.,artifacts/real-world/20260903-010534-redshadow-updated-checklist/numa,20260903-010534-redshadow-updated-checklist
CHK-407,Phase 21 — NUMA,Measure NUMA migration overhead,BLOCKED,BLOCKED_SINGLE_NUMA_NODE,HOST_TOPOLOGY_LIMIT,EXCLUDED_FROM_NO_BLOCK_SCOPE,Use a multi-socket/multi-NUMA host or mark topology-specific rows N/A.,artifacts/real-world/20260903-010534-redshadow-updated-checklist/numa,20260903-010534-redshadow-updated-checklist
CHK-408,Phase 21 — NUMA,Measure coordination per NUMA domain,BLOCKED,BLOCKED_SINGLE_NUMA_NODE,HOST_TOPOLOGY_LIMIT,EXCLUDED_FROM_NO_BLOCK_SCOPE,Use a multi-socket/multi-NUMA host or mark topology-specific rows N/A.,artifacts/real-world/20260903-010534-redshadow-updated-checklist/numa,20260903-010534-redshadow-updated-checklist
CHK-426,Phase 23 — Baseline & Ablation,ORCHESTRA infrastructure with adaptive behavior disabled if available,BLOCKED,BLOCKED_NO_IMPLEMENTED_ABLATION_OR_MISSING_SCHEDULER,ABLATION_OR_COMPARATOR_MISSING,EXCLUDED_FROM_NO_BLOCK_SCOPE,Provide the ablation switch and declared comparator scheduler.,artifacts/real-world/20260903-010534-redshadow-updated-checklist/workload,20260903-010534-redshadow-updated-checklist
CHK-428,Phase 23 — Baseline & Ablation,Ablation: prediction OFF,BLOCKED,BLOCKED_NO_IMPLEMENTED_ABLATION_OR_MISSING_SCHEDULER,ABLATION_OR_COMPARATOR_MISSING,EXCLUDED_FROM_NO_BLOCK_SCOPE,Provide the ablation switch and declared comparator scheduler.,artifacts/real-world/20260903-010534-redshadow-updated-checklist/workload,20260903-010534-redshadow-updated-checklist
CHK-429,Phase 23 — Baseline & Ablation,Ablation: adaptation OFF,BLOCKED,BLOCKED_NO_IMPLEMENTED_ABLATION_OR_MISSING_SCHEDULER,ABLATION_OR_COMPARATOR_MISSING,EXCLUDED_FROM_NO_BLOCK_SCOPE,Provide the ablation switch and declared comparator scheduler.,artifacts/real-world/20260903-010534-redshadow-updated-checklist/workload,20260903-010534-redshadow-updated-checklist
CHK-430,Phase 23 — Baseline & Ablation,Ablation: feedback controller OFF,BLOCKED,BLOCKED_NO_IMPLEMENTED_ABLATION_OR_MISSING_SCHEDULER,ABLATION_OR_COMPARATOR_MISSING,EXCLUDED_FROM_NO_BLOCK_SCOPE,Provide the ablation switch and declared comparator scheduler.,artifacts/real-world/20260903-010534-redshadow-updated-checklist/workload,20260903-010534-redshadow-updated-checklist
CHK-431,Phase 23 — Baseline & Ablation,Ablation: anti-synchronization OFF,BLOCKED,BLOCKED_NO_IMPLEMENTED_ABLATION_OR_MISSING_SCHEDULER,ABLATION_OR_COMPARATOR_MISSING,EXCLUDED_FROM_NO_BLOCK_SCOPE,Provide the ablation switch and declared comparator scheduler.,artifacts/real-world/20260903-010534-redshadow-updated-checklist/workload,20260903-010534-redshadow-updated-checklist
CHK-432,Phase 23 — Baseline & Ablation,Ablation: consensus mechanism OFF,BLOCKED,BLOCKED_NO_IMPLEMENTED_ABLATION_OR_MISSING_SCHEDULER,ABLATION_OR_COMPARATOR_MISSING,EXCLUDED_FROM_NO_BLOCK_SCOPE,Provide the ablation switch and declared comparator scheduler.,artifacts/real-world/20260903-010534-redshadow-updated-checklist/workload,20260903-010534-redshadow-updated-checklist
CHK-433,Phase 23 — Baseline & Ablation,Ablation: monitoring OFF,BLOCKED,BLOCKED_NO_IMPLEMENTED_ABLATION_OR_MISSING_SCHEDULER,ABLATION_OR_COMPARATOR_MISSING,EXCLUDED_FROM_NO_BLOCK_SCOPE,Provide the ablation switch and declared comparator scheduler.,artifacts/real-world/20260903-010534-redshadow-updated-checklist/workload,20260903-010534-redshadow-updated-checklist
CHK-448,Phase 24 — Statistical Validation,Perform multi-seed validation,BLOCKED,BLOCKED_NO_SEED_PARAMETER,NO_SEED_PARAMETER,EXCLUDED_FROM_NO_BLOCK_SCOPE,Expose a deterministic seed in the existing harness.,artifacts/real-world/20260903-010534-redshadow-updated-checklist/workload,20260903-010534-redshadow-updated-checklist
CHK-452,Phase 25 — Reproducibility,Save kernel .config,BLOCKED,BLOCKED_MISSING_ARTIFACT_OR_TOOL,MISSING_REPRODUCIBILITY_ARTIFACT,EXCLUDED_FROM_NO_BLOCK_SCOPE,Archive the missing configuration/trace/analysis artifact.,artifacts/real-world/20260903-010534-redshadow-updated-checklist/raw,20260903-010534-redshadow-updated-checklist
CHK-454,Phase 25 — Reproducibility,Archive workload source/version,BLOCKED,BLOCKED_NOT_RUN_IN_SCOPE,NOT_OBSERVED_IN_PRIOR_RUN,EXCLUDED_FROM_NO_BLOCK_SCOPE,Capture the observation in the next command-logged run.,artifacts/real-world/20260903-010534-redshadow-updated-checklist,20260903-010534-redshadow-updated-checklist
CHK-455,Phase 25 — Reproducibility,Record benchmark version,BLOCKED,BLOCKED_MISSING_ARTIFACT_OR_TOOL,MISSING_REPRODUCIBILITY_ARTIFACT,EXCLUDED_FROM_NO_BLOCK_SCOPE,Archive the missing configuration/trace/analysis artifact.,artifacts/real-world/20260903-010534-redshadow-updated-checklist/raw,20260903-010534-redshadow-updated-checklist
CHK-459,Phase 25 — Reproducibility,Document trace format,BLOCKED,BLOCKED_MISSING_ARTIFACT_OR_TOOL,MISSING_REPRODUCIBILITY_ARTIFACT,EXCLUDED_FROM_NO_BLOCK_SCOPE,Archive the missing configuration/trace/analysis artifact.,artifacts/real-world/20260903-010534-redshadow-updated-checklist/raw,20260903-010534-redshadow-updated-checklist
CHK-461,Phase 25 — Reproducibility,Preserve analysis scripts,BLOCKED,BLOCKED_MISSING_ARTIFACT_OR_TOOL,MISSING_REPRODUCIBILITY_ARTIFACT,EXCLUDED_FROM_NO_BLOCK_SCOPE,Archive the missing configuration/trace/analysis artifact.,artifacts/real-world/20260903-010534-redshadow-updated-checklist/raw,20260903-010534-redshadow-updated-checklist
CHK-464,Phase 26 — Final Acceptance,Functional: kernel boots,BLOCKED,BLOCKED_NOT_IMPLEMENTED_OR_MISSING_MEASUREMENT,IMPLEMENTATION_OR_MEASUREMENT_MISSING,EXCLUDED_FROM_NO_BLOCK_SCOPE,Split broad acceptance item into a supported observable check; implement/instrument missing behavior.,artifacts/real-world/20260903-010534-redshadow-updated-checklist,20260903-010534-redshadow-updated-checklist
CHK-467,Phase 26 — Final Acceptance,Predictor works,BLOCKED,BLOCKED_NOT_IMPLEMENTED_OR_MISSING_MEASUREMENT,IMPLEMENTATION_OR_MEASUREMENT_MISSING,EXCLUDED_FROM_NO_BLOCK_SCOPE,Split broad acceptance item into a supported observable check; implement/instrument missing behavior.,artifacts/real-world/20260903-010534-redshadow-updated-checklist,20260903-010534-redshadow-updated-checklist
CHK-469,Phase 26 — Final Acceptance,Coordination measurement works,BLOCKED,BLOCKED_NOT_IMPLEMENTED_OR_MISSING_MEASUREMENT,IMPLEMENTATION_OR_MEASUREMENT_MISSING,EXCLUDED_FROM_NO_BLOCK_SCOPE,Split broad acceptance item into a supported observable check; implement/instrument missing behavior.,artifacts/real-world/20260903-010534-redshadow-updated-checklist,20260903-010534-redshadow-updated-checklist
CHK-470,Phase 26 — Final Acceptance,Feedback controller works,BLOCKED,BLOCKED_NOT_IMPLEMENTED_OR_MISSING_MEASUREMENT,IMPLEMENTATION_OR_MEASUREMENT_MISSING,EXCLUDED_FROM_NO_BLOCK_SCOPE,Split broad acceptance item into a supported observable check; implement/instrument missing behavior.,artifacts/real-world/20260903-010534-redshadow-updated-checklist,20260903-010534-redshadow-updated-checklist
CHK-474,Phase 26 — Final Acceptance,Correctness: signals correct,BLOCKED,BLOCKED_NOT_IMPLEMENTED_OR_MISSING_MEASUREMENT,IMPLEMENTATION_OR_MEASUREMENT_MISSING,EXCLUDED_FROM_NO_BLOCK_SCOPE,Split broad acceptance item into a supported observable check; implement/instrument missing behavior.,artifacts/real-world/20260903-010534-redshadow-updated-checklist,20260903-010534-redshadow-updated-checklist
CHK-475,Phase 26 — Final Acceptance,Predictions measurable,BLOCKED,BLOCKED_NOT_IMPLEMENTED_OR_MISSING_MEASUREMENT,IMPLEMENTATION_OR_MEASUREMENT_MISSING,EXCLUDED_FROM_NO_BLOCK_SCOPE,Split broad acceptance item into a supported observable check; implement/instrument missing behavior.,artifacts/real-world/20260903-010534-redshadow-updated-checklist,20260903-010534-redshadow-updated-checklist
CHK-478,Phase 26 — Final Acceptance,Q calculated correctly,BLOCKED,BLOCKED_NOT_IMPLEMENTED_OR_MISSING_MEASUREMENT,IMPLEMENTATION_OR_MEASUREMENT_MISSING,EXCLUDED_FROM_NO_BLOCK_SCOPE,Split broad acceptance item into a supported observable check; implement/instrument missing behavior.,artifacts/real-world/20260903-010534-redshadow-updated-checklist,20260903-010534-redshadow-updated-checklist
CHK-479,Phase 26 — Final Acceptance,Controller targets correct deficit,BLOCKED,BLOCKED_NOT_IMPLEMENTED_OR_MISSING_MEASUREMENT,IMPLEMENTATION_OR_MEASUREMENT_MISSING,EXCLUDED_FROM_NO_BLOCK_SCOPE,Split broad acceptance item into a supported observable check; implement/instrument missing behavior.,artifacts/real-world/20260903-010534-redshadow-updated-checklist,20260903-010534-redshadow-updated-checklist
CHK-483,Phase 26 — Final Acceptance,Performance: scheduler overhead quantified,BLOCKED,BLOCKED_NOT_IMPLEMENTED_OR_MISSING_MEASUREMENT,IMPLEMENTATION_OR_MEASUREMENT_MISSING,EXCLUDED_FROM_NO_BLOCK_SCOPE,Split broad acceptance item into a supported observable check; implement/instrument missing behavior.,artifacts/real-world/20260903-010534-redshadow-updated-checklist,20260903-010534-redshadow-updated-checklist
CHK-484,Phase 26 — Final Acceptance,prediction overhead quantified,BLOCKED,BLOCKED_NOT_IMPLEMENTED_OR_MISSING_MEASUREMENT,IMPLEMENTATION_OR_MEASUREMENT_MISSING,EXCLUDED_FROM_NO_BLOCK_SCOPE,Split broad acceptance item into a supported observable check; implement/instrument missing behavior.,artifacts/real-world/20260903-010534-redshadow-updated-checklist,20260903-010534-redshadow-updated-checklist
CHK-485,Phase 26 — Final Acceptance,Signal overhead quantified,BLOCKED,BLOCKED_NOT_IMPLEMENTED_OR_MISSING_MEASUREMENT,IMPLEMENTATION_OR_MEASUREMENT_MISSING,EXCLUDED_FROM_NO_BLOCK_SCOPE,Split broad acceptance item into a supported observable check; implement/instrument missing behavior.,artifacts/real-world/20260903-010534-redshadow-updated-checklist,20260903-010534-redshadow-updated-checklist
CHK-486,Phase 26 — Final Acceptance,integrity overhead quantified,BLOCKED,BLOCKED_NOT_IMPLEMENTED_OR_MISSING_MEASUREMENT,IMPLEMENTATION_OR_MEASUREMENT_MISSING,EXCLUDED_FROM_NO_BLOCK_SCOPE,Split broad acceptance item into a supported observable check; implement/instrument missing behavior.,artifacts/real-world/20260903-010534-redshadow-updated-checklist,20260903-010534-redshadow-updated-checklist
CHK-487,Phase 26 — Final Acceptance,coordination overhead quantified,BLOCKED,BLOCKED_NOT_IMPLEMENTED_OR_MISSING_MEASUREMENT,IMPLEMENTATION_OR_MEASUREMENT_MISSING,EXCLUDED_FROM_NO_BLOCK_SCOPE,Split broad acceptance item into a supported observable check; implement/instrument missing behavior.,artifacts/real-world/20260903-010534-redshadow-updated-checklist,20260903-010534-redshadow-updated-checklist
CHK-488,Phase 26 — Final Acceptance,controller overhead quantified,BLOCKED,BLOCKED_NOT_IMPLEMENTED_OR_MISSING_MEASUREMENT,IMPLEMENTATION_OR_MEASUREMENT_MISSING,EXCLUDED_FROM_NO_BLOCK_SCOPE,Split broad acceptance item into a supported observable check; implement/instrument missing behavior.,artifacts/real-world/20260903-010534-redshadow-updated-checklist,20260903-010534-redshadow-updated-checklist
CHK-489,Phase 26 — Final Acceptance,monitoring overhead quantified,BLOCKED,BLOCKED_NOT_IMPLEMENTED_OR_MISSING_MEASUREMENT,IMPLEMENTATION_OR_MEASUREMENT_MISSING,EXCLUDED_FROM_NO_BLOCK_SCOPE,Split broad acceptance item into a supported observable check; implement/instrument missing behavior.,artifacts/real-world/20260903-010534-redshadow-updated-checklist,20260903-010534-redshadow-updated-checklist
CHK-490,Phase 26 — Final Acceptance,Behavioral: no thundering herd,BLOCKED,BLOCKED_NOT_IMPLEMENTED_OR_MISSING_MEASUREMENT,IMPLEMENTATION_OR_MEASUREMENT_MISSING,EXCLUDED_FROM_NO_BLOCK_SCOPE,Split broad acceptance item into a supported observable check; implement/instrument missing behavior.,artifacts/real-world/20260903-010534-redshadow-updated-checklist,20260903-010534-redshadow-updated-checklist
CHK-491,Phase 26 — Final Acceptance,no synchronized migration oscillation,BLOCKED,BLOCKED_NOT_IMPLEMENTED_OR_MISSING_MEASUREMENT,IMPLEMENTATION_OR_MEASUREMENT_MISSING,EXCLUDED_FROM_NO_BLOCK_SCOPE,Split broad acceptance item into a supported observable check; implement/instrument missing behavior.,artifacts/real-world/20260903-010534-redshadow-updated-checklist,20260903-010534-redshadow-updated-checklist
CHK-492,Phase 26 — Final Acceptance,stable adaptation,BLOCKED,BLOCKED_NOT_IMPLEMENTED_OR_MISSING_MEASUREMENT,IMPLEMENTATION_OR_MEASUREMENT_MISSING,EXCLUDED_FROM_NO_BLOCK_SCOPE,Split broad acceptance item into a supported observable check; implement/instrument missing behavior.,artifacts/real-world/20260903-010534-redshadow-updated-checklist,20260903-010534-redshadow-updated-checklist
CHK-493,Phase 26 — Final Acceptance,stable Q,BLOCKED,BLOCKED_NOT_IMPLEMENTED_OR_MISSING_MEASUREMENT,IMPLEMENTATION_OR_MEASUREMENT_MISSING,EXCLUDED_FROM_NO_BLOCK_SCOPE,Split broad acceptance item into a supported observable check; implement/instrument missing behavior.,artifacts/real-world/20260903-010534-redshadow-updated-checklist,20260903-010534-redshadow-updated-checklist
CHK-494,Phase 26 — Final Acceptance,good resource utilization,BLOCKED,BLOCKED_NOT_IMPLEMENTED_OR_MISSING_MEASUREMENT,IMPLEMENTATION_OR_MEASUREMENT_MISSING,EXCLUDED_FROM_NO_BLOCK_SCOPE,Split broad acceptance item into a supported observable check; implement/instrument missing behavior.,artifacts/real-world/20260903-010534-redshadow-updated-checklist,20260903-010534-redshadow-updated-checklist
CHK-495,Phase 26 — Final Acceptance,acceptable fairness,BLOCKED,BLOCKED_NOT_IMPLEMENTED_OR_MISSING_MEASUREMENT,IMPLEMENTATION_OR_MEASUREMENT_MISSING,EXCLUDED_FROM_NO_BLOCK_SCOPE,Split broad acceptance item into a supported observable check; implement/instrument missing behavior.,artifacts/real-world/20260903-010534-redshadow-updated-checklist,20260903-010534-redshadow-updated-checklist
CHK-496,Phase 26 — Final Acceptance,acceptable responsiveness,BLOCKED,BLOCKED_NOT_IMPLEMENTED_OR_MISSING_MEASUREMENT,IMPLEMENTATION_OR_MEASUREMENT_MISSING,EXCLUDED_FROM_NO_BLOCK_SCOPE,Split broad acceptance item into a supported observable check; implement/instrument missing behavior.,artifacts/real-world/20260903-010534-redshadow-updated-checklist,20260903-010534-redshadow-updated-checklist
CHK-497,Phase 26 — Final Acceptance,Robustness: CPU stress,BLOCKED,BLOCKED_NOT_IMPLEMENTED_OR_MISSING_MEASUREMENT,IMPLEMENTATION_OR_MEASUREMENT_MISSING,EXCLUDED_FROM_NO_BLOCK_SCOPE,Split broad acceptance item into a supported observable check; implement/instrument missing behavior.,artifacts/real-world/20260903-010534-redshadow-updated-checklist,20260903-010534-redshadow-updated-checklist
CHK-498,Phase 26 — Final Acceptance,memory stress,BLOCKED,BLOCKED_NOT_IMPLEMENTED_OR_MISSING_MEASUREMENT,IMPLEMENTATION_OR_MEASUREMENT_MISSING,EXCLUDED_FROM_NO_BLOCK_SCOPE,Split broad acceptance item into a supported observable check; implement/instrument missing behavior.,artifacts/real-world/20260903-010534-redshadow-updated-checklist,20260903-010534-redshadow-updated-checklist
CHK-500,Phase 26 — Final Acceptance,network stress,BLOCKED,BLOCKED_NOT_IMPLEMENTED_OR_MISSING_MEASUREMENT,IMPLEMENTATION_OR_MEASUREMENT_MISSING,EXCLUDED_FROM_NO_BLOCK_SCOPE,Split broad acceptance item into a supported observable check; implement/instrument missing behavior.,artifacts/real-world/20260903-010534-redshadow-updated-checklist,20260903-010534-redshadow-updated-checklist
CHK-501,Phase 26 — Final Acceptance,thermal stress,BLOCKED,BLOCKED_NOT_IMPLEMENTED_OR_MISSING_MEASUREMENT,IMPLEMENTATION_OR_MEASUREMENT_MISSING,EXCLUDED_FROM_NO_BLOCK_SCOPE,Split broad acceptance item into a supported observable check; implement/instrument missing behavior.,artifacts/real-world/20260903-010534-redshadow-updated-checklist,20260903-010534-redshadow-updated-checklist
CHK-502,Phase 26 — Final Acceptance,dynamic workload,BLOCKED,BLOCKED_NOT_IMPLEMENTED_OR_MISSING_MEASUREMENT,IMPLEMENTATION_OR_MEASUREMENT_MISSING,EXCLUDED_FROM_NO_BLOCK_SCOPE,Split broad acceptance item into a supported observable check; implement/instrument missing behavior.,artifacts/real-world/20260903-010534-redshadow-updated-checklist,20260903-010534-redshadow-updated-checklist
CHK-503,Phase 26 — Final Acceptance,long-duration execution,BLOCKED,BLOCKED_NOT_IMPLEMENTED_OR_MISSING_MEASUREMENT,IMPLEMENTATION_OR_MEASUREMENT_MISSING,EXCLUDED_FROM_NO_BLOCK_SCOPE,Split broad acceptance item into a supported observable check; implement/instrument missing behavior.,artifacts/real-world/20260903-010534-redshadow-updated-checklist,20260903-010534-redshadow-updated-checklist
CHK-504,Phase 26 — Final Acceptance,failure recovery,BLOCKED,BLOCKED_NOT_IMPLEMENTED_OR_MISSING_MEASUREMENT,IMPLEMENTATION_OR_MEASUREMENT_MISSING,EXCLUDED_FROM_NO_BLOCK_SCOPE,Split broad acceptance item into a supported observable check; implement/instrument missing behavior.,artifacts/real-world/20260903-010534-redshadow-updated-checklist,20260903-010534-redshadow-updated-checklist
CHK-505,Phase 26 — Final Acceptance,Security: tamper detection,BLOCKED,BLOCKED_NOT_IMPLEMENTED_OR_MISSING_MEASUREMENT,IMPLEMENTATION_OR_MEASUREMENT_MISSING,EXCLUDED_FROM_NO_BLOCK_SCOPE,Split broad acceptance item into a supported observable check; implement/instrument missing behavior.,artifacts/real-world/20260903-010534-redshadow-updated-checklist,20260903-010534-redshadow-updated-checklist
CHK-506,Phase 26 — Final Acceptance,replay rejection,BLOCKED,BLOCKED_NOT_IMPLEMENTED_OR_MISSING_MEASUREMENT,IMPLEMENTATION_OR_MEASUREMENT_MISSING,EXCLUDED_FROM_NO_BLOCK_SCOPE,Split broad acceptance item into a supported observable check; implement/instrument missing behavior.,artifacts/real-world/20260903-010534-redshadow-updated-checklist,20260903-010534-redshadow-updated-checklist
CHK-507,Phase 26 — Final Acceptance,stale-frame rejection,BLOCKED,BLOCKED_NOT_IMPLEMENTED_OR_MISSING_MEASUREMENT,IMPLEMENTATION_OR_MEASUREMENT_MISSING,EXCLUDED_FROM_NO_BLOCK_SCOPE,Split broad acceptance item into a supported observable check; implement/instrument missing behavior.,artifacts/real-world/20260903-010534-redshadow-updated-checklist,20260903-010534-redshadow-updated-checklist
CHK-508,Phase 26 — Final Acceptance,sequence validation,BLOCKED,BLOCKED_NOT_IMPLEMENTED_OR_MISSING_MEASUREMENT,IMPLEMENTATION_OR_MEASUREMENT_MISSING,EXCLUDED_FROM_NO_BLOCK_SCOPE,Split broad acceptance item into a supported observable check; implement/instrument missing behavior.,artifacts/real-world/20260903-010534-redshadow-updated-checklist,20260903-010534-redshadow-updated-checklist
CHK-509,Phase 26 — Final Acceptance,authentication validation,BLOCKED,BLOCKED_NOT_IMPLEMENTED_OR_MISSING_MEASUREMENT,IMPLEMENTATION_OR_MEASUREMENT_MISSING,EXCLUDED_FROM_NO_BLOCK_SCOPE,Split broad acceptance item into a supported observable check; implement/instrument missing behavior.,artifacts/real-world/20260903-010534-redshadow-updated-checklist,20260903-010534-redshadow-updated-checklist
CHK-510,Phase 26 — Final Acceptance,safe fallback,BLOCKED,BLOCKED_NOT_IMPLEMENTED_OR_MISSING_MEASUREMENT,IMPLEMENTATION_OR_MEASUREMENT_MISSING,EXCLUDED_FROM_NO_BLOCK_SCOPE,Split broad acceptance item into a supported observable check; implement/instrument missing behavior.,artifacts/real-world/20260903-010534-redshadow-updated-checklist,20260903-010534-redshadow-updated-checklist
CHK-511,Phase 26 — Final Acceptance,recovery,BLOCKED,BLOCKED_NOT_IMPLEMENTED_OR_MISSING_MEASUREMENT,IMPLEMENTATION_OR_MEASUREMENT_MISSING,EXCLUDED_FROM_NO_BLOCK_SCOPE,Split broad acceptance item into a supported observable check; implement/instrument missing behavior.,artifacts/real-world/20260903-010534-redshadow-updated-checklist,20260903-010534-redshadow-updated-checklist
CHK-512,Phase 26 — Final Acceptance,Scientific evidence: baseline comparison,BLOCKED,BLOCKED_NOT_IMPLEMENTED_OR_MISSING_MEASUREMENT,IMPLEMENTATION_OR_MEASUREMENT_MISSING,EXCLUDED_FROM_NO_BLOCK_SCOPE,Split broad acceptance item into a supported observable check; implement/instrument missing behavior.,artifacts/real-world/20260903-010534-redshadow-updated-checklist,20260903-010534-redshadow-updated-checklist
CHK-513,Phase 26 — Final Acceptance,repeated trials,BLOCKED,BLOCKED_NOT_IMPLEMENTED_OR_MISSING_MEASUREMENT,IMPLEMENTATION_OR_MEASUREMENT_MISSING,EXCLUDED_FROM_NO_BLOCK_SCOPE,Split broad acceptance item into a supported observable check; implement/instrument missing behavior.,artifacts/real-world/20260903-010534-redshadow-updated-checklist,20260903-010534-redshadow-updated-checklist
CHK-514,Phase 26 — Final Acceptance,multi-seed evaluation,BLOCKED,BLOCKED_NOT_IMPLEMENTED_OR_MISSING_MEASUREMENT,IMPLEMENTATION_OR_MEASUREMENT_MISSING,EXCLUDED_FROM_NO_BLOCK_SCOPE,Split broad acceptance item into a supported observable check; implement/instrument missing behavior.,artifacts/real-world/20260903-010534-redshadow-updated-checklist,20260903-010534-redshadow-updated-checklist
CHK-515,Phase 26 — Final Acceptance,statistical analysis,BLOCKED,BLOCKED_NOT_IMPLEMENTED_OR_MISSING_MEASUREMENT,IMPLEMENTATION_OR_MEASUREMENT_MISSING,EXCLUDED_FROM_NO_BLOCK_SCOPE,Split broad acceptance item into a supported observable check; implement/instrument missing behavior.,artifacts/real-world/20260903-010534-redshadow-updated-checklist,20260903-010534-redshadow-updated-checklist
CHK-516,Phase 26 — Final Acceptance,ablation study,BLOCKED,BLOCKED_NOT_IMPLEMENTED_OR_MISSING_MEASUREMENT,IMPLEMENTATION_OR_MEASUREMENT_MISSING,EXCLUDED_FROM_NO_BLOCK_SCOPE,Split broad acceptance item into a supported observable check; implement/instrument missing behavior.,artifacts/real-world/20260903-010534-redshadow-updated-checklist,20260903-010534-redshadow-updated-checklist
CHK-517,Phase 26 — Final Acceptance,raw dataset archived,BLOCKED,BLOCKED_NOT_IMPLEMENTED_OR_MISSING_MEASUREMENT,IMPLEMENTATION_OR_MEASUREMENT_MISSING,EXCLUDED_FROM_NO_BLOCK_SCOPE,Split broad acceptance item into a supported observable check; implement/instrument missing behavior.,artifacts/real-world/20260903-010534-redshadow-updated-checklist,20260903-010534-redshadow-updated-checklist
CHK-518,Phase 26 — Final Acceptance,logs archived,BLOCKED,BLOCKED_NOT_IMPLEMENTED_OR_MISSING_MEASUREMENT,IMPLEMENTATION_OR_MEASUREMENT_MISSING,EXCLUDED_FROM_NO_BLOCK_SCOPE,Split broad acceptance item into a supported observable check; implement/instrument missing behavior.,artifacts/real-world/20260903-010534-redshadow-updated-checklist,20260903-010534-redshadow-updated-checklist
CHK-519,Phase 26 — Final Acceptance,reproduction procedure documented,BLOCKED,BLOCKED_NOT_IMPLEMENTED_OR_MISSING_MEASUREMENT,IMPLEMENTATION_OR_MEASUREMENT_MISSING,EXCLUDED_FROM_NO_BLOCK_SCOPE,Split broad acceptance item into a supported observable check; implement/instrument missing behavior.,artifacts/real-world/20260903-010534-redshadow-updated-checklist,20260903-010534-redshadow-updated-checklist
CHK-521,Phase 27 — Power & Frequency Scaling,Verify ORCHESTRA behavior under performance governor,BLOCKED,BLOCKED_GOVERNOR_OR_ENERGY_TEST_NOT_AVAILABLE,POWER_OR_FREQUENCY_TOOLING_BOUNDARY,EXCLUDED_FROM_NO_BLOCK_SCOPE,Run with declared governors and energy/frequency tooling.,artifacts/real-world/20260903-010534-redshadow-updated-checklist/environment,20260903-010534-redshadow-updated-checklist
CHK-523,Phase 27 — Power & Frequency Scaling,Verify ORCHESTRA behavior under schedutil governor,BLOCKED,BLOCKED_GOVERNOR_OR_ENERGY_TEST_NOT_AVAILABLE,POWER_OR_FREQUENCY_TOOLING_BOUNDARY,EXCLUDED_FROM_NO_BLOCK_SCOPE,Run with declared governors and energy/frequency tooling.,artifacts/real-world/20260903-010534-redshadow-updated-checklist/environment,20260903-010534-redshadow-updated-checklist
CHK-524,Phase 27 — Power & Frequency Scaling,Test P-state/C-state transitions during scheduling decisions,BLOCKED,BLOCKED_GOVERNOR_OR_ENERGY_TEST_NOT_AVAILABLE,POWER_OR_FREQUENCY_TOOLING_BOUNDARY,EXCLUDED_FROM_NO_BLOCK_SCOPE,Run with declared governors and energy/frequency tooling.,artifacts/real-world/20260903-010534-redshadow-updated-checklist/environment,20260903-010534-redshadow-updated-checklist
CHK-525,Phase 27 — Power & Frequency Scaling,Measure energy consumption (joules) per workload,BLOCKED,BLOCKED_GOVERNOR_OR_ENERGY_TEST_NOT_AVAILABLE,POWER_OR_FREQUENCY_TOOLING_BOUNDARY,EXCLUDED_FROM_NO_BLOCK_SCOPE,Run with declared governors and energy/frequency tooling.,artifacts/real-world/20260903-010534-redshadow-updated-checklist/environment,20260903-010534-redshadow-updated-checklist
CHK-526,Phase 27 — Power & Frequency Scaling,Compare energy efficiency: Linux baseline vs ORCHESTRA,BLOCKED,BLOCKED_GOVERNOR_OR_ENERGY_TEST_NOT_AVAILABLE,POWER_OR_FREQUENCY_TOOLING_BOUNDARY,EXCLUDED_FROM_NO_BLOCK_SCOPE,Run with declared governors and energy/frequency tooling.,artifacts/real-world/20260903-010534-redshadow-updated-checklist/environment,20260903-010534-redshadow-updated-checklist
CHK-527,Phase 27 — Power & Frequency Scaling,Test scheduling behavior on AC power,BLOCKED,BLOCKED_GOVERNOR_OR_ENERGY_TEST_NOT_AVAILABLE,POWER_OR_FREQUENCY_TOOLING_BOUNDARY,EXCLUDED_FROM_NO_BLOCK_SCOPE,Run with declared governors and energy/frequency tooling.,artifacts/real-world/20260903-010534-redshadow-updated-checklist/environment,20260903-010534-redshadow-updated-checklist
CHK-528,Phase 27 — Power & Frequency Scaling,Test scheduling behavior on battery power,BLOCKED,BLOCKED_GOVERNOR_OR_ENERGY_TEST_NOT_AVAILABLE,POWER_OR_FREQUENCY_TOOLING_BOUNDARY,EXCLUDED_FROM_NO_BLOCK_SCOPE,Run with declared governors and energy/frequency tooling.,artifacts/real-world/20260903-010534-redshadow-updated-checklist/environment,20260903-010534-redshadow-updated-checklist
CHK-529,Phase 27 — Power & Frequency Scaling,Verify THROTTLE action interacts correctly with hardware frequency throttling,BLOCKED,BLOCKED_GOVERNOR_OR_ENERGY_TEST_NOT_AVAILABLE,POWER_OR_FREQUENCY_TOOLING_BOUNDARY,EXCLUDED_FROM_NO_BLOCK_SCOPE,Run with declared governors and energy/frequency tooling.,artifacts/real-world/20260903-010534-redshadow-updated-checklist/environment,20260903-010534-redshadow-updated-checklist
CHK-530,Phase 27 — Power & Frequency Scaling,Check for governor/ORCHESTRA control conflicts,BLOCKED,BLOCKED_GOVERNOR_OR_ENERGY_TEST_NOT_AVAILABLE,POWER_OR_FREQUENCY_TOOLING_BOUNDARY,EXCLUDED_FROM_NO_BLOCK_SCOPE,Run with declared governors and energy/frequency tooling.,artifacts/real-world/20260903-010534-redshadow-updated-checklist/environment,20260903-010534-redshadow-updated-checklist
CHK-531,"Phase 28 — Containers, Cgroups & Virtualization",Verify behavior under cgroup v1,BLOCKED,BLOCKED_CONTAINER_OR_CGROUP_TEST_NOT_RUN,CONTAINER_TEST_NOT_RUN,EXCLUDED_FROM_NO_BLOCK_SCOPE,Provide a disposable container/cgroup protocol with PID ownership handling.,artifacts/real-world/20260903-010534-redshadow-updated-checklist/environment,20260903-010534-redshadow-updated-checklist
CHK-533,"Phase 28 — Containers, Cgroups & Virtualization",Test interaction with cpu.cfs_quota / cpu.cfs_period,BLOCKED,BLOCKED_CONTAINER_OR_CGROUP_TEST_NOT_RUN,CONTAINER_TEST_NOT_RUN,EXCLUDED_FROM_NO_BLOCK_SCOPE,Provide a disposable container/cgroup protocol with PID ownership handling.,artifacts/real-world/20260903-010534-redshadow-updated-checklist/environment,20260903-010534-redshadow-updated-checklist
CHK-534,"Phase 28 — Containers, Cgroups & Virtualization",Test interaction with cpu.shares / cpu.weight,BLOCKED,BLOCKED_CONTAINER_OR_CGROUP_TEST_NOT_RUN,CONTAINER_TEST_NOT_RUN,EXCLUDED_FROM_NO_BLOCK_SCOPE,Provide a disposable container/cgroup protocol with PID ownership handling.,artifacts/real-world/20260903-010534-redshadow-updated-checklist/environment,20260903-010534-redshadow-updated-checklist
CHK-535,"Phase 28 — Containers, Cgroups & Virtualization",Test interaction with cpuset cgroup,BLOCKED,BLOCKED_CONTAINER_OR_CGROUP_TEST_NOT_RUN,CONTAINER_TEST_NOT_RUN,EXCLUDED_FROM_NO_BLOCK_SCOPE,Provide a disposable container/cgroup protocol with PID ownership handling.,artifacts/real-world/20260903-010534-redshadow-updated-checklist/environment,20260903-010534-redshadow-updated-checklist
CHK-536,"Phase 28 — Containers, Cgroups & Virtualization","Test containerized workload (e.g., Docker)",BLOCKED,BLOCKED_CONTAINER_OR_CGROUP_TEST_NOT_RUN,CONTAINER_TEST_NOT_RUN,EXCLUDED_FROM_NO_BLOCK_SCOPE,Provide a disposable container/cgroup protocol with PID ownership handling.,artifacts/real-world/20260903-010534-redshadow-updated-checklist/environment,20260903-010534-redshadow-updated-checklist
CHK-537,"Phase 28 — Containers, Cgroups & Virtualization",Test Kubernetes pod scheduling interaction,BLOCKED,BLOCKED_CONTAINER_OR_CGROUP_TEST_NOT_RUN,CONTAINER_TEST_NOT_RUN,EXCLUDED_FROM_NO_BLOCK_SCOPE,Provide a disposable container/cgroup protocol with PID ownership handling.,artifacts/real-world/20260903-010534-redshadow-updated-checklist/environment,20260903-010534-redshadow-updated-checklist
CHK-538,"Phase 28 — Containers, Cgroups & Virtualization",Verify process/PID namespace isolation,BLOCKED,BLOCKED_CONTAINER_OR_CGROUP_TEST_NOT_RUN,CONTAINER_TEST_NOT_RUN,EXCLUDED_FROM_NO_BLOCK_SCOPE,Provide a disposable container/cgroup protocol with PID ownership handling.,artifacts/real-world/20260903-010534-redshadow-updated-checklist/environment,20260903-010534-redshadow-updated-checklist
CHK-539,"Phase 28 — Containers, Cgroups & Virtualization",Run ORCHESTRA as a KVM/QEMU guest,BLOCKED,BLOCKED_CONTAINER_OR_CGROUP_TEST_NOT_RUN,CONTAINER_TEST_NOT_RUN,EXCLUDED_FROM_NO_BLOCK_SCOPE,Provide a disposable container/cgroup protocol with PID ownership handling.,artifacts/real-world/20260903-010534-redshadow-updated-checklist/environment,20260903-010534-redshadow-updated-checklist
CHK-540,"Phase 28 — Containers, Cgroups & Virtualization",Run ORCHESTRA as a host scheduling guest VMs,BLOCKED,BLOCKED_CONTAINER_OR_CGROUP_TEST_NOT_RUN,CONTAINER_TEST_NOT_RUN,EXCLUDED_FROM_NO_BLOCK_SCOPE,Provide a disposable container/cgroup protocol with PID ownership handling.,artifacts/real-world/20260903-010534-redshadow-updated-checklist/environment,20260903-010534-redshadow-updated-checklist
CHK-541,"Phase 28 — Containers, Cgroups & Virtualization",Compare bare-metal vs virtualized timing assumptions,BLOCKED,BLOCKED_CONTAINER_OR_CGROUP_TEST_NOT_RUN,CONTAINER_TEST_NOT_RUN,EXCLUDED_FROM_NO_BLOCK_SCOPE,Provide a disposable container/cgroup protocol with PID ownership handling.,artifacts/real-world/20260903-010534-redshadow-updated-checklist/environment,20260903-010534-redshadow-updated-checklist
CHK-542,"Phase 28 — Containers, Cgroups & Virtualization",Verify Signal Bus behavior inside containers/namespaces,BLOCKED,BLOCKED_CONTAINER_OR_CGROUP_TEST_NOT_RUN,CONTAINER_TEST_NOT_RUN,EXCLUDED_FROM_NO_BLOCK_SCOPE,Provide a disposable container/cgroup protocol with PID ownership handling.,artifacts/real-world/20260903-010534-redshadow-updated-checklist/environment,20260903-010534-redshadow-updated-checklist
CHK-544,Phase 29 — Kernel & Distro Compatibility,Verify against EEVDF-based kernel (6.6+),BLOCKED,BLOCKED_MULTI_KERNEL_OR_MULTI_DISTRO_NOT_AVAILABLE,MISSING_TEST_MATRIX_ENVIRONMENTS,EXCLUDED_FROM_NO_BLOCK_SCOPE,Add disposable kernel/distro/architecture matrix environments.,artifacts/real-world/20260903-010534-redshadow-updated-checklist/environment,20260903-010534-redshadow-updated-checklist
CHK-545,Phase 29 — Kernel & Distro Compatibility,Test against each officially supported kernel LTS version,BLOCKED,BLOCKED_MULTI_KERNEL_OR_MULTI_DISTRO_NOT_AVAILABLE,MISSING_TEST_MATRIX_ENVIRONMENTS,EXCLUDED_FROM_NO_BLOCK_SCOPE,Add disposable kernel/distro/architecture matrix environments.,artifacts/real-world/20260903-010534-redshadow-updated-checklist/environment,20260903-010534-redshadow-updated-checklist
CHK-546,Phase 29 — Kernel & Distro Compatibility,Verify behavior when built against an unsupported kernel version,BLOCKED,BLOCKED_MULTI_KERNEL_OR_MULTI_DISTRO_NOT_AVAILABLE,MISSING_TEST_MATRIX_ENVIRONMENTS,EXCLUDED_FROM_NO_BLOCK_SCOPE,Add disposable kernel/distro/architecture matrix environments.,artifacts/real-world/20260903-010534-redshadow-updated-checklist/environment,20260903-010534-redshadow-updated-checklist
CHK-547,Phase 29 — Kernel & Distro Compatibility,"Test on distro A (e.g., Ubuntu)",BLOCKED,BLOCKED_MULTI_KERNEL_OR_MULTI_DISTRO_NOT_AVAILABLE,MISSING_TEST_MATRIX_ENVIRONMENTS,EXCLUDED_FROM_NO_BLOCK_SCOPE,Add disposable kernel/distro/architecture matrix environments.,artifacts/real-world/20260903-010534-redshadow-updated-checklist/environment,20260903-010534-redshadow-updated-checklist
CHK-548,Phase 29 — Kernel & Distro Compatibility,"Test on distro B (e.g., Fedora/RHEL)",BLOCKED,BLOCKED_MULTI_KERNEL_OR_MULTI_DISTRO_NOT_AVAILABLE,MISSING_TEST_MATRIX_ENVIRONMENTS,EXCLUDED_FROM_NO_BLOCK_SCOPE,Add disposable kernel/distro/architecture matrix environments.,artifacts/real-world/20260903-010534-redshadow-updated-checklist/environment,20260903-010534-redshadow-updated-checklist
CHK-549,Phase 29 — Kernel & Distro Compatibility,"Test on distro C (e.g., Debian)",BLOCKED,BLOCKED_MULTI_KERNEL_OR_MULTI_DISTRO_NOT_AVAILABLE,MISSING_TEST_MATRIX_ENVIRONMENTS,EXCLUDED_FROM_NO_BLOCK_SCOPE,Add disposable kernel/distro/architecture matrix environments.,artifacts/real-world/20260903-010534-redshadow-updated-checklist/environment,20260903-010534-redshadow-updated-checklist
CHK-550,Phase 29 — Kernel & Distro Compatibility,Verify across differing glibc/systemd versions,BLOCKED,BLOCKED_MULTI_KERNEL_OR_MULTI_DISTRO_NOT_AVAILABLE,MISSING_TEST_MATRIX_ENVIRONMENTS,EXCLUDED_FROM_NO_BLOCK_SCOPE,Add disposable kernel/distro/architecture matrix environments.,artifacts/real-world/20260903-010534-redshadow-updated-checklist/environment,20260903-010534-redshadow-updated-checklist
CHK-552,Phase 29 — Kernel & Distro Compatibility,Verify architecture: ARM64,BLOCKED,BLOCKED_MULTI_KERNEL_OR_MULTI_DISTRO_NOT_AVAILABLE,MISSING_TEST_MATRIX_ENVIRONMENTS,EXCLUDED_FROM_NO_BLOCK_SCOPE,Add disposable kernel/distro/architecture matrix environments.,artifacts/real-world/20260903-010534-redshadow-updated-checklist/environment,20260903-010534-redshadow-updated-checklist
CHK-553,Phase 29 — Kernel & Distro Compatibility,Verify other supported architectures if applicable,BLOCKED,BLOCKED_MULTI_KERNEL_OR_MULTI_DISTRO_NOT_AVAILABLE,MISSING_TEST_MATRIX_ENVIRONMENTS,EXCLUDED_FROM_NO_BLOCK_SCOPE,Add disposable kernel/distro/architecture matrix environments.,artifacts/real-world/20260903-010534-redshadow-updated-checklist/environment,20260903-010534-redshadow-updated-checklist
CHK-554,Phase 30 — Standard Tooling & Observability Compatibility,Verify perf sched works correctly,BLOCKED,BLOCKED_MISSING_TOOL_OR_KERNEL_INTERFACE,MISSING_OBSERVABILITY_TOOLING,EXCLUDED_FROM_NO_BLOCK_SCOPE,Authorize perf or an equivalent existing trace collector.,artifacts/real-world/20260903-010534-redshadow-updated-checklist/environment,20260903-010534-redshadow-updated-checklist
CHK-559,Phase 30 — Standard Tooling & Observability Compatibility,Verify /proc/sched_debug (or equivalent) output correctness,BLOCKED,BLOCKED_MISSING_TOOL_OR_KERNEL_INTERFACE,MISSING_OBSERVABILITY_TOOLING,EXCLUDED_FROM_NO_BLOCK_SCOPE,Authorize perf or an equivalent existing trace collector.,artifacts/real-world/20260903-010534-redshadow-updated-checklist/environment,20260903-010534-redshadow-updated-checklist
CHK-562,"Phase 31 — Suspend, Resume & Hotplug Cycles",Suspend to RAM and verify ORCHESTRA state after resume,BLOCKED,BLOCKED_REBOOT_OR_SUSPEND_NOT_AUTHORIZED,SAFETY_AUTHORIZATION_OR_REBOOT_BOUNDARY,EXCLUDED_FROM_NO_BLOCK_SCOPE,Use a disposable host with fallback kernel and explicit reboot/install authorization.,artifacts/real-world/20260903-010534-redshadow-updated-checklist/recovery,20260903-010534-redshadow-updated-checklist
CHK-563,"Phase 31 — Suspend, Resume & Hotplug Cycles",Hibernate (suspend to disk) and verify state after resume,BLOCKED,BLOCKED_REBOOT_OR_SUSPEND_NOT_AUTHORIZED,SAFETY_AUTHORIZATION_OR_REBOOT_BOUNDARY,EXCLUDED_FROM_NO_BLOCK_SCOPE,Use a disposable host with fallback kernel and explicit reboot/install authorization.,artifacts/real-world/20260903-010534-redshadow-updated-checklist/recovery,20260903-010534-redshadow-updated-checklist
CHK-564,"Phase 31 — Suspend, Resume & Hotplug Cycles",Verify Signal Bus reinitializes cleanly after resume,BLOCKED,BLOCKED_REBOOT_OR_SUSPEND_NOT_AUTHORIZED,SAFETY_AUTHORIZATION_OR_REBOOT_BOUNDARY,EXCLUDED_FROM_NO_BLOCK_SCOPE,Use a disposable host with fallback kernel and explicit reboot/install authorization.,artifacts/real-world/20260903-010534-redshadow-updated-checklist/recovery,20260903-010534-redshadow-updated-checklist
CHK-565,"Phase 31 — Suspend, Resume & Hotplug Cycles",Verify predictor/controller state after resume,BLOCKED,BLOCKED_REBOOT_OR_SUSPEND_NOT_AUTHORIZED,SAFETY_AUTHORIZATION_OR_REBOOT_BOUNDARY,EXCLUDED_FROM_NO_BLOCK_SCOPE,Use a disposable host with fallback kernel and explicit reboot/install authorization.,artifacts/real-world/20260903-010534-redshadow-updated-checklist/recovery,20260903-010534-redshadow-updated-checklist
CHK-566,"Phase 31 — Suspend, Resume & Hotplug Cycles",Test CPU hotplug during a suspend/resume cycle,BLOCKED,BLOCKED_REBOOT_OR_SUSPEND_NOT_AUTHORIZED,SAFETY_AUTHORIZATION_OR_REBOOT_BOUNDARY,EXCLUDED_FROM_NO_BLOCK_SCOPE,Use a disposable host with fallback kernel and explicit reboot/install authorization.,artifacts/real-world/20260903-010534-redshadow-updated-checklist/recovery,20260903-010534-redshadow-updated-checklist
CHK-567,"Phase 31 — Suspend, Resume & Hotplug Cycles",Repeated suspend/resume cycles (stress),BLOCKED,BLOCKED_REBOOT_OR_SUSPEND_NOT_AUTHORIZED,SAFETY_AUTHORIZATION_OR_REBOOT_BOUNDARY,EXCLUDED_FROM_NO_BLOCK_SCOPE,Use a disposable host with fallback kernel and explicit reboot/install authorization.,artifacts/real-world/20260903-010534-redshadow-updated-checklist/recovery,20260903-010534-redshadow-updated-checklist
CHK-568,"Phase 32 — Upgrade, Rollback & Uninstall",Verify clean uninstall of ORCHESTRA,BLOCKED,BLOCKED_DESTRUCTIVE_UPGRADE_UNINSTALL_NOT_AUTHORIZED,DESTRUCTIVE_OPERATION_NOT_AUTHORIZED,EXCLUDED_FROM_NO_BLOCK_SCOPE,Use a disposable image with explicit upgrade/uninstall authorization.,artifacts/real-world/20260903-010534-redshadow-updated-checklist/recovery,20260903-010534-redshadow-updated-checklist
CHK-569,"Phase 32 — Upgrade, Rollback & Uninstall",Verify system returns to stock scheduler behavior after uninstall,BLOCKED,BLOCKED_DESTRUCTIVE_UPGRADE_UNINSTALL_NOT_AUTHORIZED,DESTRUCTIVE_OPERATION_NOT_AUTHORIZED,EXCLUDED_FROM_NO_BLOCK_SCOPE,Use a disposable image with explicit upgrade/uninstall authorization.,artifacts/real-world/20260903-010534-redshadow-updated-checklist/recovery,20260903-010534-redshadow-updated-checklist
CHK-570,"Phase 32 — Upgrade, Rollback & Uninstall",Test in-place upgrade from a prior ORCHESTRA version,BLOCKED,BLOCKED_DESTRUCTIVE_UPGRADE_UNINSTALL_NOT_AUTHORIZED,DESTRUCTIVE_OPERATION_NOT_AUTHORIZED,EXCLUDED_FROM_NO_BLOCK_SCOPE,Use a disposable image with explicit upgrade/uninstall authorization.,artifacts/real-world/20260903-010534-redshadow-updated-checklist/recovery,20260903-010534-redshadow-updated-checklist
CHK-571,"Phase 32 — Upgrade, Rollback & Uninstall",Verify parameter/state migration across upgrade,BLOCKED,BLOCKED_DESTRUCTIVE_UPGRADE_UNINSTALL_NOT_AUTHORIZED,DESTRUCTIVE_OPERATION_NOT_AUTHORIZED,EXCLUDED_FROM_NO_BLOCK_SCOPE,Use a disposable image with explicit upgrade/uninstall authorization.,artifacts/real-world/20260903-010534-redshadow-updated-checklist/recovery,20260903-010534-redshadow-updated-checklist
CHK-572,"Phase 32 — Upgrade, Rollback & Uninstall",Test mixed-version behavior during a rolling fleet upgrade,BLOCKED,BLOCKED_DESTRUCTIVE_UPGRADE_UNINSTALL_NOT_AUTHORIZED,DESTRUCTIVE_OPERATION_NOT_AUTHORIZED,EXCLUDED_FROM_NO_BLOCK_SCOPE,Use a disposable image with explicit upgrade/uninstall authorization.,artifacts/real-world/20260903-010534-redshadow-updated-checklist/recovery,20260903-010534-redshadow-updated-checklist
CHK-573,"Phase 32 — Upgrade, Rollback & Uninstall",Verify downgrade path,BLOCKED,BLOCKED_DESTRUCTIVE_UPGRADE_UNINSTALL_NOT_AUTHORIZED,DESTRUCTIVE_OPERATION_NOT_AUTHORIZED,EXCLUDED_FROM_NO_BLOCK_SCOPE,Use a disposable image with explicit upgrade/uninstall authorization.,artifacts/real-world/20260903-010534-redshadow-updated-checklist/recovery,20260903-010534-redshadow-updated-checklist
CHK-574,"Phase 32 — Upgrade, Rollback & Uninstall",Verify no orphaned kernel modules/artifacts remain after removal,BLOCKED,BLOCKED_DESTRUCTIVE_UPGRADE_UNINSTALL_NOT_AUTHORIZED,DESTRUCTIVE_OPERATION_NOT_AUTHORIZED,EXCLUDED_FROM_NO_BLOCK_SCOPE,Use a disposable image with explicit upgrade/uninstall authorization.,artifacts/real-world/20260903-010534-redshadow-updated-checklist/recovery,20260903-010534-redshadow-updated-checklist
CHK-575,Phase 33 — GPU Workloads & Interrupt Handling,Test GPU-bound workload class,BLOCKED,BLOCKED_MISSING_GPU_OR_IRQ_WORKLOAD_INFRASTRUCTURE,GPU_OR_IRQ_INFRASTRUCTURE_BOUNDARY,EXCLUDED_FROM_NO_BLOCK_SCOPE,Provide a safe GPU/IRQ workload and latency collector.,artifacts/real-world/20260903-010534-redshadow-updated-checklist/environment,20260903-010534-redshadow-updated-checklist
CHK-576,Phase 33 — GPU Workloads & Interrupt Handling,Test mixed CPU+GPU workload,BLOCKED,BLOCKED_MISSING_GPU_OR_IRQ_WORKLOAD_INFRASTRUCTURE,GPU_OR_IRQ_INFRASTRUCTURE_BOUNDARY,EXCLUDED_FROM_NO_BLOCK_SCOPE,Provide a safe GPU/IRQ workload and latency collector.,artifacts/real-world/20260903-010534-redshadow-updated-checklist/environment,20260903-010534-redshadow-updated-checklist
CHK-578,Phase 33 — GPU Workloads & Interrupt Handling,Check irqbalance interaction/conflicts,BLOCKED,BLOCKED_MISSING_GPU_OR_IRQ_WORKLOAD_INFRASTRUCTURE,GPU_OR_IRQ_INFRASTRUCTURE_BOUNDARY,EXCLUDED_FROM_NO_BLOCK_SCOPE,Provide a safe GPU/IRQ workload and latency collector.,artifacts/real-world/20260903-010534-redshadow-updated-checklist/environment,20260903-010534-redshadow-updated-checklist
CHK-579,Phase 33 — GPU Workloads & Interrupt Handling,Measure interrupt latency under ORCHESTRA scheduling,BLOCKED,BLOCKED_MISSING_GPU_OR_IRQ_WORKLOAD_INFRASTRUCTURE,GPU_OR_IRQ_INFRASTRUCTURE_BOUNDARY,EXCLUDED_FROM_NO_BLOCK_SCOPE,Provide a safe GPU/IRQ workload and latency collector.,artifacts/real-world/20260903-010534-redshadow-updated-checklist/environment,20260903-010534-redshadow-updated-checklist
CHK-580,Phase 34 — Fuzz Testing,Fuzz Signal Bus shared-memory interface,BLOCKED,BLOCKED_NO_APPROVED_FUZZ_HARNESS,NO_APPROVED_FUZZ_HARNESS,EXCLUDED_FROM_NO_BLOCK_SCOPE,Provide an approved fuzz harness and crash-recovery protocol.,artifacts/real-world/20260903-010534-redshadow-updated-checklist/security,20260903-010534-redshadow-updated-checklist
CHK-581,Phase 34 — Fuzz Testing,Fuzz any ioctl/sysfs/netlink control interface,BLOCKED,BLOCKED_NO_APPROVED_FUZZ_HARNESS,NO_APPROVED_FUZZ_HARNESS,EXCLUDED_FROM_NO_BLOCK_SCOPE,Provide an approved fuzz harness and crash-recovery protocol.,artifacts/real-world/20260903-010534-redshadow-updated-checklist/security,20260903-010534-redshadow-updated-checklist
CHK-582,Phase 34 — Fuzz Testing,Fuzz signal-frame parsing paths,BLOCKED,BLOCKED_NO_APPROVED_FUZZ_HARNESS,NO_APPROVED_FUZZ_HARNESS,EXCLUDED_FROM_NO_BLOCK_SCOPE,Provide an approved fuzz harness and crash-recovery protocol.,artifacts/real-world/20260903-010534-redshadow-updated-checklist/security,20260903-010534-redshadow-updated-checklist
CHK-583,Phase 34 — Fuzz Testing,Monitor for crashes/hangs/leaks under fuzzing,BLOCKED,BLOCKED_NO_APPROVED_FUZZ_HARNESS,NO_APPROVED_FUZZ_HARNESS,EXCLUDED_FROM_NO_BLOCK_SCOPE,Provide an approved fuzz harness and crash-recovery protocol.,artifacts/real-world/20260903-010534-redshadow-updated-checklist/security,20260903-010534-redshadow-updated-checklist
CHK-584,Phase 34 — Fuzz Testing,Record and triage fuzzing findings,BLOCKED,BLOCKED_NO_APPROVED_FUZZ_HARNESS,NO_APPROVED_FUZZ_HARNESS,EXCLUDED_FROM_NO_BLOCK_SCOPE,Provide an approved fuzz harness and crash-recovery protocol.,artifacts/real-world/20260903-010534-redshadow-updated-checklist/security,20260903-010534-redshadow-updated-checklist
