no_block_id,item_id,phase,checklist_item,status,reason_code,claim_class,scope,test_id,evidence,notes
NB-001,CHK-001,Phase 0 — Test Governance & Baseline,Assign unique test-run ID,PASS,EVIDENCE_COLLECTED,EXPERIMENTALLY_VALIDATED,EXECUTABLE_OR_APPLICABLE_CURRENT_HOST,20260903-010534-redshadow-updated-checklist,artifacts/real-world/20260903-010534-redshadow-updated-checklist/environment,Inventory and baseline snapshots are in environment/ and baseline/.
NB-002,CHK-002,Phase 0 — Test Governance & Baseline,Record date/time and operator,PASS,EVIDENCE_COLLECTED,EXPERIMENTALLY_VALIDATED,EXECUTABLE_OR_APPLICABLE_CURRENT_HOST,20260903-010534-redshadow-updated-checklist,artifacts/real-world/20260903-010534-redshadow-updated-checklist/environment,Inventory and baseline snapshots are in environment/ and baseline/.
NB-003,CHK-003,Phase 0 — Test Governance & Baseline,Record ORCHESTRA-OS version/commit,PASS,EVIDENCE_COLLECTED,EXPERIMENTALLY_VALIDATED,EXECUTABLE_OR_APPLICABLE_CURRENT_HOST,20260903-010534-redshadow-updated-checklist,artifacts/real-world/20260903-010534-redshadow-updated-checklist/environment,Inventory and baseline snapshots are in environment/ and baseline/.
NB-004,CHK-004,Phase 0 — Test Governance & Baseline,Record Linux kernel version,PASS,EVIDENCE_COLLECTED,EXPERIMENTALLY_VALIDATED,EXECUTABLE_OR_APPLICABLE_CURRENT_HOST,20260903-010534-redshadow-updated-checklist,artifacts/real-world/20260903-010534-redshadow-updated-checklist/environment,Inventory and baseline snapshots are in environment/ and baseline/.
NB-005,CHK-005,Phase 0 — Test Governance & Baseline,Record compiler/toolchain version,PASS,EVIDENCE_COLLECTED,EXPERIMENTALLY_VALIDATED,EXECUTABLE_OR_APPLICABLE_CURRENT_HOST,20260903-010534-redshadow-updated-checklist,artifacts/real-world/20260903-010534-redshadow-updated-checklist/environment,Inventory and baseline snapshots are in environment/ and baseline/.
NB-006,CHK-006,Phase 0 — Test Governance & Baseline,Record kernel configuration,PASS,EVIDENCE_COLLECTED,EXPERIMENTALLY_VALIDATED,EXECUTABLE_OR_APPLICABLE_CURRENT_HOST,20260903-010534-redshadow-updated-checklist,artifacts/real-world/20260903-010534-redshadow-updated-checklist/environment,Inventory and baseline snapshots are in environment/ and baseline/.
NB-007,CHK-007,Phase 0 — Test Governance & Baseline,Record ORCHESTRA parameter configuration,PASS,EVIDENCE_COLLECTED,EXPERIMENTALLY_VALIDATED,EXECUTABLE_OR_APPLICABLE_CURRENT_HOST,20260903-010534-redshadow-updated-checklist,artifacts/real-world/20260903-010534-redshadow-updated-checklist/environment,Inventory and baseline snapshots are in environment/ and baseline/.
NB-008,CHK-008,Phase 0 — Test Governance & Baseline,Record workload version/commit,PASS,EVIDENCE_COLLECTED,EXPERIMENTALLY_VALIDATED,EXECUTABLE_OR_APPLICABLE_CURRENT_HOST,20260903-010534-redshadow-updated-checklist,artifacts/real-world/20260903-010534-redshadow-updated-checklist/environment,Inventory and baseline snapshots are in environment/ and baseline/.
NB-009,CHK-009,Phase 0 — Test Governance & Baseline,Record random seed where applicable,N/A,NOT_APPLICABLE_NO_RANDOM_SEED,EXPLORATORY,EXECUTABLE_OR_APPLICABLE_CURRENT_HOST,20260903-010534-redshadow-updated-checklist,artifacts/real-world/20260903-010534-redshadow-updated-checklist/environment,These approved runs used deterministic command parameters; no seed-bearing workload was applicable.
NB-010,CHK-010,Phase 0 — Test Governance & Baseline,Record test duration and repetitions,PASS,EVIDENCE_COLLECTED,EXPERIMENTALLY_VALIDATED,EXECUTABLE_OR_APPLICABLE_CURRENT_HOST,20260903-010534-redshadow-updated-checklist,artifacts/real-world/20260903-010534-redshadow-updated-checklist/environment,Inventory and baseline snapshots are in environment/ and baseline/.
NB-011,CHK-011,Phase 0 — Test Governance & Baseline,"Preserve raw logs, traces and workload results",PASS,EVIDENCE_COLLECTED,EXPERIMENTALLY_VALIDATED,EXECUTABLE_OR_APPLICABLE_CURRENT_HOST,20260903-010534-redshadow-updated-checklist,artifacts/real-world/20260903-010534-redshadow-updated-checklist/environment,Inventory and baseline snapshots are in environment/ and baseline/.
NB-012,CHK-012,Phase 0 — Test Governance & Baseline,"Record CPU model, physical/logical CPUs, topology, NUMA, cache, RAM, storage, network, GPU if relevant, BIOS/UEFI, microcode",PASS,EVIDENCE_COLLECTED,EXPERIMENTALLY_VALIDATED,EXECUTABLE_OR_APPLICABLE_CURRENT_HOST,20260903-010534-redshadow-updated-checklist,artifacts/real-world/20260903-010534-redshadow-updated-checklist/environment,Inventory and baseline snapshots are in environment/ and baseline/.
NB-013,CHK-013,Phase 0 — Test Governance & Baseline,Verify machine boots normally,PASS,EVIDENCE_COLLECTED,EXPERIMENTALLY_VALIDATED,EXECUTABLE_OR_APPLICABLE_CURRENT_HOST,20260903-010534-redshadow-updated-checklist,artifacts/real-world/20260903-010534-redshadow-updated-checklist/environment,Inventory and baseline snapshots are in environment/ and baseline/.
NB-014,CHK-014,Phase 0 — Test Governance & Baseline,Check system/kernel logs for pre-existing errors,PASS,EVIDENCE_COLLECTED,EXPERIMENTALLY_VALIDATED,EXECUTABLE_OR_APPLICABLE_CURRENT_HOST,20260903-010534-redshadow-updated-checklist,artifacts/real-world/20260903-010534-redshadow-updated-checklist/environment,Inventory and baseline snapshots are in environment/ and baseline/.
NB-015,CHK-015,Phase 0 — Test Governance & Baseline,Check CPU temperature,PASS,EVIDENCE_COLLECTED,EXPERIMENTALLY_VALIDATED,EXECUTABLE_OR_APPLICABLE_CURRENT_HOST,20260903-010534-redshadow-updated-checklist,artifacts/real-world/20260903-010534-redshadow-updated-checklist/environment,Inventory and baseline snapshots are in environment/ and baseline/.
NB-016,CHK-016,Phase 0 — Test Governance & Baseline,Check memory/storage health,INCONCLUSIVE,INCONCLUSIVE_NO_SMART_OR_HEALTH_TOOL,INCONCLUSIVE,EXECUTABLE_OR_APPLICABLE_CURRENT_HOST,20260903-010534-redshadow-updated-checklist,artifacts/real-world/20260903-010534-redshadow-updated-checklist/environment,Free-space and memory snapshots were collected; SMART/health tooling was unavailable.
NB-017,CHK-017,Phase 0 — Test Governance & Baseline,Check networking,PASS,EVIDENCE_COLLECTED,EXPERIMENTALLY_VALIDATED,EXECUTABLE_OR_APPLICABLE_CURRENT_HOST,20260903-010534-redshadow-updated-checklist,artifacts/real-world/20260903-010534-redshadow-updated-checklist/environment,Inventory and baseline snapshots are in environment/ and baseline/.
NB-018,CHK-018,Phase 0 — Test Governance & Baseline,Check background workload,PASS,EVIDENCE_COLLECTED,EXPERIMENTALLY_VALIDATED,EXECUTABLE_OR_APPLICABLE_CURRENT_HOST,20260903-010534-redshadow-updated-checklist,artifacts/real-world/20260903-010534-redshadow-updated-checklist/environment,Inventory and baseline snapshots are in environment/ and baseline/.
NB-019,CHK-019,Phase 0 — Test Governance & Baseline,Verify clock/time synchronization,PASS,EVIDENCE_COLLECTED_CURRENT_RECHECK,EXPERIMENTALLY_VALIDATED,EXECUTABLE_OR_APPLICABLE_CURRENT_HOST,20260903-014334-redshadow-no-block-checklist,artifacts/real-world/20260903-014334-redshadow-no-block-checklist/environment,Current recheck: timedatectl reports NTPSynchronized=yes.
NB-020,CHK-020,Phase 0 — Test Governance & Baseline,"Run and record baseline Linux scheduler results: CPU utilization, memory, load, context switches, migrations, latency, throughput, cache behavior, I/O, network and thermal behavior",PASS,EVIDENCE_COLLECTED,EXPERIMENTALLY_VALIDATED,EXECUTABLE_OR_APPLICABLE_CURRENT_HOST,20260903-010534-redshadow-updated-checklist,artifacts/real-world/20260903-010534-redshadow-updated-checklist/environment,Inventory and baseline snapshots are in environment/ and baseline/.
NB-021,CHK-021,Phase 0 — Test Governance & Baseline,Repeat baseline experiments and archive dataset,PASS,EVIDENCE_COLLECTED,EXPERIMENTALLY_VALIDATED,EXECUTABLE_OR_APPLICABLE_CURRENT_HOST,20260903-010534-redshadow-updated-checklist,artifacts/real-world/20260903-010534-redshadow-updated-checklist/environment,Inventory and baseline snapshots are in environment/ and baseline/.
NB-022,CHK-022,Phase 1 — Kernel Build & Installation,Verify ORCHESTRA source tree and intended kernel version,PASS,EVIDENCE_COLLECTED,EXPERIMENTALLY_VALIDATED,EXECUTABLE_OR_APPLICABLE_CURRENT_HOST,20260903-010534-redshadow-updated-checklist,artifacts/real-world/20260903-010534-redshadow-updated-checklist/build,"Userspace/bridge build, kernel config, exact target build, and runtime load/unload evidence."
NB-023,CHK-023,Phase 1 — Kernel Build & Installation,Verify required kernel options,PASS,EVIDENCE_COLLECTED,EXPERIMENTALLY_VALIDATED,EXECUTABLE_OR_APPLICABLE_CURRENT_HOST,20260903-010534-redshadow-updated-checklist,artifacts/real-world/20260903-010534-redshadow-updated-checklist/build,"Userspace/bridge build, kernel config, exact target build, and runtime load/unload evidence."
NB-024,CHK-024,Phase 1 — Kernel Build & Installation,Perform clean build,PASS,EVIDENCE_COLLECTED,EXPERIMENTALLY_VALIDATED,EXECUTABLE_OR_APPLICABLE_CURRENT_HOST,20260903-010534-redshadow-updated-checklist,artifacts/real-world/20260903-010534-redshadow-updated-checklist/build,"Userspace/bridge build, kernel config, exact target build, and runtime load/unload evidence."
NB-025,CHK-025,Phase 1 — Kernel Build & Installation,Review build warnings/errors,PASS,EVIDENCE_COLLECTED,EXPERIMENTALLY_VALIDATED,EXECUTABLE_OR_APPLICABLE_CURRENT_HOST,20260903-010534-redshadow-updated-checklist,artifacts/real-world/20260903-010534-redshadow-updated-checklist/build,"Userspace/bridge build, kernel config, exact target build, and runtime load/unload evidence."
NB-026,CHK-031,Phase 1 — Kernel Build & Installation,Confirm kernel/ORCHESTRA version,PASS,EVIDENCE_COLLECTED,EXPERIMENTALLY_VALIDATED,EXECUTABLE_OR_APPLICABLE_CURRENT_HOST,20260903-010534-redshadow-updated-checklist,artifacts/real-world/20260903-010534-redshadow-updated-checklist/build,"Userspace/bridge build, kernel config, exact target build, and runtime load/unload evidence."
NB-027,CHK-032,Phase 1 — Kernel Build & Installation,Confirm ORCHESTRA initialization,PASS,EVIDENCE_COLLECTED,EXPERIMENTALLY_VALIDATED,EXECUTABLE_OR_APPLICABLE_CURRENT_HOST,20260903-010534-redshadow-updated-checklist,artifacts/real-world/20260903-010534-redshadow-updated-checklist/build,"Userspace/bridge build, kernel config, exact target build, and runtime load/unload evidence."
NB-028,CHK-033,Phase 1 — Kernel Build & Installation,Check for kernel panic/oops/WARN,PASS,EVIDENCE_COLLECTED,EXPERIMENTALLY_VALIDATED,EXECUTABLE_OR_APPLICABLE_CURRENT_HOST,20260903-010534-redshadow-updated-checklist,artifacts/real-world/20260903-010534-redshadow-updated-checklist/build,"Userspace/bridge build, kernel config, exact target build, and runtime load/unload evidence."
NB-029,CHK-034,Phase 1 — Kernel Build & Installation,Confirm scheduler initialization,PASS,EVIDENCE_COLLECTED,EXPERIMENTALLY_VALIDATED,EXECUTABLE_OR_APPLICABLE_CURRENT_HOST,20260903-010534-redshadow-updated-checklist,artifacts/real-world/20260903-010534-redshadow-updated-checklist/build,"Userspace/bridge build, kernel config, exact target build, and runtime load/unload evidence."
NB-030,CHK-035,Phase 1 — Kernel Build & Installation,Confirm Signal Bus initialization,PASS,EVIDENCE_COLLECTED,EXPERIMENTALLY_VALIDATED,EXECUTABLE_OR_APPLICABLE_CURRENT_HOST,20260903-010534-redshadow-updated-checklist,artifacts/real-world/20260903-010534-redshadow-updated-checklist/build,"Userspace/bridge build, kernel config, exact target build, and runtime load/unload evidence."
NB-031,CHK-036,Phase 1 — Kernel Build & Installation,Confirm monitoring initialization,PASS,EVIDENCE_COLLECTED,EXPERIMENTALLY_VALIDATED,EXECUTABLE_OR_APPLICABLE_CURRENT_HOST,20260903-010534-redshadow-updated-checklist,artifacts/real-world/20260903-010534-redshadow-updated-checklist/build,"Userspace/bridge build, kernel config, exact target build, and runtime load/unload evidence."
NB-032,CHK-037,Phase 1 — Kernel Build & Installation,Verify storage/network/user-space operation,PASS,EVIDENCE_COLLECTED,EXPERIMENTALLY_VALIDATED,EXECUTABLE_OR_APPLICABLE_CURRENT_HOST,20260903-010534-redshadow-updated-checklist,artifacts/real-world/20260903-010534-redshadow-updated-checklist/build,"Userspace/bridge build, kernel config, exact target build, and runtime load/unload evidence."
NB-033,CHK-041,Phase 1 — Kernel Build & Installation,Verify disable/reset procedure,PASS,EVIDENCE_COLLECTED,EXPERIMENTALLY_VALIDATED,EXECUTABLE_OR_APPLICABLE_CURRENT_HOST,20260903-010534-redshadow-updated-checklist,artifacts/real-world/20260903-010534-redshadow-updated-checklist/build,"Userspace/bridge build, kernel config, exact target build, and runtime load/unload evidence."
NB-034,CHK-042,Phase 2 — Linux Scheduler Integration,Verify scheduler initialization,PASS,EVIDENCE_COLLECTED,KERNEL_PROTOTYPED,EXECUTABLE_OR_APPLICABLE_CURRENT_HOST,20260903-010534-redshadow-updated-checklist,artifacts/real-world/20260903-010534-redshadow-updated-checklist/sched_ext,Runtime state and ordinary CFS/RT behavior remained usable.
NB-035,CHK-043,Phase 2 — Linux Scheduler Integration,Verify run queues and scheduler domains,INCONCLUSIVE,INCONCLUSIVE_INSUFFICIENT_DIRECT_OBSERVABILITY,INCONCLUSIVE,EXECUTABLE_OR_APPLICABLE_CURRENT_HOST,20260903-010534-redshadow-updated-checklist,artifacts/real-world/20260903-010534-redshadow-updated-checklist/sched_ext,No direct per-runqueue hook/preemption/load-balancer trace was captured.
NB-036,CHK-044,Phase 2 — Linux Scheduler Integration,Verify scheduler hooks,INCONCLUSIVE,INCONCLUSIVE_INSUFFICIENT_DIRECT_OBSERVABILITY,INCONCLUSIVE,EXECUTABLE_OR_APPLICABLE_CURRENT_HOST,20260903-010534-redshadow-updated-checklist,artifacts/real-world/20260903-010534-redshadow-updated-checklist/sched_ext,No direct per-runqueue hook/preemption/load-balancer trace was captured.
NB-037,CHK-045,Phase 2 — Linux Scheduler Integration,Verify existing scheduling classes remain functional,PASS,EVIDENCE_COLLECTED,KERNEL_PROTOTYPED,EXECUTABLE_OR_APPLICABLE_CURRENT_HOST,20260903-010534-redshadow-updated-checklist,artifacts/real-world/20260903-010534-redshadow-updated-checklist/sched_ext,Runtime state and ordinary CFS/RT behavior remained usable.
NB-038,CHK-046,Phase 2 — Linux Scheduler Integration,Test ORCHESTRA path for eligible task,PASS,EVIDENCE_COLLECTED,EXPERIMENTALLY_VALIDATED,EXECUTABLE_OR_APPLICABLE_CURRENT_HOST,20260903-010534-redshadow-updated-checklist,artifacts/real-world/20260903-010534-redshadow-updated-checklist/sched_ext,Exact-TID ownership and effective action counters were observed in the P0 session; CFS/ORCHESTRA comparisons also completed.
NB-039,CHK-047,Phase 2 — Linux Scheduler Integration,Verify ineligible task bypasses ORCHESTRA,PASS,EVIDENCE_COLLECTED,EXPERIMENTALLY_VALIDATED,EXECUTABLE_OR_APPLICABLE_CURRENT_HOST,20260903-010534-redshadow-updated-checklist,artifacts/real-world/20260903-010534-redshadow-updated-checklist/sched_ext,Exact-TID ownership and effective action counters were observed in the P0 session; CFS/ORCHESTRA comparisons also completed.
NB-040,CHK-048,Phase 2 — Linux Scheduler Integration,Verify scheduling decision is generated/applied,PASS,EVIDENCE_COLLECTED,EXPERIMENTALLY_VALIDATED,EXECUTABLE_OR_APPLICABLE_CURRENT_HOST,20260903-010534-redshadow-updated-checklist,artifacts/real-world/20260903-010534-redshadow-updated-checklist/sched_ext,Exact-TID ownership and effective action counters were observed in the P0 session; CFS/ORCHESTRA comparisons also completed.
NB-041,CHK-049,Phase 2 — Linux Scheduler Integration,Test RUN,PASS,EVIDENCE_COLLECTED,EXPERIMENTALLY_VALIDATED,EXECUTABLE_OR_APPLICABLE_CURRENT_HOST,20260903-010534-redshadow-updated-checklist,artifacts/real-world/20260903-010534-redshadow-updated-checklist/sched_ext,Exact-TID ownership and effective action counters were observed in the P0 session; CFS/ORCHESTRA comparisons also completed.
NB-042,CHK-050,Phase 2 — Linux Scheduler Integration,Test SLEEP,PASS,EVIDENCE_COLLECTED,EXPERIMENTALLY_VALIDATED,EXECUTABLE_OR_APPLICABLE_CURRENT_HOST,20260903-010534-redshadow-updated-checklist,artifacts/real-world/20260903-010534-redshadow-updated-checklist/sched_ext,Exact-TID ownership and effective action counters were observed in the P0 session; CFS/ORCHESTRA comparisons also completed.
NB-043,CHK-051,Phase 2 — Linux Scheduler Integration,Test MIGRATE,PASS,EVIDENCE_COLLECTED,EXPERIMENTALLY_VALIDATED,EXECUTABLE_OR_APPLICABLE_CURRENT_HOST,20260903-010534-redshadow-updated-checklist,artifacts/real-world/20260903-010534-redshadow-updated-checklist/sched_ext,Exact-TID ownership and effective action counters were observed in the P0 session; CFS/ORCHESTRA comparisons also completed.
NB-044,CHK-052,Phase 2 — Linux Scheduler Integration,Test THROTTLE,PASS,EVIDENCE_COLLECTED,EXPERIMENTALLY_VALIDATED,EXECUTABLE_OR_APPLICABLE_CURRENT_HOST,20260903-010534-redshadow-updated-checklist,artifacts/real-world/20260903-010534-redshadow-updated-checklist/sched_ext,Exact-TID ownership and effective action counters were observed in the P0 session; CFS/ORCHESTRA comparisons also completed.
NB-045,CHK-053,Phase 2 — Linux Scheduler Integration,Test YIELD,PASS,EVIDENCE_COLLECTED,EXPERIMENTALLY_VALIDATED,EXECUTABLE_OR_APPLICABLE_CURRENT_HOST,20260903-010534-redshadow-updated-checklist,artifacts/real-world/20260903-010534-redshadow-updated-checklist/sched_ext,Exact-TID ownership and effective action counters were observed in the P0 session; CFS/ORCHESTRA comparisons also completed.
NB-046,CHK-054,Phase 2 — Linux Scheduler Integration,Test invalid action handling,PASS,EVIDENCE_COLLECTED,EXPERIMENTALLY_VALIDATED,EXECUTABLE_OR_APPLICABLE_CURRENT_HOST,20260903-010534-redshadow-updated-checklist,artifacts/real-world/20260903-010534-redshadow-updated-checklist/sched_ext,Exact-TID ownership and effective action counters were observed in the P0 session; CFS/ORCHESTRA comparisons also completed.
NB-047,CHK-055,Phase 2 — Linux Scheduler Integration,Test normal Linux tasks,PASS,EVIDENCE_COLLECTED,EXPERIMENTALLY_VALIDATED,EXECUTABLE_OR_APPLICABLE_CURRENT_HOST,20260903-010534-redshadow-updated-checklist,artifacts/real-world/20260903-010534-redshadow-updated-checklist/sched_ext,Exact-TID ownership and effective action counters were observed in the P0 session; CFS/ORCHESTRA comparisons also completed.
NB-048,CHK-056,Phase 2 — Linux Scheduler Integration,Test ORCHESTRA tasks,PASS,EVIDENCE_COLLECTED,EXPERIMENTALLY_VALIDATED,EXECUTABLE_OR_APPLICABLE_CURRENT_HOST,20260903-010534-redshadow-updated-checklist,artifacts/real-world/20260903-010534-redshadow-updated-checklist/sched_ext,Exact-TID ownership and effective action counters were observed in the P0 session; CFS/ORCHESTRA comparisons also completed.
NB-049,CHK-057,Phase 2 — Linux Scheduler Integration,Test mixed scheduling classes,PASS,EVIDENCE_COLLECTED,EXPERIMENTALLY_VALIDATED,EXECUTABLE_OR_APPLICABLE_CURRENT_HOST,20260903-010534-redshadow-updated-checklist,artifacts/real-world/20260903-010534-redshadow-updated-checklist/sched_ext,Exact-TID ownership and effective action counters were observed in the P0 session; CFS/ORCHESTRA comparisons also completed.
NB-050,CHK-058,Phase 2 — Linux Scheduler Integration,Test task migration,PASS,EVIDENCE_COLLECTED,EXPERIMENTALLY_VALIDATED,EXECUTABLE_OR_APPLICABLE_CURRENT_HOST,20260903-010534-redshadow-updated-checklist,artifacts/real-world/20260903-010534-redshadow-updated-checklist/sched_ext,Exact-TID ownership and effective action counters were observed in the P0 session; CFS/ORCHESTRA comparisons also completed.
NB-051,CHK-059,Phase 2 — Linux Scheduler Integration,Test preemption,INCONCLUSIVE,INCONCLUSIVE_INSUFFICIENT_DIRECT_OBSERVABILITY,INCONCLUSIVE,EXECUTABLE_OR_APPLICABLE_CURRENT_HOST,20260903-010534-redshadow-updated-checklist,artifacts/real-world/20260903-010534-redshadow-updated-checklist/sched_ext,No direct per-runqueue hook/preemption/load-balancer trace was captured.
NB-052,CHK-060,Phase 2 — Linux Scheduler Integration,Test wake-up,PASS,EVIDENCE_COLLECTED,EXPERIMENTALLY_VALIDATED,EXECUTABLE_OR_APPLICABLE_CURRENT_HOST,20260903-010534-redshadow-updated-checklist,artifacts/real-world/20260903-010534-redshadow-updated-checklist/sched_ext,Exact-TID ownership and effective action counters were observed in the P0 session; CFS/ORCHESTRA comparisons also completed.
NB-053,CHK-061,Phase 2 — Linux Scheduler Integration,Test CPU affinity,PASS,EVIDENCE_COLLECTED,EXPERIMENTALLY_VALIDATED,EXECUTABLE_OR_APPLICABLE_CURRENT_HOST,20260903-010534-redshadow-updated-checklist,artifacts/real-world/20260903-010534-redshadow-updated-checklist/sched_ext,Exact-TID ownership and effective action counters were observed in the P0 session; CFS/ORCHESTRA comparisons also completed.
NB-054,CHK-062,Phase 2 — Linux Scheduler Integration,Test load balancing,INCONCLUSIVE,INCONCLUSIVE_INSUFFICIENT_DIRECT_OBSERVABILITY,INCONCLUSIVE,EXECUTABLE_OR_APPLICABLE_CURRENT_HOST,20260903-010534-redshadow-updated-checklist,artifacts/real-world/20260903-010534-redshadow-updated-checklist/sched_ext,No direct per-runqueue hook/preemption/load-balancer trace was captured.
NB-055,CHK-063,Phase 3 — Hybrid Safety / Real-Time,Create SCHED_FIFO task and verify conventional deterministic scheduling,PASS,EVIDENCE_COLLECTED,EXPERIMENTALLY_VALIDATED,EXECUTABLE_OR_APPLICABLE_CURRENT_HOST,20260903-010534-redshadow-updated-checklist,artifacts/real-world/20260903-010534-redshadow-updated-checklist/security,Bounded RT policy matrix and current live FIFO probes are archived; no hard-RT guarantee is claimed.
NB-056,CHK-064,Phase 3 — Hybrid Safety / Real-Time,Create SCHED_RR task and verify conventional deterministic scheduling,PASS,EVIDENCE_COLLECTED,EXPERIMENTALLY_VALIDATED,EXECUTABLE_OR_APPLICABLE_CURRENT_HOST,20260903-010534-redshadow-updated-checklist,artifacts/real-world/20260903-010534-redshadow-updated-checklist/security,Bounded RT policy matrix and current live FIFO probes are archived; no hard-RT guarantee is claimed.
NB-057,CHK-065,Phase 3 — Hybrid Safety / Real-Time,Verify ORCHESTRA does not override RT tasks,PASS,EVIDENCE_COLLECTED,EXPERIMENTALLY_VALIDATED,EXECUTABLE_OR_APPLICABLE_CURRENT_HOST,20260903-010534-redshadow-updated-checklist,artifacts/real-world/20260903-010534-redshadow-updated-checklist/security,Bounded RT policy matrix and current live FIFO probes are archived; no hard-RT guarantee is claimed.
NB-058,CHK-066,Phase 3 — Hybrid Safety / Real-Time,Verify RT priority behavior,PASS,EVIDENCE_COLLECTED,EXPERIMENTALLY_VALIDATED,EXECUTABLE_OR_APPLICABLE_CURRENT_HOST,20260903-010534-redshadow-updated-checklist,artifacts/real-world/20260903-010534-redshadow-updated-checklist/security,Bounded RT policy matrix and current live FIFO probes are archived; no hard-RT guarantee is claimed.
NB-059,CHK-067,Phase 3 — Hybrid Safety / Real-Time,Verify RT response behavior,INCONCLUSIVE,INCONCLUSIVE_BOUNDED_RT_OBSERVATION,INCONCLUSIVE,EXECUTABLE_OR_APPLICABLE_CURRENT_HOST,20260903-010534-redshadow-updated-checklist,artifacts/real-world/20260903-010534-redshadow-updated-checklist/security,The available evidence is bounded and does not establish exhaustive latency/fairness guarantees.
NB-060,CHK-068,Phase 3 — Hybrid Safety / Real-Time,Run RT + ORCHESTRA CPU-bound workload,PASS,EVIDENCE_COLLECTED,EXPERIMENTALLY_VALIDATED,EXECUTABLE_OR_APPLICABLE_CURRENT_HOST,20260903-010534-redshadow-updated-checklist,artifacts/real-world/20260903-010534-redshadow-updated-checklist/security,Bounded RT policy matrix and current live FIFO probes are archived; no hard-RT guarantee is claimed.
NB-061,CHK-072,Phase 3 — Hybrid Safety / Real-Time,Check priority inversion,INCONCLUSIVE,INCONCLUSIVE_BOUNDED_RT_OBSERVATION,INCONCLUSIVE,EXECUTABLE_OR_APPLICABLE_CURRENT_HOST,20260903-010534-redshadow-updated-checklist,artifacts/real-world/20260903-010534-redshadow-updated-checklist/security,The available evidence is bounded and does not establish exhaustive latency/fairness guarantees.
NB-062,CHK-073,Phase 3 — Hybrid Safety / Real-Time,Check starvation,INCONCLUSIVE,INCONCLUSIVE_BOUNDED_RT_OBSERVATION,INCONCLUSIVE,EXECUTABLE_OR_APPLICABLE_CURRENT_HOST,20260903-010534-redshadow-updated-checklist,artifacts/real-world/20260903-010534-redshadow-updated-checklist/security,The available evidence is bounded and does not establish exhaustive latency/fairness guarantees.
NB-063,CHK-074,Phase 3 — Hybrid Safety / Real-Time,Check deadlock,INCONCLUSIVE,INCONCLUSIVE_BOUNDED_RT_OBSERVATION,INCONCLUSIVE,EXECUTABLE_OR_APPLICABLE_CURRENT_HOST,20260903-010534-redshadow-updated-checklist,artifacts/real-world/20260903-010534-redshadow-updated-checklist/security,The available evidence is bounded and does not establish exhaustive latency/fairness guarantees.
NB-064,CHK-075,Phase 3 — Hybrid Safety / Real-Time,Check system responsiveness,INCONCLUSIVE,INCONCLUSIVE_BOUNDED_RT_OBSERVATION,INCONCLUSIVE,EXECUTABLE_OR_APPLICABLE_CURRENT_HOST,20260903-010534-redshadow-updated-checklist,artifacts/real-world/20260903-010534-redshadow-updated-checklist/security,The available evidence is bounded and does not establish exhaustive latency/fairness guarantees.
NB-065,CHK-076,Phase 4 — Signal Bus,Verify CPU utilization acquisition,INCONCLUSIVE,INCONCLUSIVE_SOURCE_ACQUISITION_NOT_FULLY_EXPOSED,INCONCLUSIVE,EXECUTABLE_OR_APPLICABLE_CURRENT_HOST,20260903-010534-redshadow-updated-checklist,artifacts/real-world/20260903-010534-redshadow-updated-checklist/signal,"Runtime telemetry fields exist, but full host acquisition path for every listed source was not independently measured."
NB-066,CHK-077,Phase 4 — Signal Bus,Verify memory-pressure acquisition,INCONCLUSIVE,INCONCLUSIVE_SOURCE_ACQUISITION_NOT_FULLY_EXPOSED,INCONCLUSIVE,EXECUTABLE_OR_APPLICABLE_CURRENT_HOST,20260903-010534-redshadow-updated-checklist,artifacts/real-world/20260903-010534-redshadow-updated-checklist/signal,"Runtime telemetry fields exist, but full host acquisition path for every listed source was not independently measured."
NB-067,CHK-078,Phase 4 — Signal Bus,Verify cache-behavior acquisition,INCONCLUSIVE,INCONCLUSIVE_SOURCE_ACQUISITION_NOT_FULLY_EXPOSED,INCONCLUSIVE,EXECUTABLE_OR_APPLICABLE_CURRENT_HOST,20260903-010534-redshadow-updated-checklist,artifacts/real-world/20260903-010534-redshadow-updated-checklist/signal,"Runtime telemetry fields exist, but full host acquisition path for every listed source was not independently measured."
NB-068,CHK-079,Phase 4 — Signal Bus,Verify thermal-state acquisition,INCONCLUSIVE,INCONCLUSIVE_SOURCE_ACQUISITION_NOT_FULLY_EXPOSED,INCONCLUSIVE,EXECUTABLE_OR_APPLICABLE_CURRENT_HOST,20260903-010534-redshadow-updated-checklist,artifacts/real-world/20260903-010534-redshadow-updated-checklist/signal,"Runtime telemetry fields exist, but full host acquisition path for every listed source was not independently measured."
NB-069,CHK-080,Phase 4 — Signal Bus,Verify I/O activity acquisition,INCONCLUSIVE,INCONCLUSIVE_SOURCE_ACQUISITION_NOT_FULLY_EXPOSED,INCONCLUSIVE,EXECUTABLE_OR_APPLICABLE_CURRENT_HOST,20260903-010534-redshadow-updated-checklist,artifacts/real-world/20260903-010534-redshadow-updated-checklist/signal,"Runtime telemetry fields exist, but full host acquisition path for every listed source was not independently measured."
NB-070,CHK-081,Phase 4 — Signal Bus,Verify network-utilization acquisition,INCONCLUSIVE,INCONCLUSIVE_SOURCE_ACQUISITION_NOT_FULLY_EXPOSED,INCONCLUSIVE,EXECUTABLE_OR_APPLICABLE_CURRENT_HOST,20260903-010534-redshadow-updated-checklist,artifacts/real-world/20260903-010534-redshadow-updated-checklist/signal,"Runtime telemetry fields exist, but full host acquisition path for every listed source was not independently measured."
NB-071,CHK-083,Phase 4 — Signal Bus,Verify signal frame generation,PASS,EVIDENCE_COLLECTED,KERNEL_PROTOTYPED,EXECUTABLE_OR_APPLICABLE_CURRENT_HOST,20260903-010534-redshadow-updated-checklist,artifacts/real-world/20260903-010534-redshadow-updated-checklist/signal,"Local-trust signal map fields, freshness and MAP_SHARED stress evidence; no cryptographic integrity claim."
NB-072,CHK-084,Phase 4 — Signal Bus,Verify timestamp,PASS,EVIDENCE_COLLECTED,KERNEL_PROTOTYPED,EXECUTABLE_OR_APPLICABLE_CURRENT_HOST,20260903-010534-redshadow-updated-checklist,artifacts/real-world/20260903-010534-redshadow-updated-checklist/signal,"Local-trust signal map fields, freshness and MAP_SHARED stress evidence; no cryptographic integrity claim."
NB-073,CHK-085,Phase 4 — Signal Bus,Verify sequence number,PASS,EVIDENCE_COLLECTED,KERNEL_PROTOTYPED,EXECUTABLE_OR_APPLICABLE_CURRENT_HOST,20260903-010534-redshadow-updated-checklist,artifacts/real-world/20260903-010534-redshadow-updated-checklist/signal,"Local-trust signal map fields, freshness and MAP_SHARED stress evidence; no cryptographic integrity claim."
NB-074,CHK-086,Phase 4 — Signal Bus,Verify raw measurements,PASS,EVIDENCE_COLLECTED,KERNEL_PROTOTYPED,EXECUTABLE_OR_APPLICABLE_CURRENT_HOST,20260903-010534-redshadow-updated-checklist,artifacts/real-world/20260903-010534-redshadow-updated-checklist/signal,"Local-trust signal map fields, freshness and MAP_SHARED stress evidence; no cryptographic integrity claim."
NB-075,CHK-089,Phase 4 — Signal Bus,Verify directive,PASS,EVIDENCE_COLLECTED,KERNEL_PROTOTYPED,EXECUTABLE_OR_APPLICABLE_CURRENT_HOST,20260903-010534-redshadow-updated-checklist,artifacts/real-world/20260903-010534-redshadow-updated-checklist/signal,"Local-trust signal map fields, freshness and MAP_SHARED stress evidence; no cryptographic integrity claim."
NB-076,CHK-090,Phase 4 — Signal Bus,Verify metadata/version,PASS,EVIDENCE_COLLECTED,KERNEL_PROTOTYPED,EXECUTABLE_OR_APPLICABLE_CURRENT_HOST,20260903-010534-redshadow-updated-checklist,artifacts/real-world/20260903-010534-redshadow-updated-checklist/signal,"Local-trust signal map fields, freshness and MAP_SHARED stress evidence; no cryptographic integrity claim."
NB-077,CHK-092,Phase 4 — Signal Bus,Verify publication/replacement/expiry,PASS,EVIDENCE_COLLECTED,KERNEL_PROTOTYPED,EXECUTABLE_OR_APPLICABLE_CURRENT_HOST,20260903-010534-redshadow-updated-checklist,artifacts/real-world/20260903-010534-redshadow-updated-checklist/signal,"Local-trust signal map fields, freshness and MAP_SHARED stress evidence; no cryptographic integrity claim."
NB-078,CHK-093,Phase 4 — Signal Bus,Check lost/duplicate/inconsistent updates,PASS,EVIDENCE_COLLECTED,KERNEL_PROTOTYPED,EXECUTABLE_OR_APPLICABLE_CURRENT_HOST,20260903-010534-redshadow-updated-checklist,artifacts/real-world/20260903-010534-redshadow-updated-checklist/signal,"Local-trust signal map fields, freshness and MAP_SHARED stress evidence; no cryptographic integrity claim."
NB-079,CHK-094,Phase 4 — Signal Bus,Verify read-only shared-memory access,PASS,EVIDENCE_COLLECTED,KERNEL_PROTOTYPED,EXECUTABLE_OR_APPLICABLE_CURRENT_HOST,20260903-010534-redshadow-updated-checklist,artifacts/real-world/20260903-010534-redshadow-updated-checklist/signal,"Local-trust signal map fields, freshness and MAP_SHARED stress evidence; no cryptographic integrity claim."
NB-080,CHK-096,Phase 4 — Signal Bus,Test concurrent readers,PASS,EVIDENCE_COLLECTED,KERNEL_PROTOTYPED,EXECUTABLE_OR_APPLICABLE_CURRENT_HOST,20260903-010534-redshadow-updated-checklist,artifacts/real-world/20260903-010534-redshadow-updated-checklist/signal,"Local-trust signal map fields, freshness and MAP_SHARED stress evidence; no cryptographic integrity claim."
NB-081,CHK-099,Phase 4 — Signal Bus,Test mapping/unmapping and cleanup,PASS,EVIDENCE_COLLECTED,KERNEL_PROTOTYPED,EXECUTABLE_OR_APPLICABLE_CURRENT_HOST,20260903-010534-redshadow-updated-checklist,artifacts/real-world/20260903-010534-redshadow-updated-checklist/signal,"Local-trust signal map fields, freshness and MAP_SHARED stress evidence; no cryptographic integrity claim."
NB-082,CHK-101,Phase 5 — Signal Integrity & Fault Injection,Valid signal accepted,PASS,EVIDENCE_COLLECTED,KERNEL_PROTOTYPED,EXECUTABLE_OR_APPLICABLE_CURRENT_HOST,20260903-010534-redshadow-updated-checklist,artifacts/real-world/20260903-010534-redshadow-updated-checklist/security,CLI sequence/freshness/replay probes and clean lifecycle evidence.
NB-083,CHK-107,Phase 5 — Signal Integrity & Fault Injection,Duplicate frame handled,PASS,EVIDENCE_COLLECTED,KERNEL_PROTOTYPED,EXECUTABLE_OR_APPLICABLE_CURRENT_HOST,20260903-010534-redshadow-updated-checklist,artifacts/real-world/20260903-010534-redshadow-updated-checklist/security,CLI sequence/freshness/replay probes and clean lifecycle evidence.
NB-084,CHK-108,Phase 5 — Signal Integrity & Fault Injection,Old/stale frame rejected,PASS,EVIDENCE_COLLECTED,KERNEL_PROTOTYPED,EXECUTABLE_OR_APPLICABLE_CURRENT_HOST,20260903-010534-redshadow-updated-checklist,artifacts/real-world/20260903-010534-redshadow-updated-checklist/security,CLI sequence/freshness/replay probes and clean lifecycle evidence.
NB-085,CHK-109,Phase 5 — Signal Integrity & Fault Injection,Out-of-order frame handled,INCONCLUSIVE,INCONCLUSIVE_NO_DIRECT_OUT_OF_ORDER_CASE,INCONCLUSIVE,EXECUTABLE_OR_APPLICABLE_CURRENT_HOST,20260903-010534-redshadow-updated-checklist,artifacts/real-world/20260903-010534-redshadow-updated-checklist/security,Only duplicate/non-increasing sequence was directly exercised.
NB-086,CHK-110,Phase 5 — Signal Integrity & Fault Injection,Invalid sequence rejected,PASS,EVIDENCE_COLLECTED,KERNEL_PROTOTYPED,EXECUTABLE_OR_APPLICABLE_CURRENT_HOST,20260903-010534-redshadow-updated-checklist,artifacts/real-world/20260903-010534-redshadow-updated-checklist/security,CLI sequence/freshness/replay probes and clean lifecycle evidence.
NB-087,CHK-116,Phase 5 — Signal Integrity & Fault Injection,Restart/recover Signal Bus,INCONCLUSIVE,INCONCLUSIVE_NO_RESTART_EVENT,INCONCLUSIVE,EXECUTABLE_OR_APPLICABLE_CURRENT_HOST,20260903-010534-redshadow-updated-checklist,artifacts/real-world/20260903-010534-redshadow-updated-checklist/recovery,"Lifecycle recovery was tested for policy/scheduler, not a producer restart event."
NB-088,CHK-117,Phase 5 — Signal Integrity & Fault Injection,Verify safe scheduler fallback,PASS,EVIDENCE_COLLECTED,KERNEL_PROTOTYPED,EXECUTABLE_OR_APPLICABLE_CURRENT_HOST,20260903-010534-redshadow-updated-checklist,artifacts/real-world/20260903-010534-redshadow-updated-checklist/security,CLI sequence/freshness/replay probes and clean lifecycle evidence.
NB-089,CHK-118,Phase 5 — Signal Integrity & Fault Injection,Verify recovery after valid signals resume,PASS,EVIDENCE_COLLECTED,KERNEL_PROTOTYPED,EXECUTABLE_OR_APPLICABLE_CURRENT_HOST,20260903-010534-redshadow-updated-checklist,artifacts/real-world/20260903-010534-redshadow-updated-checklist/security,CLI sequence/freshness/replay probes and clean lifecycle evidence.
NB-090,CHK-142,Phase 6 — Predictive Scheduling Engine,Verify observed-state fallback,PASS,EVIDENCE_COLLECTED,USERSPACE_VALIDATED,EXECUTABLE_OR_APPLICABLE_CURRENT_HOST,20260903-010534-redshadow-updated-checklist,artifacts/real-world/20260903-010534-redshadow-updated-checklist/prediction,Observed-state fallback was present in bounded tests; this does not validate a predictor.
NB-091,CHK-145,Phase 7 — Adaptive Response Function,"Verify state construction from CPU, memory, thermal, queue and predicted state",PASS,EVIDENCE_COLLECTED,KERNEL_PROTOTYPED,EXECUTABLE_OR_APPLICABLE_CURRENT_HOST,20260903-010534-redshadow-updated-checklist,artifacts/real-world/20260903-010534-redshadow-updated-checklist/controller,Policy/status and five action probes are bounded runtime evidence.
NB-092,CHK-146,Phase 7 — Adaptive Response Function,Test RUN decision,PASS,EVIDENCE_COLLECTED,KERNEL_PROTOTYPED,EXECUTABLE_OR_APPLICABLE_CURRENT_HOST,20260903-010534-redshadow-updated-checklist,artifacts/real-world/20260903-010534-redshadow-updated-checklist/controller,Policy/status and five action probes are bounded runtime evidence.
NB-093,CHK-148,Phase 7 — Adaptive Response Function,Test MIGRATE decision,PASS,EVIDENCE_COLLECTED,KERNEL_PROTOTYPED,EXECUTABLE_OR_APPLICABLE_CURRENT_HOST,20260903-010534-redshadow-updated-checklist,artifacts/real-world/20260903-010534-redshadow-updated-checklist/controller,Policy/status and five action probes are bounded runtime evidence.
NB-094,CHK-149,Phase 7 — Adaptive Response Function,Test THROTTLE decision,PASS,EVIDENCE_COLLECTED,KERNEL_PROTOTYPED,EXECUTABLE_OR_APPLICABLE_CURRENT_HOST,20260903-010534-redshadow-updated-checklist,artifacts/real-world/20260903-010534-redshadow-updated-checklist/controller,Policy/status and five action probes are bounded runtime evidence.
NB-095,CHK-150,Phase 7 — Adaptive Response Function,Test YIELD decision,PASS,EVIDENCE_COLLECTED,KERNEL_PROTOTYPED,EXECUTABLE_OR_APPLICABLE_CURRENT_HOST,20260903-010534-redshadow-updated-checklist,artifacts/real-world/20260903-010534-redshadow-updated-checklist/controller,Policy/status and five action probes are bounded runtime evidence.
NB-096,CHK-151,Phase 7 — Adaptive Response Function,Test invalid/missing state handling,INCONCLUSIVE,INCONCLUSIVE_NO_DIRECT_STATE_FAULT,INCONCLUSIVE,EXECUTABLE_OR_APPLICABLE_CURRENT_HOST,20260903-010534-redshadow-updated-checklist,artifacts/real-world/20260903-010534-redshadow-updated-checklist/controller,No safe malformed-state injector was available.
NB-097,CHK-152,Phase 7 — Adaptive Response Function,Verify policy initialization/update,PASS,EVIDENCE_COLLECTED,KERNEL_PROTOTYPED,EXECUTABLE_OR_APPLICABLE_CURRENT_HOST,20260903-010534-redshadow-updated-checklist,artifacts/real-world/20260903-010534-redshadow-updated-checklist/controller,Policy/status and five action probes are bounded runtime evidence.
NB-098,CHK-153,Phase 7 — Adaptive Response Function,Verify reward generation,INCONCLUSIVE,INCONCLUSIVE_INSUFFICIENT_ADAPTATION_TELEMETRY,INCONCLUSIVE,EXECUTABLE_OR_APPLICABLE_CURRENT_HOST,20260903-010534-redshadow-updated-checklist,artifacts/real-world/20260903-010534-redshadow-updated-checklist/controller,Policy bank lifecycle is observable; reward/adaptation convergence is not.
NB-099,CHK-154,Phase 7 — Adaptive Response Function,Check policy stability,INCONCLUSIVE,INCONCLUSIVE_INSUFFICIENT_ADAPTATION_TELEMETRY,INCONCLUSIVE,EXECUTABLE_OR_APPLICABLE_CURRENT_HOST,20260903-010534-redshadow-updated-checklist,artifacts/real-world/20260903-010534-redshadow-updated-checklist/controller,Policy bank lifecycle is observable; reward/adaptation convergence is not.
NB-100,CHK-155,Phase 7 — Adaptive Response Function,Bound exploration,PASS,EVIDENCE_COLLECTED,KERNEL_PROTOTYPED,EXECUTABLE_OR_APPLICABLE_CURRENT_HOST,20260903-010534-redshadow-updated-checklist,artifacts/real-world/20260903-010534-redshadow-updated-checklist/controller,Policy/status and five action probes are bounded runtime evidence.
NB-101,CHK-156,Phase 7 — Adaptive Response Function,Record adaptation frequency,INCONCLUSIVE,INCONCLUSIVE_INSUFFICIENT_ADAPTATION_TELEMETRY,INCONCLUSIVE,EXECUTABLE_OR_APPLICABLE_CURRENT_HOST,20260903-010534-redshadow-updated-checklist,artifacts/real-world/20260903-010534-redshadow-updated-checklist/controller,Policy bank lifecycle is observable; reward/adaptation convergence is not.
NB-102,CHK-157,Phase 7 — Adaptive Response Function,Test policy reset/suspension/recovery,PASS,EVIDENCE_COLLECTED,KERNEL_PROTOTYPED,EXECUTABLE_OR_APPLICABLE_CURRENT_HOST,20260903-010534-redshadow-updated-checklist,artifacts/real-world/20260903-010534-redshadow-updated-checklist/controller,Policy/status and five action probes are bounded runtime evidence.
NB-103,CHK-166,Phase 8 — Coordination Index (S1/S2/S3/S4/Q),S1: measure signal freshness,PASS,EVIDENCE_COLLECTED,KERNEL_PROTOTYPED,EXECUTABLE_OR_APPLICABLE_CURRENT_HOST,20260903-010534-redshadow-updated-checklist,artifacts/real-world/20260903-010534-redshadow-updated-checklist/coordination,Bounded fields/calculation evidence; Q is not a broad population validation.
NB-104,CHK-167,Phase 8 — Coordination Index (S1/S2/S3/S4/Q),S1: measure forecast accuracy,INCONCLUSIVE,INCONCLUSIVE_POPULATION_OR_PREDICTOR_TELEMETRY_MISSING,INCONCLUSIVE,EXECUTABLE_OR_APPLICABLE_CURRENT_HOST,20260903-010534-redshadow-updated-checklist,artifacts/real-world/20260903-010534-redshadow-updated-checklist/coordination,No valid predictor/population/herd dataset was collected.
NB-105,CHK-168,Phase 8 — Coordination Index (S1/S2/S3/S4/Q),S1: measure signal age/prediction divergence,INCONCLUSIVE,INCONCLUSIVE_POPULATION_OR_PREDICTOR_TELEMETRY_MISSING,INCONCLUSIVE,EXECUTABLE_OR_APPLICABLE_CURRENT_HOST,20260903-010534-redshadow-updated-checklist,artifacts/real-world/20260903-010534-redshadow-updated-checklist/coordination,No valid predictor/population/herd dataset was collected.
NB-106,CHK-169,Phase 8 — Coordination Index (S1/S2/S3/S4/Q),S2: verify eligible/exempt counts,PASS,EVIDENCE_COLLECTED,KERNEL_PROTOTYPED,EXECUTABLE_OR_APPLICABLE_CURRENT_HOST,20260903-010534-redshadow-updated-checklist,artifacts/real-world/20260903-010534-redshadow-updated-checklist/coordination,Bounded fields/calculation evidence; Q is not a broad population validation.
NB-107,CHK-170,Phase 8 — Coordination Index (S1/S2/S3/S4/Q),S2: count compliant/non-compliant actions,PASS,EVIDENCE_COLLECTED,KERNEL_PROTOTYPED,EXECUTABLE_OR_APPLICABLE_CURRENT_HOST,20260903-010534-redshadow-updated-checklist,artifacts/real-world/20260903-010534-redshadow-updated-checklist/coordination,Bounded fields/calculation evidence; Q is not a broad population validation.
NB-108,CHK-171,Phase 8 — Coordination Index (S1/S2/S3/S4/Q),S2: verify calculation,PASS,EVIDENCE_COLLECTED,KERNEL_PROTOTYPED,EXECUTABLE_OR_APPLICABLE_CURRENT_HOST,20260903-010534-redshadow-updated-checklist,artifacts/real-world/20260903-010534-redshadow-updated-checklist/coordination,Bounded fields/calculation evidence; Q is not a broad population validation.
NB-109,CHK-172,Phase 8 — Coordination Index (S1/S2/S3/S4/Q),S3: capture action distribution,PASS,EVIDENCE_COLLECTED,KERNEL_PROTOTYPED,EXECUTABLE_OR_APPLICABLE_CURRENT_HOST,20260903-010534-redshadow-updated-checklist,artifacts/real-world/20260903-010534-redshadow-updated-checklist/coordination,Bounded fields/calculation evidence; Q is not a broad population validation.
NB-110,CHK-173,Phase 8 — Coordination Index (S1/S2/S3/S4/Q),S3: measure action consistency,PASS,EVIDENCE_COLLECTED,KERNEL_PROTOTYPED,EXECUTABLE_OR_APPLICABLE_CURRENT_HOST,20260903-010534-redshadow-updated-checklist,artifacts/real-world/20260903-010534-redshadow-updated-checklist/coordination,Bounded fields/calculation evidence; Q is not a broad population validation.
NB-111,CHK-174,Phase 8 — Coordination Index (S1/S2/S3/S4/Q),S3: detect divergent behavior,INCONCLUSIVE,INCONCLUSIVE_POPULATION_OR_PREDICTOR_TELEMETRY_MISSING,INCONCLUSIVE,EXECUTABLE_OR_APPLICABLE_CURRENT_HOST,20260903-010534-redshadow-updated-checklist,artifacts/real-world/20260903-010534-redshadow-updated-checklist/coordination,No valid predictor/population/herd dataset was collected.
NB-112,CHK-175,Phase 8 — Coordination Index (S1/S2/S3/S4/Q),S3: calculate population coherence,INCONCLUSIVE,INCONCLUSIVE_POPULATION_OR_PREDICTOR_TELEMETRY_MISSING,INCONCLUSIVE,EXECUTABLE_OR_APPLICABLE_CURRENT_HOST,20260903-010534-redshadow-updated-checklist,artifacts/real-world/20260903-010534-redshadow-updated-checklist/coordination,No valid predictor/population/herd dataset was collected.
NB-113,CHK-176,Phase 8 — Coordination Index (S1/S2/S3/S4/Q),S4: record previous/current actions,PASS,EVIDENCE_COLLECTED,KERNEL_PROTOTYPED,EXECUTABLE_OR_APPLICABLE_CURRENT_HOST,20260903-010534-redshadow-updated-checklist,artifacts/real-world/20260903-010534-redshadow-updated-checklist/coordination,Bounded fields/calculation evidence; Q is not a broad population validation.
NB-114,CHK-177,Phase 8 — Coordination Index (S1/S2/S3/S4/Q),S4: count transitions,PASS,EVIDENCE_COLLECTED,KERNEL_PROTOTYPED,EXECUTABLE_OR_APPLICABLE_CURRENT_HOST,20260903-010534-redshadow-updated-checklist,artifacts/real-world/20260903-010534-redshadow-updated-checklist/coordination,Bounded fields/calculation evidence; Q is not a broad population validation.
NB-115,CHK-178,Phase 8 — Coordination Index (S1/S2/S3/S4/Q),S4: detect mass switching,INCONCLUSIVE,INCONCLUSIVE_POPULATION_OR_PREDICTOR_TELEMETRY_MISSING,INCONCLUSIVE,EXECUTABLE_OR_APPLICABLE_CURRENT_HOST,20260903-010534-redshadow-updated-checklist,artifacts/real-world/20260903-010534-redshadow-updated-checklist/coordination,No valid predictor/population/herd dataset was collected.
NB-116,CHK-179,Phase 8 — Coordination Index (S1/S2/S3/S4/Q),S4: detect oscillation,INCONCLUSIVE,INCONCLUSIVE_POPULATION_OR_PREDICTOR_TELEMETRY_MISSING,INCONCLUSIVE,EXECUTABLE_OR_APPLICABLE_CURRENT_HOST,20260903-010534-redshadow-updated-checklist,artifacts/real-world/20260903-010534-redshadow-updated-checklist/coordination,No valid predictor/population/herd dataset was collected.
NB-117,CHK-180,Phase 8 — Coordination Index (S1/S2/S3/S4/Q),S4: calculate temporal stability,INCONCLUSIVE,INCONCLUSIVE_POPULATION_OR_PREDICTOR_TELEMETRY_MISSING,INCONCLUSIVE,EXECUTABLE_OR_APPLICABLE_CURRENT_HOST,20260903-010534-redshadow-updated-checklist,artifacts/real-world/20260903-010534-redshadow-updated-checklist/coordination,No valid predictor/population/herd dataset was collected.
NB-118,CHK-181,Phase 8 — Coordination Index (S1/S2/S3/S4/Q),Verify composite Q calculation,PASS,EVIDENCE_COLLECTED,KERNEL_PROTOTYPED,EXECUTABLE_OR_APPLICABLE_CURRENT_HOST,20260903-010534-redshadow-updated-checklist,artifacts/real-world/20260903-010534-redshadow-updated-checklist/coordination,Bounded fields/calculation evidence; Q is not a broad population validation.
NB-119,CHK-182,Phase 8 — Coordination Index (S1/S2/S3/S4/Q),Verify Q range,PASS,EVIDENCE_COLLECTED,KERNEL_PROTOTYPED,EXECUTABLE_OR_APPLICABLE_CURRENT_HOST,20260903-010534-redshadow-updated-checklist,artifacts/real-world/20260903-010534-redshadow-updated-checklist/coordination,Bounded fields/calculation evidence; Q is not a broad population validation.
NB-120,CHK-183,Phase 8 — Coordination Index (S1/S2/S3/S4/Q),Verify Q responds to coordination degradation,INCONCLUSIVE,INCONCLUSIVE_POPULATION_OR_PREDICTOR_TELEMETRY_MISSING,INCONCLUSIVE,EXECUTABLE_OR_APPLICABLE_CURRENT_HOST,20260903-010534-redshadow-updated-checklist,artifacts/real-world/20260903-010534-redshadow-updated-checklist/coordination,No valid predictor/population/herd dataset was collected.
NB-121,CHK-184,Phase 8 — Coordination Index (S1/S2/S3/S4/Q),Verify Q improves with coordination,INCONCLUSIVE,INCONCLUSIVE_POPULATION_OR_PREDICTOR_TELEMETRY_MISSING,INCONCLUSIVE,EXECUTABLE_OR_APPLICABLE_CURRENT_HOST,20260903-010534-redshadow-updated-checklist,artifacts/real-world/20260903-010534-redshadow-updated-checklist/coordination,No valid predictor/population/herd dataset was collected.
NB-122,CHK-185,Phase 8 — Coordination Index (S1/S2/S3/S4/Q),Verify Q remains meaningful under synchronized behavior,INCONCLUSIVE,INCONCLUSIVE_POPULATION_OR_PREDICTOR_TELEMETRY_MISSING,INCONCLUSIVE,EXECUTABLE_OR_APPLICABLE_CURRENT_HOST,20260903-010534-redshadow-updated-checklist,artifacts/real-world/20260903-010534-redshadow-updated-checklist/coordination,No valid predictor/population/herd dataset was collected.
NB-123,CHK-186,Phase 8 — Coordination Index (S1/S2/S3/S4/Q),Verify process/core/system aggregation,INCONCLUSIVE,INCONCLUSIVE_POPULATION_OR_PREDICTOR_TELEMETRY_MISSING,INCONCLUSIVE,EXECUTABLE_OR_APPLICABLE_CURRENT_HOST,20260903-010534-redshadow-updated-checklist,artifacts/real-world/20260903-010534-redshadow-updated-checklist/coordination,No valid predictor/population/herd dataset was collected.
NB-124,CHK-187,Phase 9 — Feedback Controller,Verify controller initialization,PASS,EVIDENCE_COLLECTED,KERNEL_PROTOTYPED,EXECUTABLE_OR_APPLICABLE_CURRENT_HOST,20260903-010534-redshadow-updated-checklist,artifacts/real-world/20260903-010534-redshadow-updated-checklist/controller,Controller/policy status and lifecycle records were captured.
NB-125,CHK-188,Phase 9 — Feedback Controller,Verify controller reads Q,INCONCLUSIVE,INCONCLUSIVE_NO_CAUSAL_CONTROLLER_RESPONSE,INCONCLUSIVE,EXECUTABLE_OR_APPLICABLE_CURRENT_HOST,20260903-010534-redshadow-updated-checklist,artifacts/real-world/20260903-010534-redshadow-updated-checklist/controller,No actuator-response/stabilization experiment was completed.
NB-126,CHK-189,Phase 9 — Feedback Controller,Verify deficient sub-metric identification,INCONCLUSIVE,INCONCLUSIVE_NO_CAUSAL_CONTROLLER_RESPONSE,INCONCLUSIVE,EXECUTABLE_OR_APPLICABLE_CURRENT_HOST,20260903-010534-redshadow-updated-checklist,artifacts/real-world/20260903-010534-redshadow-updated-checklist/controller,No actuator-response/stabilization experiment was completed.
NB-127,CHK-190,Phase 9 — Feedback Controller,Verify actuator selection,INCONCLUSIVE,INCONCLUSIVE_NO_CAUSAL_CONTROLLER_RESPONSE,INCONCLUSIVE,EXECUTABLE_OR_APPLICABLE_CURRENT_HOST,20260903-010534-redshadow-updated-checklist,artifacts/real-world/20260903-010534-redshadow-updated-checklist/controller,No actuator-response/stabilization experiment was completed.
NB-128,CHK-191,Phase 9 — Feedback Controller,Verify parameter update,INCONCLUSIVE,INCONCLUSIVE_NO_CAUSAL_CONTROLLER_RESPONSE,INCONCLUSIVE,EXECUTABLE_OR_APPLICABLE_CURRENT_HOST,20260903-010534-redshadow-updated-checklist,artifacts/real-world/20260903-010534-redshadow-updated-checklist/controller,No actuator-response/stabilization experiment was completed.
NB-129,CHK-192,Phase 9 — Feedback Controller,Verify parameter bounds,PASS,EVIDENCE_COLLECTED,KERNEL_PROTOTYPED,EXECUTABLE_OR_APPLICABLE_CURRENT_HOST,20260903-010534-redshadow-updated-checklist,artifacts/real-world/20260903-010534-redshadow-updated-checklist/controller,Controller/policy status and lifecycle records were captured.
NB-130,CHK-193,Phase 9 — Feedback Controller,Check controller oscillation/saturation,INCONCLUSIVE,INCONCLUSIVE_NO_CAUSAL_CONTROLLER_RESPONSE,INCONCLUSIVE,EXECUTABLE_OR_APPLICABLE_CURRENT_HOST,20260903-010534-redshadow-updated-checklist,artifacts/real-world/20260903-010534-redshadow-updated-checklist/controller,No actuator-response/stabilization experiment was completed.
NB-131,CHK-194,Phase 9 — Feedback Controller,Measure stabilization,INCONCLUSIVE,INCONCLUSIVE_NO_CAUSAL_CONTROLLER_RESPONSE,INCONCLUSIVE,EXECUTABLE_OR_APPLICABLE_CURRENT_HOST,20260903-010534-redshadow-updated-checklist,artifacts/real-world/20260903-010534-redshadow-updated-checklist/controller,No actuator-response/stabilization experiment was completed.
NB-132,CHK-195,Phase 9 — Feedback Controller,Test per-agent perceptual jitter actuator,INCONCLUSIVE,INCONCLUSIVE_NO_CAUSAL_CONTROLLER_RESPONSE,INCONCLUSIVE,EXECUTABLE_OR_APPLICABLE_CURRENT_HOST,20260903-010534-redshadow-updated-checklist,artifacts/real-world/20260903-010534-redshadow-updated-checklist/controller,No actuator-response/stabilization experiment was completed.
NB-133,CHK-196,Phase 9 — Feedback Controller,Test switching-penalty actuator,INCONCLUSIVE,INCONCLUSIVE_NO_CAUSAL_CONTROLLER_RESPONSE,INCONCLUSIVE,EXECUTABLE_OR_APPLICABLE_CURRENT_HOST,20260903-010534-redshadow-updated-checklist,artifacts/real-world/20260903-010534-redshadow-updated-checklist/controller,No actuator-response/stabilization experiment was completed.
NB-134,CHK-197,Phase 9 — Feedback Controller,Test Q-table consensus mechanism,INCONCLUSIVE,INCONCLUSIVE_NO_CAUSAL_CONTROLLER_RESPONSE,INCONCLUSIVE,EXECUTABLE_OR_APPLICABLE_CURRENT_HOST,20260903-010534-redshadow-updated-checklist,artifacts/real-world/20260903-010534-redshadow-updated-checklist/controller,No actuator-response/stabilization experiment was completed.
NB-135,CHK-198,Phase 9 — Feedback Controller,Test prediction-horizon actuator,INCONCLUSIVE,INCONCLUSIVE_NO_CAUSAL_CONTROLLER_RESPONSE,INCONCLUSIVE,EXECUTABLE_OR_APPLICABLE_CURRENT_HOST,20260903-010534-redshadow-updated-checklist,artifacts/real-world/20260903-010534-redshadow-updated-checklist/controller,No actuator-response/stabilization experiment was completed.
NB-136,CHK-199,Phase 9 — Feedback Controller,Test signal-update-frequency actuator,INCONCLUSIVE,INCONCLUSIVE_NO_CAUSAL_CONTROLLER_RESPONSE,INCONCLUSIVE,EXECUTABLE_OR_APPLICABLE_CURRENT_HOST,20260903-010534-redshadow-updated-checklist,artifacts/real-world/20260903-010534-redshadow-updated-checklist/controller,No actuator-response/stabilization experiment was completed.
NB-137,CHK-200,Phase 9 — Feedback Controller,Test scheduling thresholds,INCONCLUSIVE,INCONCLUSIVE_NO_CAUSAL_CONTROLLER_RESPONSE,INCONCLUSIVE,EXECUTABLE_OR_APPLICABLE_CURRENT_HOST,20260903-010534-redshadow-updated-checklist,artifacts/real-world/20260903-010534-redshadow-updated-checklist/controller,No actuator-response/stabilization experiment was completed.
NB-138,CHK-201,Phase 9 — Feedback Controller,Verify inner adaptation and slower outer controller,INCONCLUSIVE,INCONCLUSIVE_NO_CAUSAL_CONTROLLER_RESPONSE,INCONCLUSIVE,EXECUTABLE_OR_APPLICABLE_CURRENT_HOST,20260903-010534-redshadow-updated-checklist,artifacts/real-world/20260903-010534-redshadow-updated-checklist/controller,No actuator-response/stabilization experiment was completed.
NB-139,CHK-202,Phase 9 — Feedback Controller,Record controller cadence/step size,PASS,EVIDENCE_COLLECTED,KERNEL_PROTOTYPED,EXECUTABLE_OR_APPLICABLE_CURRENT_HOST,20260903-010534-redshadow-updated-checklist,artifacts/real-world/20260903-010534-redshadow-updated-checklist/controller,Controller/policy status and lifecycle records were captured.
NB-140,CHK-203,Phase 9 — Feedback Controller,Record parameter evolution,PASS,EVIDENCE_COLLECTED,KERNEL_PROTOTYPED,EXECUTABLE_OR_APPLICABLE_CURRENT_HOST,20260903-010534-redshadow-updated-checklist,artifacts/real-world/20260903-010534-redshadow-updated-checklist/controller,Controller/policy status and lifecycle records were captured.
NB-141,CHK-204,Phase 9 — Feedback Controller,Check learner/controller feedback oscillation,INCONCLUSIVE,INCONCLUSIVE_NO_CAUSAL_CONTROLLER_RESPONSE,INCONCLUSIVE,EXECUTABLE_OR_APPLICABLE_CURRENT_HOST,20260903-010534-redshadow-updated-checklist,artifacts/real-world/20260903-010534-redshadow-updated-checklist/controller,No actuator-response/stabilization experiment was completed.
NB-142,CHK-205,Phase 10 — Instrumentation & Observability,Trace dispatch,PASS,EVIDENCE_COLLECTED,KERNEL_PROTOTYPED,EXECUTABLE_OR_APPLICABLE_CURRENT_HOST,20260903-010534-redshadow-updated-checklist,artifacts/real-world/20260903-010534-redshadow-updated-checklist/sched_ext,Per-task status counters and ftrace event inventory are archived; event-level trace replay was not exhaustive.
NB-143,CHK-206,Phase 10 — Instrumentation & Observability,Trace migration,PASS,EVIDENCE_COLLECTED,KERNEL_PROTOTYPED,EXECUTABLE_OR_APPLICABLE_CURRENT_HOST,20260903-010534-redshadow-updated-checklist,artifacts/real-world/20260903-010534-redshadow-updated-checklist/sched_ext,Per-task status counters and ftrace event inventory are archived; event-level trace replay was not exhaustive.
NB-144,CHK-207,Phase 10 — Instrumentation & Observability,Trace preemption,PASS,EVIDENCE_COLLECTED,KERNEL_PROTOTYPED,EXECUTABLE_OR_APPLICABLE_CURRENT_HOST,20260903-010534-redshadow-updated-checklist,artifacts/real-world/20260903-010534-redshadow-updated-checklist/sched_ext,Per-task status counters and ftrace event inventory are archived; event-level trace replay was not exhaustive.
NB-145,CHK-208,Phase 10 — Instrumentation & Observability,Trace throttling,PASS,EVIDENCE_COLLECTED,KERNEL_PROTOTYPED,EXECUTABLE_OR_APPLICABLE_CURRENT_HOST,20260903-010534-redshadow-updated-checklist,artifacts/real-world/20260903-010534-redshadow-updated-checklist/sched_ext,Per-task status counters and ftrace event inventory are archived; event-level trace replay was not exhaustive.
NB-146,CHK-209,Phase 10 — Instrumentation & Observability,Trace yield,PASS,EVIDENCE_COLLECTED,KERNEL_PROTOTYPED,EXECUTABLE_OR_APPLICABLE_CURRENT_HOST,20260903-010534-redshadow-updated-checklist,artifacts/real-world/20260903-010534-redshadow-updated-checklist/sched_ext,Per-task status counters and ftrace event inventory are archived; event-level trace replay was not exhaustive.
NB-147,CHK-210,Phase 10 — Instrumentation & Observability,Trace sleep/wake,PASS,EVIDENCE_COLLECTED,KERNEL_PROTOTYPED,EXECUTABLE_OR_APPLICABLE_CURRENT_HOST,20260903-010534-redshadow-updated-checklist,artifacts/real-world/20260903-010534-redshadow-updated-checklist/sched_ext,Per-task status counters and ftrace event inventory are archived; event-level trace replay was not exhaustive.
NB-148,CHK-214,Phase 10 — Instrumentation & Observability,Record synchronization/integrity failures,PASS,EVIDENCE_COLLECTED,KERNEL_PROTOTYPED,EXECUTABLE_OR_APPLICABLE_CURRENT_HOST,20260903-010534-redshadow-updated-checklist,artifacts/real-world/20260903-010534-redshadow-updated-checklist/sched_ext,Per-task status counters and ftrace event inventory are archived; event-level trace replay was not exhaustive.
NB-149,CHK-216,Phase 10 — Instrumentation & Observability,Record scheduler state/action/policy/reward/adaptation/migration/decision latency,PASS,EVIDENCE_COLLECTED,KERNEL_PROTOTYPED,EXECUTABLE_OR_APPLICABLE_CURRENT_HOST,20260903-010534-redshadow-updated-checklist,artifacts/real-world/20260903-010534-redshadow-updated-checklist/controller,Status telemetry fields were archived; causal traces remain limited.
NB-150,CHK-217,Phase 10 — Instrumentation & Observability,Record S1/S2/S3/S4/Q,PASS,EVIDENCE_COLLECTED,KERNEL_PROTOTYPED,EXECUTABLE_OR_APPLICABLE_CURRENT_HOST,20260903-010534-redshadow-updated-checklist,artifacts/real-world/20260903-010534-redshadow-updated-checklist/controller,Status telemetry fields were archived; causal traces remain limited.
NB-151,CHK-218,Phase 10 — Instrumentation & Observability,Record controller activation/actuator/parameters/stabilization/saturation,PASS,EVIDENCE_COLLECTED,KERNEL_PROTOTYPED,EXECUTABLE_OR_APPLICABLE_CURRENT_HOST,20260903-010534-redshadow-updated-checklist,artifacts/real-world/20260903-010534-redshadow-updated-checklist/controller,Status telemetry fields were archived; causal traces remain limited.
NB-152,CHK-219,Phase 11 — Performance Overhead,Measure scheduling latency,INCONCLUSIVE,INCONCLUSIVE_NO_LATENCY_TRACER,INCONCLUSIVE,EXECUTABLE_OR_APPLICABLE_CURRENT_HOST,20260903-010534-redshadow-updated-checklist,artifacts/real-world/20260903-010534-redshadow-updated-checklist/baseline,Elapsed workload times are not scheduler decision latency.
NB-153,CHK-221,Phase 11 — Performance Overhead,Decision latency,INCONCLUSIVE,INCONCLUSIVE_NO_LATENCY_TRACER,INCONCLUSIVE,EXECUTABLE_OR_APPLICABLE_CURRENT_HOST,20260903-010534-redshadow-updated-checklist,artifacts/real-world/20260903-010534-redshadow-updated-checklist/baseline,Elapsed workload times are not scheduler decision latency.
NB-154,CHK-229,Phase 11 — Performance Overhead,Measure CPU overhead,INCONCLUSIVE,INCONCLUSIVE_COARSE_ONLY,INCONCLUSIVE,EXECUTABLE_OR_APPLICABLE_CURRENT_HOST,20260903-010534-redshadow-updated-checklist,artifacts/real-world/20260903-010534-redshadow-updated-checklist/baseline,Coarse vmstat/mpstat and elapsed/context-switch measurements exist; perf/cache/lock attribution is unavailable.
NB-155,CHK-230,Phase 11 — Performance Overhead,Memory overhead,INCONCLUSIVE,INCONCLUSIVE_COARSE_ONLY,INCONCLUSIVE,EXECUTABLE_OR_APPLICABLE_CURRENT_HOST,20260903-010534-redshadow-updated-checklist,artifacts/real-world/20260903-010534-redshadow-updated-checklist/baseline,Coarse vmstat/mpstat and elapsed/context-switch measurements exist; perf/cache/lock attribution is unavailable.
NB-156,CHK-231,Phase 11 — Performance Overhead,Kernel memory footprint,INCONCLUSIVE,INCONCLUSIVE_COARSE_ONLY,INCONCLUSIVE,EXECUTABLE_OR_APPLICABLE_CURRENT_HOST,20260903-010534-redshadow-updated-checklist,artifacts/real-world/20260903-010534-redshadow-updated-checklist/baseline,Coarse vmstat/mpstat and elapsed/context-switch measurements exist; perf/cache/lock attribution is unavailable.
NB-157,CHK-236,Phase 12 — Workload Matrix,CPU: single CPU-bound process,PASS,EVIDENCE_COLLECTED,EXPERIMENTALLY_VALIDATED,EXECUTABLE_OR_APPLICABLE_CURRENT_HOST,20260903-010534-redshadow-updated-checklist,artifacts/real-world/20260903-010534-redshadow-updated-checklist/workload,Existing full_compare and stress_suite bounded runs.
NB-158,CHK-237,Phase 12 — Workload Matrix,CPU: multiple CPU-bound processes,PASS,EVIDENCE_COLLECTED,EXPERIMENTALLY_VALIDATED,EXECUTABLE_OR_APPLICABLE_CURRENT_HOST,20260903-010534-redshadow-updated-checklist,artifacts/real-world/20260903-010534-redshadow-updated-checklist/workload,Existing full_compare and stress_suite bounded runs.
NB-159,CHK-238,Phase 12 — Workload Matrix,CPU: under-subscribed,PASS,EVIDENCE_COLLECTED,EXPERIMENTALLY_VALIDATED,EXECUTABLE_OR_APPLICABLE_CURRENT_HOST,20260903-010534-redshadow-updated-checklist,artifacts/real-world/20260903-010534-redshadow-updated-checklist/workload,Existing full_compare and stress_suite bounded runs.
NB-160,CHK-239,Phase 12 — Workload Matrix,CPU: equal to CPU count,PASS,EVIDENCE_COLLECTED,EXPERIMENTALLY_VALIDATED,EXECUTABLE_OR_APPLICABLE_CURRENT_HOST,20260903-010534-redshadow-updated-checklist,artifacts/real-world/20260903-010534-redshadow-updated-checklist/workload,Existing full_compare and stress_suite bounded runs.
NB-161,CHK-247,Phase 12 — Workload Matrix,I/O: sequential read/write,PASS,EVIDENCE_COLLECTED,EXPERIMENTALLY_VALIDATED,EXECUTABLE_OR_APPLICABLE_CURRENT_HOST,20260903-010534-redshadow-updated-checklist,artifacts/real-world/20260903-010534-redshadow-updated-checklist/workload,Existing full_compare and stress_suite bounded runs.
NB-162,CHK-249,Phase 12 — Workload Matrix,I/O: multiple workers,PASS,EVIDENCE_COLLECTED,EXPERIMENTALLY_VALIDATED,EXECUTABLE_OR_APPLICABLE_CURRENT_HOST,20260903-010534-redshadow-updated-checklist,artifacts/real-world/20260903-010534-redshadow-updated-checklist/workload,Existing full_compare and stress_suite bounded runs.
NB-163,CHK-250,Phase 12 — Workload Matrix,I/O: read-heavy,PASS,EVIDENCE_COLLECTED,EXPERIMENTALLY_VALIDATED,EXECUTABLE_OR_APPLICABLE_CURRENT_HOST,20260903-010534-redshadow-updated-checklist,artifacts/real-world/20260903-010534-redshadow-updated-checklist/workload,Existing full_compare and stress_suite bounded runs.
NB-164,CHK-251,Phase 12 — Workload Matrix,I/O: write-heavy,PASS,EVIDENCE_COLLECTED,EXPERIMENTALLY_VALIDATED,EXECUTABLE_OR_APPLICABLE_CURRENT_HOST,20260903-010534-redshadow-updated-checklist,artifacts/real-world/20260903-010534-redshadow-updated-checklist/workload,Existing full_compare and stress_suite bounded runs.
NB-165,CHK-252,Phase 12 — Workload Matrix,I/O: mixed,PASS,EVIDENCE_COLLECTED,EXPERIMENTALLY_VALIDATED,EXECUTABLE_OR_APPLICABLE_CURRENT_HOST,20260903-010534-redshadow-updated-checklist,artifacts/real-world/20260903-010534-redshadow-updated-checklist/workload,Existing full_compare and stress_suite bounded runs.
NB-166,CHK-259,Phase 12 — Workload Matrix,CPU+I/O,PASS,EVIDENCE_COLLECTED,EXPERIMENTALLY_VALIDATED,EXECUTABLE_OR_APPLICABLE_CURRENT_HOST,20260903-010534-redshadow-updated-checklist,artifacts/real-world/20260903-010534-redshadow-updated-checklist/workload,Existing full_compare and stress_suite bounded runs.
NB-167,CHK-265,Phase 13 — Dynamic Workloads,Stable workload,PASS,EVIDENCE_COLLECTED,EXPERIMENTALLY_VALIDATED,EXECUTABLE_OR_APPLICABLE_CURRENT_HOST,20260903-010534-redshadow-updated-checklist,artifacts/real-world/20260903-010534-redshadow-updated-checklist/workload,Stable repeated comparison and migration probes.
NB-168,CHK-275,Phase 13 — Dynamic Workloads,Workload migration between CPUs,PASS,EVIDENCE_COLLECTED,EXPERIMENTALLY_VALIDATED,EXECUTABLE_OR_APPLICABLE_CURRENT_HOST,20260903-010534-redshadow-updated-checklist,artifacts/real-world/20260903-010534-redshadow-updated-checklist/workload,Stable repeated comparison and migration probes.
NB-169,CHK-293,Phase 14 — Stress Testing,Normal temperature,PASS,EVIDENCE_COLLECTED,EXPERIMENTALLY_VALIDATED,EXECUTABLE_OR_APPLICABLE_CURRENT_HOST,20260903-010534-redshadow-updated-checklist,artifacts/real-world/20260903-010534-redshadow-updated-checklist/stress,Thermal monitor remained active; prior 10-minute soak evidence is archived.
NB-170,CHK-297,Phase 14 — Stress Testing,10-minute run,PASS,EVIDENCE_COLLECTED,EXPERIMENTALLY_VALIDATED,EXECUTABLE_OR_APPLICABLE_CURRENT_HOST,20260903-010534-redshadow-updated-checklist,artifacts/real-world/20260903-010534-redshadow-updated-checklist/stress,Thermal monitor remained active; prior 10-minute soak evidence is archived.
NB-171,CHK-325,Phase 16 — Fairness & Starvation,Measure CPU share per process,INCONCLUSIVE,INCONCLUSIVE_NO_PER_TASK_FAIRNESS_PROTOCOL,INCONCLUSIVE,EXECUTABLE_OR_APPLICABLE_CURRENT_HOST,20260903-010534-redshadow-updated-checklist,artifacts/real-world/20260903-010534-redshadow-updated-checklist/workload,Throughput/elapsed time does not establish fairness or starvation.
NB-172,CHK-326,Phase 16 — Fairness & Starvation,Measure CPU-share variance,INCONCLUSIVE,INCONCLUSIVE_NO_PER_TASK_FAIRNESS_PROTOCOL,INCONCLUSIVE,EXECUTABLE_OR_APPLICABLE_CURRENT_HOST,20260903-010534-redshadow-updated-checklist,artifacts/real-world/20260903-010534-redshadow-updated-checklist/workload,Throughput/elapsed time does not establish fairness or starvation.
NB-173,CHK-327,Phase 16 — Fairness & Starvation,Calculate fairness metric if adopted,INCONCLUSIVE,INCONCLUSIVE_NO_PER_TASK_FAIRNESS_PROTOCOL,INCONCLUSIVE,EXECUTABLE_OR_APPLICABLE_CURRENT_HOST,20260903-010534-redshadow-updated-checklist,artifacts/real-world/20260903-010534-redshadow-updated-checklist/workload,Throughput/elapsed time does not establish fairness or starvation.
NB-174,CHK-328,Phase 16 — Fairness & Starvation,Measure waiting time,INCONCLUSIVE,INCONCLUSIVE_NO_PER_TASK_FAIRNESS_PROTOCOL,INCONCLUSIVE,EXECUTABLE_OR_APPLICABLE_CURRENT_HOST,20260903-010534-redshadow-updated-checklist,artifacts/real-world/20260903-010534-redshadow-updated-checklist/workload,Throughput/elapsed time does not establish fairness or starvation.
NB-175,CHK-329,Phase 16 — Fairness & Starvation,Measure response time,INCONCLUSIVE,INCONCLUSIVE_NO_PER_TASK_FAIRNESS_PROTOCOL,INCONCLUSIVE,EXECUTABLE_OR_APPLICABLE_CURRENT_HOST,20260903-010534-redshadow-updated-checklist,artifacts/real-world/20260903-010534-redshadow-updated-checklist/workload,Throughput/elapsed time does not establish fairness or starvation.
NB-176,CHK-330,Phase 16 — Fairness & Starvation,Measure completion time,PASS,EVIDENCE_COLLECTED,EXPERIMENTALLY_VALIDATED,EXECUTABLE_OR_APPLICABLE_CURRENT_HOST,20260903-010534-redshadow-updated-checklist,artifacts/real-world/20260903-010534-redshadow-updated-checklist/workload,Completion/elapsed times were recorded in comparison CSVs.
NB-177,CHK-331,Phase 16 — Fairness & Starvation,Detect starvation,INCONCLUSIVE,INCONCLUSIVE_NO_PER_TASK_FAIRNESS_PROTOCOL,INCONCLUSIVE,EXECUTABLE_OR_APPLICABLE_CURRENT_HOST,20260903-010534-redshadow-updated-checklist,artifacts/real-world/20260903-010534-redshadow-updated-checklist/workload,Throughput/elapsed time does not establish fairness or starvation.
NB-178,CHK-332,Phase 16 — Fairness & Starvation,Test long-running task fairness,INCONCLUSIVE,INCONCLUSIVE_NO_PER_TASK_FAIRNESS_PROTOCOL,INCONCLUSIVE,EXECUTABLE_OR_APPLICABLE_CURRENT_HOST,20260903-010534-redshadow-updated-checklist,artifacts/real-world/20260903-010534-redshadow-updated-checklist/workload,Throughput/elapsed time does not establish fairness or starvation.
NB-179,CHK-333,Phase 16 — Fairness & Starvation,Test short-task responsiveness,INCONCLUSIVE,INCONCLUSIVE_NO_PER_TASK_FAIRNESS_PROTOCOL,INCONCLUSIVE,EXECUTABLE_OR_APPLICABLE_CURRENT_HOST,20260903-010534-redshadow-updated-checklist,artifacts/real-world/20260903-010534-redshadow-updated-checklist/workload,Throughput/elapsed time does not establish fairness or starvation.
NB-180,CHK-334,Phase 16 — Fairness & Starvation,Test interactive responsiveness,INCONCLUSIVE,INCONCLUSIVE_NO_PER_TASK_FAIRNESS_PROTOCOL,INCONCLUSIVE,EXECUTABLE_OR_APPLICABLE_CURRENT_HOST,20260903-010534-redshadow-updated-checklist,artifacts/real-world/20260903-010534-redshadow-updated-checklist/workload,Throughput/elapsed time does not establish fairness or starvation.
NB-181,CHK-335,Phase 16 — Fairness & Starvation,Test I/O-bound fairness,INCONCLUSIVE,INCONCLUSIVE_NO_PER_TASK_FAIRNESS_PROTOCOL,INCONCLUSIVE,EXECUTABLE_OR_APPLICABLE_CURRENT_HOST,20260903-010534-redshadow-updated-checklist,artifacts/real-world/20260903-010534-redshadow-updated-checklist/workload,Throughput/elapsed time does not establish fairness or starvation.
NB-182,CHK-336,Phase 16 — Fairness & Starvation,Test CPU-bound fairness,INCONCLUSIVE,INCONCLUSIVE_NO_PER_TASK_FAIRNESS_PROTOCOL,INCONCLUSIVE,EXECUTABLE_OR_APPLICABLE_CURRENT_HOST,20260903-010534-redshadow-updated-checklist,artifacts/real-world/20260903-010534-redshadow-updated-checklist/workload,Throughput/elapsed time does not establish fairness or starvation.
NB-183,CHK-337,Phase 17 — Migration,Single migration,PASS,EVIDENCE_COLLECTED,EXPERIMENTALLY_VALIDATED,EXECUTABLE_OR_APPLICABLE_CURRENT_HOST,20260903-010534-redshadow-updated-checklist,artifacts/real-world/20260903-010534-redshadow-updated-checklist/sched_ext,Exact target/action counters and cross-core placement were observed.
NB-184,CHK-338,Phase 17 — Migration,Repeated migration,PASS,EVIDENCE_COLLECTED,EXPERIMENTALLY_VALIDATED,EXECUTABLE_OR_APPLICABLE_CURRENT_HOST,20260903-010534-redshadow-updated-checklist,artifacts/real-world/20260903-010534-redshadow-updated-checklist/sched_ext,Exact target/action counters and cross-core placement were observed.
NB-185,CHK-339,Phase 17 — Migration,Multiple-process migration,PASS,EVIDENCE_COLLECTED,EXPERIMENTALLY_VALIDATED,EXECUTABLE_OR_APPLICABLE_CURRENT_HOST,20260903-010534-redshadow-updated-checklist,artifacts/real-world/20260903-010534-redshadow-updated-checklist/sched_ext,Exact target/action counters and cross-core placement were observed.
NB-186,CHK-340,Phase 17 — Migration,Cross-core migration,PASS,EVIDENCE_COLLECTED,EXPERIMENTALLY_VALIDATED,EXECUTABLE_OR_APPLICABLE_CURRENT_HOST,20260903-010534-redshadow-updated-checklist,artifacts/real-world/20260903-010534-redshadow-updated-checklist/sched_ext,Exact target/action counters and cross-core placement were observed.
NB-187,CHK-355,Phase 18 — Failure & Recovery,Signal recovery,PASS,EVIDENCE_COLLECTED,KERNEL_PROTOTYPED,EXECUTABLE_OR_APPLICABLE_CURRENT_HOST,20260903-010534-redshadow-updated-checklist,artifacts/real-world/20260903-010534-redshadow-updated-checklist/recovery,Signal/policy lifecycle evidence is bounded.
NB-188,CHK-360,Phase 18 — Failure & Recovery,Fallback to observed state,PASS,EVIDENCE_COLLECTED,KERNEL_PROTOTYPED,EXECUTABLE_OR_APPLICABLE_CURRENT_HOST,20260903-010534-redshadow-updated-checklist,artifacts/real-world/20260903-010534-redshadow-updated-checklist/recovery,Bounded fallback/lifecycle and normal process lifecycle evidence.
NB-189,CHK-364,Phase 18 — Failure & Recovery,Policy reset,PASS,EVIDENCE_COLLECTED,KERNEL_PROTOTYPED,EXECUTABLE_OR_APPLICABLE_CURRENT_HOST,20260903-010534-redshadow-updated-checklist,artifacts/real-world/20260903-010534-redshadow-updated-checklist/recovery,Signal/policy lifecycle evidence is bounded.
NB-190,CHK-365,Phase 18 — Failure & Recovery,Policy suspension,PASS,EVIDENCE_COLLECTED,KERNEL_PROTOTYPED,EXECUTABLE_OR_APPLICABLE_CURRENT_HOST,20260903-010534-redshadow-updated-checklist,artifacts/real-world/20260903-010534-redshadow-updated-checklist/recovery,Signal/policy lifecycle evidence is bounded.
NB-191,CHK-366,Phase 18 — Failure & Recovery,Fallback scheduling,PASS,EVIDENCE_COLLECTED,KERNEL_PROTOTYPED,EXECUTABLE_OR_APPLICABLE_CURRENT_HOST,20260903-010534-redshadow-updated-checklist,artifacts/real-world/20260903-010534-redshadow-updated-checklist/recovery,Signal/policy lifecycle evidence is bounded.
NB-192,CHK-367,Phase 18 — Failure & Recovery,Controller disabled,PASS,EVIDENCE_COLLECTED,KERNEL_PROTOTYPED,EXECUTABLE_OR_APPLICABLE_CURRENT_HOST,20260903-010534-redshadow-updated-checklist,artifacts/real-world/20260903-010534-redshadow-updated-checklist/recovery,Signal/policy lifecycle evidence is bounded.
NB-193,CHK-374,Phase 18 — Failure & Recovery,Process termination during scheduling,PASS,EVIDENCE_COLLECTED,KERNEL_PROTOTYPED,EXECUTABLE_OR_APPLICABLE_CURRENT_HOST,20260903-010534-redshadow-updated-checklist,artifacts/real-world/20260903-010534-redshadow-updated-checklist/recovery,Bounded fallback/lifecycle and normal process lifecycle evidence.
NB-194,CHK-375,Phase 18 — Failure & Recovery,Process creation during load,PASS,EVIDENCE_COLLECTED,KERNEL_PROTOTYPED,EXECUTABLE_OR_APPLICABLE_CURRENT_HOST,20260903-010534-redshadow-updated-checklist,artifacts/real-world/20260903-010534-redshadow-updated-checklist/recovery,Bounded fallback/lifecycle and normal process lifecycle evidence.
NB-195,CHK-378,Phase 18 — Failure & Recovery,Safe scheduler recovery,PASS,EVIDENCE_COLLECTED,KERNEL_PROTOTYPED,EXECUTABLE_OR_APPLICABLE_CURRENT_HOST,20260903-010534-redshadow-updated-checklist,artifacts/real-world/20260903-010534-redshadow-updated-checklist/recovery,Bounded fallback/lifecycle and normal process lifecycle evidence.
NB-196,CHK-379,Phase 19 — Security / Integrity,Tamper signal,INCONCLUSIVE,INCONCLUSIVE_KERNEL_CRYPTO_NOT_IMPLEMENTED,INCONCLUSIVE,EXECUTABLE_OR_APPLICABLE_CURRENT_HOST,20260903-010534-redshadow-updated-checklist,artifacts/real-world/20260903-010534-redshadow-updated-checklist/security,Local-trust validation and CLI checks exist; cryptographic tamper/authentication is not implemented.
NB-197,CHK-380,Phase 19 — Security / Integrity,Modify CPU value,INCONCLUSIVE,INCONCLUSIVE_KERNEL_CRYPTO_NOT_IMPLEMENTED,INCONCLUSIVE,EXECUTABLE_OR_APPLICABLE_CURRENT_HOST,20260903-010534-redshadow-updated-checklist,artifacts/real-world/20260903-010534-redshadow-updated-checklist/security,Local-trust validation and CLI checks exist; cryptographic tamper/authentication is not implemented.
NB-198,CHK-381,Phase 19 — Security / Integrity,Modify memory value,INCONCLUSIVE,INCONCLUSIVE_KERNEL_CRYPTO_NOT_IMPLEMENTED,INCONCLUSIVE,EXECUTABLE_OR_APPLICABLE_CURRENT_HOST,20260903-010534-redshadow-updated-checklist,artifacts/real-world/20260903-010534-redshadow-updated-checklist/security,Local-trust validation and CLI checks exist; cryptographic tamper/authentication is not implemented.
NB-199,CHK-382,Phase 19 — Security / Integrity,Modify thermal value,INCONCLUSIVE,INCONCLUSIVE_KERNEL_CRYPTO_NOT_IMPLEMENTED,INCONCLUSIVE,EXECUTABLE_OR_APPLICABLE_CURRENT_HOST,20260903-010534-redshadow-updated-checklist,artifacts/real-world/20260903-010534-redshadow-updated-checklist/security,Local-trust validation and CLI checks exist; cryptographic tamper/authentication is not implemented.
NB-200,CHK-383,Phase 19 — Security / Integrity,Modify prediction,INCONCLUSIVE,INCONCLUSIVE_KERNEL_CRYPTO_NOT_IMPLEMENTED,INCONCLUSIVE,EXECUTABLE_OR_APPLICABLE_CURRENT_HOST,20260903-010534-redshadow-updated-checklist,artifacts/real-world/20260903-010534-redshadow-updated-checklist/security,Local-trust validation and CLI checks exist; cryptographic tamper/authentication is not implemented.
NB-201,CHK-384,Phase 19 — Security / Integrity,Modify directive,INCONCLUSIVE,INCONCLUSIVE_KERNEL_CRYPTO_NOT_IMPLEMENTED,INCONCLUSIVE,EXECUTABLE_OR_APPLICABLE_CURRENT_HOST,20260903-010534-redshadow-updated-checklist,artifacts/real-world/20260903-010534-redshadow-updated-checklist/security,Local-trust validation and CLI checks exist; cryptographic tamper/authentication is not implemented.
NB-202,CHK-385,Phase 19 — Security / Integrity,Modify timestamp,INCONCLUSIVE,INCONCLUSIVE_KERNEL_CRYPTO_NOT_IMPLEMENTED,INCONCLUSIVE,EXECUTABLE_OR_APPLICABLE_CURRENT_HOST,20260903-010534-redshadow-updated-checklist,artifacts/real-world/20260903-010534-redshadow-updated-checklist/security,Local-trust validation and CLI checks exist; cryptographic tamper/authentication is not implemented.
NB-203,CHK-386,Phase 19 — Security / Integrity,Modify sequence number,INCONCLUSIVE,INCONCLUSIVE_KERNEL_CRYPTO_NOT_IMPLEMENTED,INCONCLUSIVE,EXECUTABLE_OR_APPLICABLE_CURRENT_HOST,20260903-010534-redshadow-updated-checklist,artifacts/real-world/20260903-010534-redshadow-updated-checklist/security,Local-trust validation and CLI checks exist; cryptographic tamper/authentication is not implemented.
NB-204,CHK-387,Phase 19 — Security / Integrity,Replay old signal,PASS,EVIDENCE_COLLECTED,KERNEL_PROTOTYPED,EXECUTABLE_OR_APPLICABLE_CURRENT_HOST,20260903-010534-redshadow-updated-checklist,artifacts/real-world/20260903-010534-redshadow-updated-checklist/security,Sequence/freshness/replay rejection probes.
NB-205,CHK-388,Phase 19 — Security / Integrity,Duplicate signal,PASS,EVIDENCE_COLLECTED,KERNEL_PROTOTYPED,EXECUTABLE_OR_APPLICABLE_CURRENT_HOST,20260903-010534-redshadow-updated-checklist,artifacts/real-world/20260903-010534-redshadow-updated-checklist/security,Sequence/freshness/replay rejection probes.
NB-206,CHK-389,Phase 19 — Security / Integrity,Out-of-order signal,PASS,EVIDENCE_COLLECTED,KERNEL_PROTOTYPED,EXECUTABLE_OR_APPLICABLE_CURRENT_HOST,20260903-010534-redshadow-updated-checklist,artifacts/real-world/20260903-010534-redshadow-updated-checklist/security,Sequence/freshness/replay rejection probes.
NB-207,CHK-390,Phase 19 — Security / Integrity,Stale signal,PASS,EVIDENCE_COLLECTED,KERNEL_PROTOTYPED,EXECUTABLE_OR_APPLICABLE_CURRENT_HOST,20260903-010534-redshadow-updated-checklist,artifacts/real-world/20260903-010534-redshadow-updated-checklist/security,Sequence/freshness/replay rejection probes.
NB-208,CHK-391,Phase 19 — Security / Integrity,Invalid authentication,INCONCLUSIVE,INCONCLUSIVE_KERNEL_CRYPTO_NOT_IMPLEMENTED,INCONCLUSIVE,EXECUTABLE_OR_APPLICABLE_CURRENT_HOST,20260903-010534-redshadow-updated-checklist,artifacts/real-world/20260903-010534-redshadow-updated-checklist/security,Local-trust validation and CLI checks exist; cryptographic tamper/authentication is not implemented.
NB-209,CHK-392,Phase 19 — Security / Integrity,"For each invalid frame verify detection, rejection, no scheduler corruption, safe fallback, diagnostic event and recovery",INCONCLUSIVE,INCONCLUSIVE_KERNEL_CRYPTO_NOT_IMPLEMENTED,INCONCLUSIVE,EXECUTABLE_OR_APPLICABLE_CURRENT_HOST,20260903-010534-redshadow-updated-checklist,artifacts/real-world/20260903-010534-redshadow-updated-checklist/security,Local-trust validation and CLI checks exist; cryptographic tamper/authentication is not implemented.
NB-210,CHK-393,Phase 20 — Multi-Core,Run core-1 test,PASS,EVIDENCE_COLLECTED,EXPERIMENTALLY_VALIDATED,EXECUTABLE_OR_APPLICABLE_CURRENT_HOST,20260903-010534-redshadow-updated-checklist,artifacts/real-world/20260903-010534-redshadow-updated-checklist/multicore,1/2/4 worker comparisons and 8-worker stress with exact-TID ownership.
NB-211,CHK-394,Phase 20 — Multi-Core,Run core-2 test,PASS,EVIDENCE_COLLECTED,EXPERIMENTALLY_VALIDATED,EXECUTABLE_OR_APPLICABLE_CURRENT_HOST,20260903-010534-redshadow-updated-checklist,artifacts/real-world/20260903-010534-redshadow-updated-checklist/multicore,1/2/4 worker comparisons and 8-worker stress with exact-TID ownership.
NB-212,CHK-395,Phase 20 — Multi-Core,Run core-4 test,PASS,EVIDENCE_COLLECTED,EXPERIMENTALLY_VALIDATED,EXECUTABLE_OR_APPLICABLE_CURRENT_HOST,20260903-010534-redshadow-updated-checklist,artifacts/real-world/20260903-010534-redshadow-updated-checklist/multicore,1/2/4 worker comparisons and 8-worker stress with exact-TID ownership.
NB-213,CHK-396,Phase 20 — Multi-Core,Run core-8 test,PASS,EVIDENCE_COLLECTED,EXPERIMENTALLY_VALIDATED,EXECUTABLE_OR_APPLICABLE_CURRENT_HOST,20260903-010534-redshadow-updated-checklist,artifacts/real-world/20260903-010534-redshadow-updated-checklist/multicore,1/2/4 worker comparisons and 8-worker stress with exact-TID ownership.
NB-214,CHK-397,Phase 20 — Multi-Core,Run core-16+ test if available,INCONCLUSIVE,INCONCLUSIVE_METRIC_SET_NOT_FULLY_OBSERVED,INCONCLUSIVE,EXECUTABLE_OR_APPLICABLE_CURRENT_HOST,20260903-010534-redshadow-updated-checklist,artifacts/real-world/20260903-010534-redshadow-updated-checklist/multicore,Ownership/elapsed/context-switch evidence exists; full latency/Q/cache set does not.
NB-215,CHK-398,Phase 20 — Multi-Core,"For each configuration measure scheduling latency, Q, CPU utilization, migration rate, signal propagation latency, synchronization overhead, memory overhead and cache effects",INCONCLUSIVE,INCONCLUSIVE_METRIC_SET_NOT_FULLY_OBSERVED,INCONCLUSIVE,EXECUTABLE_OR_APPLICABLE_CURRENT_HOST,20260903-010534-redshadow-updated-checklist,artifacts/real-world/20260903-010534-redshadow-updated-checklist/multicore,Ownership/elapsed/context-switch evidence exists; full latency/Q/cache set does not.
NB-216,CHK-399,Phase 21 — NUMA,Detect NUMA topology,PASS,EVIDENCE_COLLECTED,EXPERIMENTALLY_VALIDATED,EXECUTABLE_OR_APPLICABLE_CURRENT_HOST,20260903-010534-redshadow-updated-checklist,artifacts/real-world/20260903-010534-redshadow-updated-checklist/environment,Single NUMA-node topology and local workload evidence.
NB-217,CHK-401,Phase 21 — NUMA,Verify system-level signals,PASS,EVIDENCE_COLLECTED,EXPERIMENTALLY_VALIDATED,EXECUTABLE_OR_APPLICABLE_CURRENT_HOST,20260903-010534-redshadow-updated-checklist,artifacts/real-world/20260903-010534-redshadow-updated-checklist/environment,Single NUMA-node topology and local workload evidence.
NB-218,CHK-402,Phase 21 — NUMA,Run local-memory workload,PASS,EVIDENCE_COLLECTED,EXPERIMENTALLY_VALIDATED,EXECUTABLE_OR_APPLICABLE_CURRENT_HOST,20260903-010534-redshadow-updated-checklist,artifacts/real-world/20260903-010534-redshadow-updated-checklist/environment,Single NUMA-node topology and local workload evidence.
NB-219,CHK-409,Phase 21 — NUMA,Measure global coordination,INCONCLUSIVE,INCONCLUSIVE_SINGLE_NODE_ONLY,INCONCLUSIVE,EXECUTABLE_OR_APPLICABLE_CURRENT_HOST,20260903-010534-redshadow-updated-checklist,artifacts/real-world/20260903-010534-redshadow-updated-checklist/coordination,No multi-node global-vs-local comparison is possible on this host.
NB-220,CHK-410,Phase 22 — Scalability,Increase task count,PASS,EVIDENCE_COLLECTED,EXPERIMENTALLY_VALIDATED,EXECUTABLE_OR_APPLICABLE_CURRENT_HOST,20260903-010534-redshadow-updated-checklist,artifacts/real-world/20260903-010534-redshadow-updated-checklist/multicore,Bounded worker-count comparison 1/2/4/8.
NB-221,CHK-411,Phase 22 — Scalability,Increase CPU count,PASS,EVIDENCE_COLLECTED,EXPERIMENTALLY_VALIDATED,EXECUTABLE_OR_APPLICABLE_CURRENT_HOST,20260903-010534-redshadow-updated-checklist,artifacts/real-world/20260903-010534-redshadow-updated-checklist/multicore,Bounded worker-count comparison 1/2/4/8.
NB-222,CHK-412,Phase 22 — Scalability,Increase scheduling-domain size,PASS,EVIDENCE_COLLECTED,EXPERIMENTALLY_VALIDATED,EXECUTABLE_OR_APPLICABLE_CURRENT_HOST,20260903-010534-redshadow-updated-checklist,artifacts/real-world/20260903-010534-redshadow-updated-checklist/multicore,Bounded worker-count comparison 1/2/4/8.
NB-223,CHK-413,Phase 22 — Scalability,Increase NUMA-node count if available,INCONCLUSIVE,INCONCLUSIVE_SCALABILITY_METRICS_LIMITED,INCONCLUSIVE,EXECUTABLE_OR_APPLICABLE_CURRENT_HOST,20260903-010534-redshadow-updated-checklist,artifacts/real-world/20260903-010534-redshadow-updated-checklist/multicore,Only bounded single-host worker scaling was collected.
NB-224,CHK-414,Phase 22 — Scalability,Measure scheduling latency,INCONCLUSIVE,INCONCLUSIVE_SCALABILITY_METRICS_LIMITED,INCONCLUSIVE,EXECUTABLE_OR_APPLICABLE_CURRENT_HOST,20260903-010534-redshadow-updated-checklist,artifacts/real-world/20260903-010534-redshadow-updated-checklist/multicore,Only bounded single-host worker scaling was collected.
NB-225,CHK-415,Phase 22 — Scalability,Signal latency,INCONCLUSIVE,INCONCLUSIVE_SCALABILITY_METRICS_LIMITED,INCONCLUSIVE,EXECUTABLE_OR_APPLICABLE_CURRENT_HOST,20260903-010534-redshadow-updated-checklist,artifacts/real-world/20260903-010534-redshadow-updated-checklist/multicore,Only bounded single-host worker scaling was collected.
NB-226,CHK-416,Phase 22 — Scalability,Signal Bus overhead,INCONCLUSIVE,INCONCLUSIVE_SCALABILITY_METRICS_LIMITED,INCONCLUSIVE,EXECUTABLE_OR_APPLICABLE_CURRENT_HOST,20260903-010534-redshadow-updated-checklist,artifacts/real-world/20260903-010534-redshadow-updated-checklist/multicore,Only bounded single-host worker scaling was collected.
NB-227,CHK-417,Phase 22 — Scalability,Coordination cost,INCONCLUSIVE,INCONCLUSIVE_SCALABILITY_METRICS_LIMITED,INCONCLUSIVE,EXECUTABLE_OR_APPLICABLE_CURRENT_HOST,20260903-010534-redshadow-updated-checklist,artifacts/real-world/20260903-010534-redshadow-updated-checklist/multicore,Only bounded single-host worker scaling was collected.
NB-228,CHK-418,Phase 22 — Scalability,Controller cost,INCONCLUSIVE,INCONCLUSIVE_SCALABILITY_METRICS_LIMITED,INCONCLUSIVE,EXECUTABLE_OR_APPLICABLE_CURRENT_HOST,20260903-010534-redshadow-updated-checklist,artifacts/real-world/20260903-010534-redshadow-updated-checklist/multicore,Only bounded single-host worker scaling was collected.
NB-229,CHK-419,Phase 22 — Scalability,Memory footprint,INCONCLUSIVE,INCONCLUSIVE_SCALABILITY_METRICS_LIMITED,INCONCLUSIVE,EXECUTABLE_OR_APPLICABLE_CURRENT_HOST,20260903-010534-redshadow-updated-checklist,artifacts/real-world/20260903-010534-redshadow-updated-checklist/multicore,Only bounded single-host worker scaling was collected.
NB-230,CHK-420,Phase 22 — Scalability,CPU overhead,INCONCLUSIVE,INCONCLUSIVE_SCALABILITY_METRICS_LIMITED,INCONCLUSIVE,EXECUTABLE_OR_APPLICABLE_CURRENT_HOST,20260903-010534-redshadow-updated-checklist,artifacts/real-world/20260903-010534-redshadow-updated-checklist/multicore,Only bounded single-host worker scaling was collected.
NB-231,CHK-421,Phase 22 — Scalability,Migration overhead,INCONCLUSIVE,INCONCLUSIVE_SCALABILITY_METRICS_LIMITED,INCONCLUSIVE,EXECUTABLE_OR_APPLICABLE_CURRENT_HOST,20260903-010534-redshadow-updated-checklist,artifacts/real-world/20260903-010534-redshadow-updated-checklist/multicore,Only bounded single-host worker scaling was collected.
NB-232,CHK-422,Phase 22 — Scalability,Q,INCONCLUSIVE,INCONCLUSIVE_SCALABILITY_METRICS_LIMITED,INCONCLUSIVE,EXECUTABLE_OR_APPLICABLE_CURRENT_HOST,20260903-010534-redshadow-updated-checklist,artifacts/real-world/20260903-010534-redshadow-updated-checklist/multicore,Only bounded single-host worker scaling was collected.
NB-233,CHK-423,Phase 22 — Scalability,throughput,INCONCLUSIVE,INCONCLUSIVE_SCALABILITY_METRICS_LIMITED,INCONCLUSIVE,EXECUTABLE_OR_APPLICABLE_CURRENT_HOST,20260903-010534-redshadow-updated-checklist,artifacts/real-world/20260903-010534-redshadow-updated-checklist/multicore,Only bounded single-host worker scaling was collected.
NB-234,CHK-424,Phase 22 — Scalability,scalability limit,INCONCLUSIVE,INCONCLUSIVE_SCALABILITY_METRICS_LIMITED,INCONCLUSIVE,EXECUTABLE_OR_APPLICABLE_CURRENT_HOST,20260903-010534-redshadow-updated-checklist,artifacts/real-world/20260903-010534-redshadow-updated-checklist/multicore,Only bounded single-host worker scaling was collected.
NB-235,CHK-425,Phase 23 — Baseline & Ablation,Linux scheduler baseline,PASS,EVIDENCE_COLLECTED,EXPERIMENTALLY_VALIDATED,EXECUTABLE_OR_APPLICABLE_CURRENT_HOST,20260903-010534-redshadow-updated-checklist,artifacts/real-world/20260903-010534-redshadow-updated-checklist/workload,Three identical CFS/ORCHESTRA repetitions; scx_simple unavailable.
NB-236,CHK-427,Phase 23 — Baseline & Ablation,Full ORCHESTRA,PASS,EVIDENCE_COLLECTED,EXPERIMENTALLY_VALIDATED,EXECUTABLE_OR_APPLICABLE_CURRENT_HOST,20260903-010534-redshadow-updated-checklist,artifacts/real-world/20260903-010534-redshadow-updated-checklist/workload,Three identical CFS/ORCHESTRA repetitions; scx_simple unavailable.
NB-237,CHK-434,Phase 23 — Baseline & Ablation,Use identical hardware/workload/duration/parameters across comparable runs,PASS,EVIDENCE_COLLECTED,EXPERIMENTALLY_VALIDATED,EXECUTABLE_OR_APPLICABLE_CURRENT_HOST,20260903-010534-redshadow-updated-checklist,artifacts/real-world/20260903-010534-redshadow-updated-checklist/workload,Three identical CFS/ORCHESTRA repetitions; scx_simple unavailable.
NB-238,CHK-435,Phase 24 — Statistical Validation,Repeat each major experiment,PASS,EVIDENCE_COLLECTED,EXPERIMENTALLY_VALIDATED,EXECUTABLE_OR_APPLICABLE_CURRENT_HOST,20260903-010534-redshadow-updated-checklist,artifacts/real-world/20260903-010534-redshadow-updated-checklist/workload,Three current repetitions plus prior statistical archive.
NB-239,CHK-436,Phase 24 — Statistical Validation,Use controlled random seeds where applicable,N/A,NOT_APPLICABLE_NO_RANDOM_SEED,EXPLORATORY,EXECUTABLE_OR_APPLICABLE_CURRENT_HOST,20260903-010534-redshadow-updated-checklist,artifacts/real-world/20260903-010534-redshadow-updated-checklist/workload,No seed-bearing approved run.
NB-240,CHK-437,Phase 24 — Statistical Validation,Record every run,PASS,EVIDENCE_COLLECTED,EXPERIMENTALLY_VALIDATED,EXECUTABLE_OR_APPLICABLE_CURRENT_HOST,20260903-010534-redshadow-updated-checklist,artifacts/real-world/20260903-010534-redshadow-updated-checklist/workload,Three current repetitions plus prior statistical archive.
NB-241,CHK-438,Phase 24 — Statistical Validation,Calculate mean,PASS,EVIDENCE_COLLECTED,EXPERIMENTALLY_VALIDATED,EXECUTABLE_OR_APPLICABLE_CURRENT_HOST,20260903-010534-redshadow-updated-checklist,artifacts/real-world/20260903-010534-redshadow-updated-checklist/workload,Three current repetitions plus prior statistical archive.
NB-242,CHK-439,Phase 24 — Statistical Validation,Median,PASS,EVIDENCE_COLLECTED,EXPERIMENTALLY_VALIDATED,EXECUTABLE_OR_APPLICABLE_CURRENT_HOST,20260903-010534-redshadow-updated-checklist,artifacts/real-world/20260903-010534-redshadow-updated-checklist/workload,Three current repetitions plus prior statistical archive.
NB-243,CHK-440,Phase 24 — Statistical Validation,Standard deviation,PASS,EVIDENCE_COLLECTED,EXPERIMENTALLY_VALIDATED,EXECUTABLE_OR_APPLICABLE_CURRENT_HOST,20260903-010534-redshadow-updated-checklist,artifacts/real-world/20260903-010534-redshadow-updated-checklist/workload,Three current repetitions plus prior statistical archive.
NB-244,CHK-441,Phase 24 — Statistical Validation,Minimum,PASS,EVIDENCE_COLLECTED,EXPERIMENTALLY_VALIDATED,EXECUTABLE_OR_APPLICABLE_CURRENT_HOST,20260903-010534-redshadow-updated-checklist,artifacts/real-world/20260903-010534-redshadow-updated-checklist/workload,Three current repetitions plus prior statistical archive.
NB-245,CHK-442,Phase 24 — Statistical Validation,Maximum,PASS,EVIDENCE_COLLECTED,EXPERIMENTALLY_VALIDATED,EXECUTABLE_OR_APPLICABLE_CURRENT_HOST,20260903-010534-redshadow-updated-checklist,artifacts/real-world/20260903-010534-redshadow-updated-checklist/workload,Three current repetitions plus prior statistical archive.
NB-246,CHK-443,Phase 24 — Statistical Validation,Confidence interval where appropriate,PASS,EVIDENCE_COLLECTED,EXPERIMENTALLY_VALIDATED,EXECUTABLE_OR_APPLICABLE_CURRENT_HOST,20260903-010534-redshadow-updated-checklist,artifacts/real-world/20260903-010534-redshadow-updated-checklist/workload,Three current repetitions plus prior statistical archive.
NB-247,CHK-444,Phase 24 — Statistical Validation,Analyze outliers,PASS,EVIDENCE_COLLECTED,EXPERIMENTALLY_VALIDATED,EXECUTABLE_OR_APPLICABLE_CURRENT_HOST,20260903-010534-redshadow-updated-checklist,artifacts/real-world/20260903-010534-redshadow-updated-checklist/workload,Three current repetitions plus prior statistical archive.
NB-248,CHK-445,Phase 24 — Statistical Validation,Compare distributions,PASS,EVIDENCE_COLLECTED,EXPERIMENTALLY_VALIDATED,EXECUTABLE_OR_APPLICABLE_CURRENT_HOST,20260903-010534-redshadow-updated-checklist,artifacts/real-world/20260903-010534-redshadow-updated-checklist/workload,Three current repetitions plus prior statistical archive.
NB-249,CHK-446,Phase 24 — Statistical Validation,Report effect size where appropriate,PASS,EVIDENCE_COLLECTED,EXPERIMENTALLY_VALIDATED,EXECUTABLE_OR_APPLICABLE_CURRENT_HOST,20260903-010534-redshadow-updated-checklist,artifacts/real-world/20260903-010534-redshadow-updated-checklist/workload,Three current repetitions plus prior statistical archive.
NB-250,CHK-447,Phase 24 — Statistical Validation,Report workload variability,PASS,EVIDENCE_COLLECTED,EXPERIMENTALLY_VALIDATED,EXECUTABLE_OR_APPLICABLE_CURRENT_HOST,20260903-010534-redshadow-updated-checklist,artifacts/real-world/20260903-010534-redshadow-updated-checklist/workload,Three current repetitions plus prior statistical archive.
NB-251,CHK-449,Phase 25 — Reproducibility,Archive hardware configuration,PASS,EVIDENCE_COLLECTED,EXPERIMENTALLY_VALIDATED,EXECUTABLE_OR_APPLICABLE_CURRENT_HOST,20260903-010534-redshadow-updated-checklist,artifacts/real-world/20260903-010534-redshadow-updated-checklist/raw,Campaign evidence and prior archive are retained with hashes/commands.
NB-252,CHK-450,Phase 25 — Reproducibility,Archive kernel source/commit,PASS,EVIDENCE_COLLECTED,EXPERIMENTALLY_VALIDATED,EXECUTABLE_OR_APPLICABLE_CURRENT_HOST,20260903-010534-redshadow-updated-checklist,artifacts/real-world/20260903-010534-redshadow-updated-checklist/raw,Campaign evidence and prior archive are retained with hashes/commands.
NB-253,CHK-451,Phase 25 — Reproducibility,Archive ORCHESTRA commit,PASS,EVIDENCE_COLLECTED,EXPERIMENTALLY_VALIDATED,EXECUTABLE_OR_APPLICABLE_CURRENT_HOST,20260903-010534-redshadow-updated-checklist,artifacts/real-world/20260903-010534-redshadow-updated-checklist/raw,Campaign evidence and prior archive are retained with hashes/commands.
NB-254,CHK-453,Phase 25 — Reproducibility,Record compiler/toolchain,PASS,EVIDENCE_COLLECTED,EXPERIMENTALLY_VALIDATED,EXECUTABLE_OR_APPLICABLE_CURRENT_HOST,20260903-010534-redshadow-updated-checklist,artifacts/real-world/20260903-010534-redshadow-updated-checklist/raw,Campaign evidence and prior archive are retained with hashes/commands.
NB-255,CHK-456,Phase 25 — Reproducibility,Save parameters,PASS,EVIDENCE_COLLECTED,EXPERIMENTALLY_VALIDATED,EXECUTABLE_OR_APPLICABLE_CURRENT_HOST,20260903-010534-redshadow-updated-checklist,artifacts/real-world/20260903-010534-redshadow-updated-checklist/raw,Campaign evidence and prior archive are retained with hashes/commands.
NB-256,CHK-457,Phase 25 — Reproducibility,Save random seeds,N/A,NOT_APPLICABLE_NO_RANDOM_SEED,EXPLORATORY,EXECUTABLE_OR_APPLICABLE_CURRENT_HOST,20260903-010534-redshadow-updated-checklist,artifacts/real-world/20260903-010534-redshadow-updated-checklist/raw,No seed-bearing run.
NB-257,CHK-458,Phase 25 — Reproducibility,Save test scripts,PASS,EVIDENCE_COLLECTED,EXPERIMENTALLY_VALIDATED,EXECUTABLE_OR_APPLICABLE_CURRENT_HOST,20260903-010534-redshadow-updated-checklist,artifacts/real-world/20260903-010534-redshadow-updated-checklist/raw,Campaign evidence and prior archive are retained with hashes/commands.
NB-258,CHK-460,Phase 25 — Reproducibility,Preserve raw measurements,PASS,EVIDENCE_COLLECTED,EXPERIMENTALLY_VALIDATED,EXECUTABLE_OR_APPLICABLE_CURRENT_HOST,20260903-010534-redshadow-updated-checklist,artifacts/real-world/20260903-010534-redshadow-updated-checklist/raw,Campaign evidence and prior archive are retained with hashes/commands.
NB-259,CHK-462,Phase 25 — Reproducibility,Ensure figures/tables are reproducible,PASS,EVIDENCE_COLLECTED,EXPERIMENTALLY_VALIDATED,EXECUTABLE_OR_APPLICABLE_CURRENT_HOST,20260903-010534-redshadow-updated-checklist,artifacts/real-world/20260903-010534-redshadow-updated-checklist/raw,Campaign evidence and prior archive are retained with hashes/commands.
NB-260,CHK-463,Phase 25 — Reproducibility,Archive baseline and ORCHESTRA results,PASS,EVIDENCE_COLLECTED,EXPERIMENTALLY_VALIDATED,EXECUTABLE_OR_APPLICABLE_CURRENT_HOST,20260903-010534-redshadow-updated-checklist,artifacts/real-world/20260903-010534-redshadow-updated-checklist/raw,Campaign evidence and prior archive are retained with hashes/commands.
NB-261,CHK-465,Phase 26 — Final Acceptance,Scheduler works,PASS,EVIDENCE_COLLECTED,KERNEL_PROTOTYPED,EXECUTABLE_OR_APPLICABLE_CURRENT_HOST,20260903-010534-redshadow-updated-checklist,artifacts/real-world/20260903-010534-redshadow-updated-checklist,Bounded claims only; see detailed evidence and limitations.
NB-262,CHK-466,Phase 26 — Final Acceptance,Signal Bus works,PASS,EVIDENCE_COLLECTED,KERNEL_PROTOTYPED,EXECUTABLE_OR_APPLICABLE_CURRENT_HOST,20260903-010534-redshadow-updated-checklist,artifacts/real-world/20260903-010534-redshadow-updated-checklist,Bounded claims only; see detailed evidence and limitations.
NB-263,CHK-468,Phase 26 — Final Acceptance,Adaptive scheduler works,PASS,EVIDENCE_COLLECTED,KERNEL_PROTOTYPED,EXECUTABLE_OR_APPLICABLE_CURRENT_HOST,20260903-010534-redshadow-updated-checklist,artifacts/real-world/20260903-010534-redshadow-updated-checklist,Bounded claims only; see detailed evidence and limitations.
NB-264,CHK-471,Phase 26 — Final Acceptance,Monitoring works,PASS,EVIDENCE_COLLECTED,KERNEL_PROTOTYPED,EXECUTABLE_OR_APPLICABLE_CURRENT_HOST,20260903-010534-redshadow-updated-checklist,artifacts/real-world/20260903-010534-redshadow-updated-checklist,Bounded claims only; see detailed evidence and limitations.
NB-265,CHK-472,Phase 26 — Final Acceptance,Conventional Linux scheduling works,PASS,EVIDENCE_COLLECTED,KERNEL_PROTOTYPED,EXECUTABLE_OR_APPLICABLE_CURRENT_HOST,20260903-010534-redshadow-updated-checklist,artifacts/real-world/20260903-010534-redshadow-updated-checklist,Bounded claims only; see detailed evidence and limitations.
NB-266,CHK-473,Phase 26 — Final Acceptance,RT safety path works,PASS,EVIDENCE_COLLECTED,KERNEL_PROTOTYPED,EXECUTABLE_OR_APPLICABLE_CURRENT_HOST,20260903-010534-redshadow-updated-checklist,artifacts/real-world/20260903-010534-redshadow-updated-checklist,Bounded claims only; see detailed evidence and limitations.
NB-267,CHK-476,Phase 26 — Final Acceptance,Invalid signals rejected,PASS,EVIDENCE_COLLECTED,KERNEL_PROTOTYPED,EXECUTABLE_OR_APPLICABLE_CURRENT_HOST,20260903-010534-redshadow-updated-checklist,artifacts/real-world/20260903-010534-redshadow-updated-checklist,Bounded claims only; see detailed evidence and limitations.
NB-268,CHK-477,Phase 26 — Final Acceptance,Scheduling actions correct,PASS,EVIDENCE_COLLECTED,KERNEL_PROTOTYPED,EXECUTABLE_OR_APPLICABLE_CURRENT_HOST,20260903-010534-redshadow-updated-checklist,artifacts/real-world/20260903-010534-redshadow-updated-checklist,Bounded claims only; see detailed evidence and limitations.
NB-269,CHK-480,Phase 26 — Final Acceptance,No scheduler corruption,INCONCLUSIVE,INCONCLUSIVE_NOT_EXHAUSTIVELY_PROVEN,INCONCLUSIVE,EXECUTABLE_OR_APPLICABLE_CURRENT_HOST,20260903-010534-redshadow-updated-checklist,artifacts/real-world/20260903-010534-redshadow-updated-checklist,No finite campaign can establish this universal property from the collected observability.
NB-270,CHK-481,Phase 26 — Final Acceptance,No deadlock,INCONCLUSIVE,INCONCLUSIVE_NOT_EXHAUSTIVELY_PROVEN,INCONCLUSIVE,EXECUTABLE_OR_APPLICABLE_CURRENT_HOST,20260903-010534-redshadow-updated-checklist,artifacts/real-world/20260903-010534-redshadow-updated-checklist,No finite campaign can establish this universal property from the collected observability.
NB-271,CHK-482,Phase 26 — Final Acceptance,No starvation,INCONCLUSIVE,INCONCLUSIVE_NOT_EXHAUSTIVELY_PROVEN,INCONCLUSIVE,EXECUTABLE_OR_APPLICABLE_CURRENT_HOST,20260903-010534-redshadow-updated-checklist,artifacts/real-world/20260903-010534-redshadow-updated-checklist,No finite campaign can establish this universal property from the collected observability.
NB-272,CHK-499,Phase 26 — Final Acceptance,I/O stress,PASS,EVIDENCE_COLLECTED,KERNEL_PROTOTYPED,EXECUTABLE_OR_APPLICABLE_CURRENT_HOST,20260903-010534-redshadow-updated-checklist,artifacts/real-world/20260903-010534-redshadow-updated-checklist,Bounded claims only; see detailed evidence and limitations.
NB-273,CHK-520,Phase 27 — Power & Frequency Scaling,"Record CPU governor/policy (performance, powersave, schedutil, ondemand)",PASS,EVIDENCE_COLLECTED,EXPERIMENTALLY_VALIDATED,EXECUTABLE_OR_APPLICABLE_CURRENT_HOST,20260903-010534-redshadow-updated-checklist,artifacts/real-world/20260903-010534-redshadow-updated-checklist/environment,intel_pstate powersave was recorded and current runs executed under it.
NB-274,CHK-522,Phase 27 — Power & Frequency Scaling,Verify ORCHESTRA behavior under powersave governor,PASS,EVIDENCE_COLLECTED,EXPERIMENTALLY_VALIDATED,EXECUTABLE_OR_APPLICABLE_CURRENT_HOST,20260903-010534-redshadow-updated-checklist,artifacts/real-world/20260903-010534-redshadow-updated-checklist/environment,intel_pstate powersave was recorded and current runs executed under it.
NB-275,CHK-532,"Phase 28 — Containers, Cgroups & Virtualization",Verify behavior under cgroup v2 unified hierarchy,PASS,EVIDENCE_COLLECTED,EXPERIMENTALLY_VALIDATED,EXECUTABLE_OR_APPLICABLE_CURRENT_HOST,20260903-010534-redshadow-updated-checklist,artifacts/real-world/20260903-010534-redshadow-updated-checklist/environment,Unified cgroup v2 and controllers recorded.
NB-276,CHK-543,Phase 29 — Kernel & Distro Compatibility,Verify against CFS-based kernel,PASS,EVIDENCE_COLLECTED,EXPERIMENTALLY_VALIDATED,EXECUTABLE_OR_APPLICABLE_CURRENT_HOST,20260903-010534-redshadow-updated-checklist,artifacts/real-world/20260903-010534-redshadow-updated-checklist/environment,Current x86_64 kernel/CFS baseline.
NB-277,CHK-551,Phase 29 — Kernel & Distro Compatibility,Verify architecture: x86_64,PASS,EVIDENCE_COLLECTED,EXPERIMENTALLY_VALIDATED,EXECUTABLE_OR_APPLICABLE_CURRENT_HOST,20260903-010534-redshadow-updated-checklist,artifacts/real-world/20260903-010534-redshadow-updated-checklist/environment,Current x86_64 kernel/CFS baseline.
NB-278,CHK-555,Phase 30 — Standard Tooling & Observability Compatibility,Verify ftrace scheduler tracepoints work correctly,PASS,EVIDENCE_COLLECTED,EXPERIMENTALLY_VALIDATED,EXECUTABLE_OR_APPLICABLE_CURRENT_HOST,20260903-010534-redshadow-updated-checklist,artifacts/real-world/20260903-010534-redshadow-updated-checklist/environment,Read-only tooling/sysfs/sysctl/ftrace inventory passed.
NB-279,CHK-556,Phase 30 — Standard Tooling & Observability Compatibility,Verify eBPF/BPF programs can attach to scheduler tracepoints,INCONCLUSIVE,INCONCLUSIVE_INVENTORY_ONLY,INCONCLUSIVE,EXECUTABLE_OR_APPLICABLE_CURRENT_HOST,20260903-010534-redshadow-updated-checklist,artifacts/real-world/20260903-010534-redshadow-updated-checklist/environment,Tracepoint directories were present; no independent attach/run measurement was captured.
NB-280,CHK-557,Phase 30 — Standard Tooling & Observability Compatibility,Verify top/htop report correct CPU utilization,PASS,EVIDENCE_COLLECTED,EXPERIMENTALLY_VALIDATED,EXECUTABLE_OR_APPLICABLE_CURRENT_HOST,20260903-010534-redshadow-updated-checklist,artifacts/real-world/20260903-010534-redshadow-updated-checklist/environment,Read-only tooling/sysfs/sysctl/ftrace inventory passed.
NB-281,CHK-558,Phase 30 — Standard Tooling & Observability Compatibility,Verify ps/proc scheduler fields report correctly,PASS,EVIDENCE_COLLECTED,EXPERIMENTALLY_VALIDATED,EXECUTABLE_OR_APPLICABLE_CURRENT_HOST,20260903-010534-redshadow-updated-checklist,artifacts/real-world/20260903-010534-redshadow-updated-checklist/environment,Read-only tooling/sysfs/sysctl/ftrace inventory passed.
NB-282,CHK-560,Phase 30 — Standard Tooling & Observability Compatibility,Verify /sys scheduler tunables remain accessible,PASS,EVIDENCE_COLLECTED,EXPERIMENTALLY_VALIDATED,EXECUTABLE_OR_APPLICABLE_CURRENT_HOST,20260903-010534-redshadow-updated-checklist,artifacts/real-world/20260903-010534-redshadow-updated-checklist/environment,Read-only tooling/sysfs/sysctl/ftrace inventory passed.
NB-283,CHK-561,Phase 30 — Standard Tooling & Observability Compatibility,Verify no regressions in existing sysctl scheduler knobs,PASS,EVIDENCE_COLLECTED,EXPERIMENTALLY_VALIDATED,EXECUTABLE_OR_APPLICABLE_CURRENT_HOST,20260903-010534-redshadow-updated-checklist,artifacts/real-world/20260903-010534-redshadow-updated-checklist/environment,Read-only tooling/sysfs/sysctl/ftrace inventory passed.
NB-284,CHK-577,Phase 33 — GPU Workloads & Interrupt Handling,Verify IRQ affinity interaction with ORCHESTRA migration decisions,INCONCLUSIVE,INCONCLUSIVE_NO_CAUSAL_IRQ_EXPERIMENT,INCONCLUSIVE,EXECUTABLE_OR_APPLICABLE_CURRENT_HOST,20260903-010534-redshadow-updated-checklist,artifacts/real-world/20260903-010534-redshadow-updated-checklist/environment,"Interrupt inventory was collected, but no causal IRQ/migration experiment was run."
NB-285,CHK-585,Phase 35 — Release & Compliance,Verify GPL/license compliance for kernel-facing code,PASS,EVIDENCE_COLLECTED,EXPERIMENTALLY_VALIDATED,EXECUTABLE_OR_APPLICABLE_CURRENT_HOST,20260903-010534-redshadow-updated-checklist,artifacts/real-world/20260903-010534-redshadow-updated-checklist/environment,License inventory and SPDX/header checks archived.
NB-286,CHK-586,Phase 35 — Release & Compliance,Verify license headers present where required,PASS,EVIDENCE_COLLECTED,EXPERIMENTALLY_VALIDATED,EXECUTABLE_OR_APPLICABLE_CURRENT_HOST,20260903-010534-redshadow-updated-checklist,artifacts/real-world/20260903-010534-redshadow-updated-checklist/environment,License inventory and SPDX/header checks archived.
NB-287,CHK-587,Phase 35 — Release & Compliance,Review release notes/documentation for accuracy,FAIL,FAIL_CURRENT_SECURITY_SCAN_REGRESSION,UNKNOWN,EXECUTABLE_OR_APPLICABLE_CURRENT_HOST,20260903-010534-redshadow-updated-checklist,artifacts/real-world/20260903-010534-redshadow-updated-checklist/build,scripts/security-scan.sh and make check fail on a tracked hard-coded /home/... path in docs/demo/REALTIME_CFS_ORCHESTRA_DEMO.md; implementation was not changed.
NB-288,NEW-001,Additional supported-scope checks — Signal prediction transport,Publish externally supplied prediction-bearing signal frame,PASS,EVIDENCE_COLLECTED_CURRENT_RECHECK,KERNEL_PROTOTYPED,EXECUTABLE_OR_APPLICABLE_CURRENT_HOST,20260903-014334-redshadow-no-block-checklist,artifacts/real-world/20260903-014334-redshadow-no-block-checklist/signal/prediction_transport,prediction_used=1; confidence=875; cpu_pred=730; publication and readback succeeded.
NB-289,NEW-002,Additional supported-scope checks — Signal prediction transport,Read back externally supplied confidence and S1/S2/S3/S4/Q fields,PASS,EVIDENCE_COLLECTED_CURRENT_RECHECK,KERNEL_PROTOTYPED,EXECUTABLE_OR_APPLICABLE_CURRENT_HOST,20260903-014334-redshadow-no-block-checklist,artifacts/real-world/20260903-014334-redshadow-no-block-checklist/signal/prediction_transport,"Status readback reported confidence=875, S1=900, S2=880, S3=860, S4=840, Q=870."
NB-290,NEW-003,Additional supported-scope checks — Signal prediction transport,Distinguish prediction input transport from predictor quality/consumption,INCONCLUSIVE,INCONCLUSIVE_PREDICTOR_QUALITY_NOT_EXPOSED,KERNEL_PROTOTYPED,EXECUTABLE_OR_APPLICABLE_CURRENT_HOST,20260903-014334-redshadow-no-block-checklist,artifacts/real-world/20260903-014334-redshadow-no-block-checklist/signal/prediction_transport/status2.stdout,"Frame readback passes, but runtime prediction fallback remains 13 and no trained predictor/error stream is exposed."
