item_id,phase,checklist_item,status,reason_code,claim_class,test_id,evidence,action,notes
CHK-001,Phase 0 — Test Governance & Baseline,Assign unique test-run ID,PASS,EVIDENCE_COLLECTED,EXPERIMENTALLY_VALIDATED,20260903-010534-redshadow-updated-checklist,artifacts/real-world/20260903-010534-redshadow-updated-checklist/environment,,Inventory and baseline snapshots are in environment/ and baseline/.
CHK-002,Phase 0 — Test Governance & Baseline,Record date/time and operator,PASS,EVIDENCE_COLLECTED,EXPERIMENTALLY_VALIDATED,20260903-010534-redshadow-updated-checklist,artifacts/real-world/20260903-010534-redshadow-updated-checklist/environment,,Inventory and baseline snapshots are in environment/ and baseline/.
CHK-003,Phase 0 — Test Governance & Baseline,Record ORCHESTRA-OS version/commit,PASS,EVIDENCE_COLLECTED,EXPERIMENTALLY_VALIDATED,20260903-010534-redshadow-updated-checklist,artifacts/real-world/20260903-010534-redshadow-updated-checklist/environment,,Inventory and baseline snapshots are in environment/ and baseline/.
CHK-004,Phase 0 — Test Governance & Baseline,Record Linux kernel version,PASS,EVIDENCE_COLLECTED,EXPERIMENTALLY_VALIDATED,20260903-010534-redshadow-updated-checklist,artifacts/real-world/20260903-010534-redshadow-updated-checklist/environment,,Inventory and baseline snapshots are in environment/ and baseline/.
CHK-005,Phase 0 — Test Governance & Baseline,Record compiler/toolchain version,PASS,EVIDENCE_COLLECTED,EXPERIMENTALLY_VALIDATED,20260903-010534-redshadow-updated-checklist,artifacts/real-world/20260903-010534-redshadow-updated-checklist/environment,,Inventory and baseline snapshots are in environment/ and baseline/.
CHK-006,Phase 0 — Test Governance & Baseline,Record kernel configuration,PASS,EVIDENCE_COLLECTED,EXPERIMENTALLY_VALIDATED,20260903-010534-redshadow-updated-checklist,artifacts/real-world/20260903-010534-redshadow-updated-checklist/environment,,Inventory and baseline snapshots are in environment/ and baseline/.
CHK-007,Phase 0 — Test Governance & Baseline,Record ORCHESTRA parameter configuration,PASS,EVIDENCE_COLLECTED,EXPERIMENTALLY_VALIDATED,20260903-010534-redshadow-updated-checklist,artifacts/real-world/20260903-010534-redshadow-updated-checklist/environment,,Inventory and baseline snapshots are in environment/ and baseline/.
CHK-008,Phase 0 — Test Governance & Baseline,Record workload version/commit,PASS,EVIDENCE_COLLECTED,EXPERIMENTALLY_VALIDATED,20260903-010534-redshadow-updated-checklist,artifacts/real-world/20260903-010534-redshadow-updated-checklist/environment,,Inventory and baseline snapshots are in environment/ and baseline/.
CHK-009,Phase 0 — Test Governance & Baseline,Record random seed where applicable,N/A,NOT_APPLICABLE_NO_RANDOM_SEED,EXPLORATORY,20260903-010534-redshadow-updated-checklist,artifacts/real-world/20260903-010534-redshadow-updated-checklist/environment,,These approved runs used deterministic command parameters; no seed-bearing workload was applicable.
CHK-010,Phase 0 — Test Governance & Baseline,Record test duration and repetitions,PASS,EVIDENCE_COLLECTED,EXPERIMENTALLY_VALIDATED,20260903-010534-redshadow-updated-checklist,artifacts/real-world/20260903-010534-redshadow-updated-checklist/environment,,Inventory and baseline snapshots are in environment/ and baseline/.
CHK-011,Phase 0 — Test Governance & Baseline,"Preserve raw logs, traces and workload results",PASS,EVIDENCE_COLLECTED,EXPERIMENTALLY_VALIDATED,20260903-010534-redshadow-updated-checklist,artifacts/real-world/20260903-010534-redshadow-updated-checklist/environment,,Inventory and baseline snapshots are in environment/ and baseline/.
CHK-012,Phase 0 — Test Governance & Baseline,"Record CPU model, physical/logical CPUs, topology, NUMA, cache, RAM, storage, network, GPU if relevant, BIOS/UEFI, microcode",PASS,EVIDENCE_COLLECTED,EXPERIMENTALLY_VALIDATED,20260903-010534-redshadow-updated-checklist,artifacts/real-world/20260903-010534-redshadow-updated-checklist/environment,,Inventory and baseline snapshots are in environment/ and baseline/.
CHK-013,Phase 0 — Test Governance & Baseline,Verify machine boots normally,PASS,EVIDENCE_COLLECTED,EXPERIMENTALLY_VALIDATED,20260903-010534-redshadow-updated-checklist,artifacts/real-world/20260903-010534-redshadow-updated-checklist/environment,,Inventory and baseline snapshots are in environment/ and baseline/.
CHK-014,Phase 0 — Test Governance & Baseline,Check system/kernel logs for pre-existing errors,PASS,EVIDENCE_COLLECTED,EXPERIMENTALLY_VALIDATED,20260903-010534-redshadow-updated-checklist,artifacts/real-world/20260903-010534-redshadow-updated-checklist/environment,,Inventory and baseline snapshots are in environment/ and baseline/.
CHK-015,Phase 0 — Test Governance & Baseline,Check CPU temperature,PASS,EVIDENCE_COLLECTED,EXPERIMENTALLY_VALIDATED,20260903-010534-redshadow-updated-checklist,artifacts/real-world/20260903-010534-redshadow-updated-checklist/environment,,Inventory and baseline snapshots are in environment/ and baseline/.
CHK-016,Phase 0 — Test Governance & Baseline,Check memory/storage health,INCONCLUSIVE,INCONCLUSIVE_NO_SMART_OR_HEALTH_TOOL,INCONCLUSIVE,20260903-010534-redshadow-updated-checklist,artifacts/real-world/20260903-010534-redshadow-updated-checklist/environment,,Free-space and memory snapshots were collected; SMART/health tooling was unavailable.
CHK-017,Phase 0 — Test Governance & Baseline,Check networking,PASS,EVIDENCE_COLLECTED,EXPERIMENTALLY_VALIDATED,20260903-010534-redshadow-updated-checklist,artifacts/real-world/20260903-010534-redshadow-updated-checklist/environment,,Inventory and baseline snapshots are in environment/ and baseline/.
CHK-018,Phase 0 — Test Governance & Baseline,Check background workload,PASS,EVIDENCE_COLLECTED,EXPERIMENTALLY_VALIDATED,20260903-010534-redshadow-updated-checklist,artifacts/real-world/20260903-010534-redshadow-updated-checklist/environment,,Inventory and baseline snapshots are in environment/ and baseline/.
CHK-019,Phase 0 — Test Governance & Baseline,Verify clock/time synchronization,PASS,EVIDENCE_COLLECTED_CURRENT_RECHECK,EXPERIMENTALLY_VALIDATED,20260903-014334-redshadow-no-block-checklist,artifacts/real-world/20260903-014334-redshadow-no-block-checklist/environment,,Current recheck: timedatectl reports NTPSynchronized=yes.
CHK-020,Phase 0 — Test Governance & Baseline,"Run and record baseline Linux scheduler results: CPU utilization, memory, load, context switches, migrations, latency, throughput, cache behavior, I/O, network and thermal behavior",PASS,EVIDENCE_COLLECTED,EXPERIMENTALLY_VALIDATED,20260903-010534-redshadow-updated-checklist,artifacts/real-world/20260903-010534-redshadow-updated-checklist/environment,,Inventory and baseline snapshots are in environment/ and baseline/.
CHK-021,Phase 0 — Test Governance & Baseline,Repeat baseline experiments and archive dataset,PASS,EVIDENCE_COLLECTED,EXPERIMENTALLY_VALIDATED,20260903-010534-redshadow-updated-checklist,artifacts/real-world/20260903-010534-redshadow-updated-checklist/environment,,Inventory and baseline snapshots are in environment/ and baseline/.
CHK-022,Phase 1 — Kernel Build & Installation,Verify ORCHESTRA source tree and intended kernel version,PASS,EVIDENCE_COLLECTED,EXPERIMENTALLY_VALIDATED,20260903-010534-redshadow-updated-checklist,artifacts/real-world/20260903-010534-redshadow-updated-checklist/build,,"Userspace/bridge build, kernel config, exact target build, and runtime load/unload evidence."
CHK-023,Phase 1 — Kernel Build & Installation,Verify required kernel options,PASS,EVIDENCE_COLLECTED,EXPERIMENTALLY_VALIDATED,20260903-010534-redshadow-updated-checklist,artifacts/real-world/20260903-010534-redshadow-updated-checklist/build,,"Userspace/bridge build, kernel config, exact target build, and runtime load/unload evidence."
CHK-024,Phase 1 — Kernel Build & Installation,Perform clean build,PASS,EVIDENCE_COLLECTED,EXPERIMENTALLY_VALIDATED,20260903-010534-redshadow-updated-checklist,artifacts/real-world/20260903-010534-redshadow-updated-checklist/build,,"Userspace/bridge build, kernel config, exact target build, and runtime load/unload evidence."
CHK-025,Phase 1 — Kernel Build & Installation,Review build warnings/errors,PASS,EVIDENCE_COLLECTED,EXPERIMENTALLY_VALIDATED,20260903-010534-redshadow-updated-checklist,artifacts/real-world/20260903-010534-redshadow-updated-checklist/build,,"Userspace/bridge build, kernel config, exact target build, and runtime load/unload evidence."
CHK-026,Phase 1 — Kernel Build & Installation,Generate kernel/modules,ACTION_REQUIRED,ACTION_REQUIRED_DISPOSABLE_REBOOT_AUTH,NOT_READY,20260903-014334-redshadow-no-block-checklist,artifacts/real-world/20260903-010534-redshadow-updated-checklist/kernel,Use a disposable host with fallback kernel and explicit reboot/install authorization.,Action register: EXCLUDED_SCOPE.csv; see BLOCKER_DIAGNOSIS.md for the removal path.
CHK-027,Phase 1 — Kernel Build & Installation,Install kernel,ACTION_REQUIRED,ACTION_REQUIRED_DISPOSABLE_REBOOT_AUTH,NOT_READY,20260903-014334-redshadow-no-block-checklist,artifacts/real-world/20260903-010534-redshadow-updated-checklist/kernel,Use a disposable host with fallback kernel and explicit reboot/install authorization.,Action register: EXCLUDED_SCOPE.csv; see BLOCKER_DIAGNOSIS.md for the removal path.
CHK-028,Phase 1 — Kernel Build & Installation,Verify bootloader entry,ACTION_REQUIRED,ACTION_REQUIRED_DISPOSABLE_REBOOT_AUTH,NOT_READY,20260903-014334-redshadow-no-block-checklist,artifacts/real-world/20260903-010534-redshadow-updated-checklist/kernel,Use a disposable host with fallback kernel and explicit reboot/install authorization.,Action register: EXCLUDED_SCOPE.csv; see BLOCKER_DIAGNOSIS.md for the removal path.
CHK-029,Phase 1 — Kernel Build & Installation,Retain known-good fallback kernel,ACTION_REQUIRED,ACTION_REQUIRED_DISPOSABLE_REBOOT_AUTH,NOT_READY,20260903-014334-redshadow-no-block-checklist,artifacts/real-world/20260903-010534-redshadow-updated-checklist/kernel,Use a disposable host with fallback kernel and explicit reboot/install authorization.,Action register: EXCLUDED_SCOPE.csv; see BLOCKER_DIAGNOSIS.md for the removal path.
CHK-030,Phase 1 — Kernel Build & Installation,Boot ORCHESTRA kernel,ACTION_REQUIRED,ACTION_REQUIRED_DISPOSABLE_REBOOT_AUTH,NOT_READY,20260903-014334-redshadow-no-block-checklist,artifacts/real-world/20260903-010534-redshadow-updated-checklist/kernel,Use a disposable host with fallback kernel and explicit reboot/install authorization.,Action register: EXCLUDED_SCOPE.csv; see BLOCKER_DIAGNOSIS.md for the removal path.
CHK-031,Phase 1 — Kernel Build & Installation,Confirm kernel/ORCHESTRA version,PASS,EVIDENCE_COLLECTED,EXPERIMENTALLY_VALIDATED,20260903-010534-redshadow-updated-checklist,artifacts/real-world/20260903-010534-redshadow-updated-checklist/build,,"Userspace/bridge build, kernel config, exact target build, and runtime load/unload evidence."
CHK-032,Phase 1 — Kernel Build & Installation,Confirm ORCHESTRA initialization,PASS,EVIDENCE_COLLECTED,EXPERIMENTALLY_VALIDATED,20260903-010534-redshadow-updated-checklist,artifacts/real-world/20260903-010534-redshadow-updated-checklist/build,,"Userspace/bridge build, kernel config, exact target build, and runtime load/unload evidence."
CHK-033,Phase 1 — Kernel Build & Installation,Check for kernel panic/oops/WARN,PASS,EVIDENCE_COLLECTED,EXPERIMENTALLY_VALIDATED,20260903-010534-redshadow-updated-checklist,artifacts/real-world/20260903-010534-redshadow-updated-checklist/build,,"Userspace/bridge build, kernel config, exact target build, and runtime load/unload evidence."
CHK-034,Phase 1 — Kernel Build & Installation,Confirm scheduler initialization,PASS,EVIDENCE_COLLECTED,EXPERIMENTALLY_VALIDATED,20260903-010534-redshadow-updated-checklist,artifacts/real-world/20260903-010534-redshadow-updated-checklist/build,,"Userspace/bridge build, kernel config, exact target build, and runtime load/unload evidence."
CHK-035,Phase 1 — Kernel Build & Installation,Confirm Signal Bus initialization,PASS,EVIDENCE_COLLECTED,EXPERIMENTALLY_VALIDATED,20260903-010534-redshadow-updated-checklist,artifacts/real-world/20260903-010534-redshadow-updated-checklist/build,,"Userspace/bridge build, kernel config, exact target build, and runtime load/unload evidence."
CHK-036,Phase 1 — Kernel Build & Installation,Confirm monitoring initialization,PASS,EVIDENCE_COLLECTED,EXPERIMENTALLY_VALIDATED,20260903-010534-redshadow-updated-checklist,artifacts/real-world/20260903-010534-redshadow-updated-checklist/build,,"Userspace/bridge build, kernel config, exact target build, and runtime load/unload evidence."
CHK-037,Phase 1 — Kernel Build & Installation,Verify storage/network/user-space operation,PASS,EVIDENCE_COLLECTED,EXPERIMENTALLY_VALIDATED,20260903-010534-redshadow-updated-checklist,artifacts/real-world/20260903-010534-redshadow-updated-checklist/build,,"Userspace/bridge build, kernel config, exact target build, and runtime load/unload evidence."
CHK-038,Phase 1 — Kernel Build & Installation,Boot fallback kernel,ACTION_REQUIRED,ACTION_REQUIRED_DISPOSABLE_REBOOT_AUTH,NOT_READY,20260903-014334-redshadow-no-block-checklist,artifacts/real-world/20260903-010534-redshadow-updated-checklist/kernel,Use a disposable host with fallback kernel and explicit reboot/install authorization.,Action register: EXCLUDED_SCOPE.csv; see BLOCKER_DIAGNOSIS.md for the removal path.
CHK-039,Phase 1 — Kernel Build & Installation,Verify fallback remains usable,ACTION_REQUIRED,ACTION_REQUIRED_DISPOSABLE_REBOOT_AUTH,NOT_READY,20260903-014334-redshadow-no-block-checklist,artifacts/real-world/20260903-010534-redshadow-updated-checklist/kernel,Use a disposable host with fallback kernel and explicit reboot/install authorization.,Action register: EXCLUDED_SCOPE.csv; see BLOCKER_DIAGNOSIS.md for the removal path.
CHK-040,Phase 1 — Kernel Build & Installation,Verify ORCHESTRA failure cannot prevent recovery,ACTION_REQUIRED,ACTION_REQUIRED_DISPOSABLE_REBOOT_AUTH,NOT_READY,20260903-014334-redshadow-no-block-checklist,artifacts/real-world/20260903-010534-redshadow-updated-checklist/kernel,Use a disposable host with fallback kernel and explicit reboot/install authorization.,Action register: EXCLUDED_SCOPE.csv; see BLOCKER_DIAGNOSIS.md for the removal path.
CHK-041,Phase 1 — Kernel Build & Installation,Verify disable/reset procedure,PASS,EVIDENCE_COLLECTED,EXPERIMENTALLY_VALIDATED,20260903-010534-redshadow-updated-checklist,artifacts/real-world/20260903-010534-redshadow-updated-checklist/build,,"Userspace/bridge build, kernel config, exact target build, and runtime load/unload evidence."
CHK-042,Phase 2 — Linux Scheduler Integration,Verify scheduler initialization,PASS,EVIDENCE_COLLECTED,KERNEL_PROTOTYPED,20260903-010534-redshadow-updated-checklist,artifacts/real-world/20260903-010534-redshadow-updated-checklist/sched_ext,,Runtime state and ordinary CFS/RT behavior remained usable.
CHK-043,Phase 2 — Linux Scheduler Integration,Verify run queues and scheduler domains,INCONCLUSIVE,INCONCLUSIVE_INSUFFICIENT_DIRECT_OBSERVABILITY,INCONCLUSIVE,20260903-010534-redshadow-updated-checklist,artifacts/real-world/20260903-010534-redshadow-updated-checklist/sched_ext,,No direct per-runqueue hook/preemption/load-balancer trace was captured.
CHK-044,Phase 2 — Linux Scheduler Integration,Verify scheduler hooks,INCONCLUSIVE,INCONCLUSIVE_INSUFFICIENT_DIRECT_OBSERVABILITY,INCONCLUSIVE,20260903-010534-redshadow-updated-checklist,artifacts/real-world/20260903-010534-redshadow-updated-checklist/sched_ext,,No direct per-runqueue hook/preemption/load-balancer trace was captured.
CHK-045,Phase 2 — Linux Scheduler Integration,Verify existing scheduling classes remain functional,PASS,EVIDENCE_COLLECTED,KERNEL_PROTOTYPED,20260903-010534-redshadow-updated-checklist,artifacts/real-world/20260903-010534-redshadow-updated-checklist/sched_ext,,Runtime state and ordinary CFS/RT behavior remained usable.
CHK-046,Phase 2 — Linux Scheduler Integration,Test ORCHESTRA path for eligible task,PASS,EVIDENCE_COLLECTED,EXPERIMENTALLY_VALIDATED,20260903-010534-redshadow-updated-checklist,artifacts/real-world/20260903-010534-redshadow-updated-checklist/sched_ext,,Exact-TID ownership and effective action counters were observed in the P0 session; CFS/ORCHESTRA comparisons also completed.
CHK-047,Phase 2 — Linux Scheduler Integration,Verify ineligible task bypasses ORCHESTRA,PASS,EVIDENCE_COLLECTED,EXPERIMENTALLY_VALIDATED,20260903-010534-redshadow-updated-checklist,artifacts/real-world/20260903-010534-redshadow-updated-checklist/sched_ext,,Exact-TID ownership and effective action counters were observed in the P0 session; CFS/ORCHESTRA comparisons also completed.
CHK-048,Phase 2 — Linux Scheduler Integration,Verify scheduling decision is generated/applied,PASS,EVIDENCE_COLLECTED,EXPERIMENTALLY_VALIDATED,20260903-010534-redshadow-updated-checklist,artifacts/real-world/20260903-010534-redshadow-updated-checklist/sched_ext,,Exact-TID ownership and effective action counters were observed in the P0 session; CFS/ORCHESTRA comparisons also completed.
CHK-049,Phase 2 — Linux Scheduler Integration,Test RUN,PASS,EVIDENCE_COLLECTED,EXPERIMENTALLY_VALIDATED,20260903-010534-redshadow-updated-checklist,artifacts/real-world/20260903-010534-redshadow-updated-checklist/sched_ext,,Exact-TID ownership and effective action counters were observed in the P0 session; CFS/ORCHESTRA comparisons also completed.
CHK-050,Phase 2 — Linux Scheduler Integration,Test SLEEP,PASS,EVIDENCE_COLLECTED,EXPERIMENTALLY_VALIDATED,20260903-010534-redshadow-updated-checklist,artifacts/real-world/20260903-010534-redshadow-updated-checklist/sched_ext,,Exact-TID ownership and effective action counters were observed in the P0 session; CFS/ORCHESTRA comparisons also completed.
CHK-051,Phase 2 — Linux Scheduler Integration,Test MIGRATE,PASS,EVIDENCE_COLLECTED,EXPERIMENTALLY_VALIDATED,20260903-010534-redshadow-updated-checklist,artifacts/real-world/20260903-010534-redshadow-updated-checklist/sched_ext,,Exact-TID ownership and effective action counters were observed in the P0 session; CFS/ORCHESTRA comparisons also completed.
CHK-052,Phase 2 — Linux Scheduler Integration,Test THROTTLE,PASS,EVIDENCE_COLLECTED,EXPERIMENTALLY_VALIDATED,20260903-010534-redshadow-updated-checklist,artifacts/real-world/20260903-010534-redshadow-updated-checklist/sched_ext,,Exact-TID ownership and effective action counters were observed in the P0 session; CFS/ORCHESTRA comparisons also completed.
CHK-053,Phase 2 — Linux Scheduler Integration,Test YIELD,PASS,EVIDENCE_COLLECTED,EXPERIMENTALLY_VALIDATED,20260903-010534-redshadow-updated-checklist,artifacts/real-world/20260903-010534-redshadow-updated-checklist/sched_ext,,Exact-TID ownership and effective action counters were observed in the P0 session; CFS/ORCHESTRA comparisons also completed.
CHK-054,Phase 2 — Linux Scheduler Integration,Test invalid action handling,PASS,EVIDENCE_COLLECTED,EXPERIMENTALLY_VALIDATED,20260903-010534-redshadow-updated-checklist,artifacts/real-world/20260903-010534-redshadow-updated-checklist/sched_ext,,Exact-TID ownership and effective action counters were observed in the P0 session; CFS/ORCHESTRA comparisons also completed.
CHK-055,Phase 2 — Linux Scheduler Integration,Test normal Linux tasks,PASS,EVIDENCE_COLLECTED,EXPERIMENTALLY_VALIDATED,20260903-010534-redshadow-updated-checklist,artifacts/real-world/20260903-010534-redshadow-updated-checklist/sched_ext,,Exact-TID ownership and effective action counters were observed in the P0 session; CFS/ORCHESTRA comparisons also completed.
CHK-056,Phase 2 — Linux Scheduler Integration,Test ORCHESTRA tasks,PASS,EVIDENCE_COLLECTED,EXPERIMENTALLY_VALIDATED,20260903-010534-redshadow-updated-checklist,artifacts/real-world/20260903-010534-redshadow-updated-checklist/sched_ext,,Exact-TID ownership and effective action counters were observed in the P0 session; CFS/ORCHESTRA comparisons also completed.
CHK-057,Phase 2 — Linux Scheduler Integration,Test mixed scheduling classes,PASS,EVIDENCE_COLLECTED,EXPERIMENTALLY_VALIDATED,20260903-010534-redshadow-updated-checklist,artifacts/real-world/20260903-010534-redshadow-updated-checklist/sched_ext,,Exact-TID ownership and effective action counters were observed in the P0 session; CFS/ORCHESTRA comparisons also completed.
CHK-058,Phase 2 — Linux Scheduler Integration,Test task migration,PASS,EVIDENCE_COLLECTED,EXPERIMENTALLY_VALIDATED,20260903-010534-redshadow-updated-checklist,artifacts/real-world/20260903-010534-redshadow-updated-checklist/sched_ext,,Exact-TID ownership and effective action counters were observed in the P0 session; CFS/ORCHESTRA comparisons also completed.
CHK-059,Phase 2 — Linux Scheduler Integration,Test preemption,INCONCLUSIVE,INCONCLUSIVE_INSUFFICIENT_DIRECT_OBSERVABILITY,INCONCLUSIVE,20260903-010534-redshadow-updated-checklist,artifacts/real-world/20260903-010534-redshadow-updated-checklist/sched_ext,,No direct per-runqueue hook/preemption/load-balancer trace was captured.
CHK-060,Phase 2 — Linux Scheduler Integration,Test wake-up,PASS,EVIDENCE_COLLECTED,EXPERIMENTALLY_VALIDATED,20260903-010534-redshadow-updated-checklist,artifacts/real-world/20260903-010534-redshadow-updated-checklist/sched_ext,,Exact-TID ownership and effective action counters were observed in the P0 session; CFS/ORCHESTRA comparisons also completed.
CHK-061,Phase 2 — Linux Scheduler Integration,Test CPU affinity,PASS,EVIDENCE_COLLECTED,EXPERIMENTALLY_VALIDATED,20260903-010534-redshadow-updated-checklist,artifacts/real-world/20260903-010534-redshadow-updated-checklist/sched_ext,,Exact-TID ownership and effective action counters were observed in the P0 session; CFS/ORCHESTRA comparisons also completed.
CHK-062,Phase 2 — Linux Scheduler Integration,Test load balancing,INCONCLUSIVE,INCONCLUSIVE_INSUFFICIENT_DIRECT_OBSERVABILITY,INCONCLUSIVE,20260903-010534-redshadow-updated-checklist,artifacts/real-world/20260903-010534-redshadow-updated-checklist/sched_ext,,No direct per-runqueue hook/preemption/load-balancer trace was captured.
CHK-063,Phase 3 — Hybrid Safety / Real-Time,Create SCHED_FIFO task and verify conventional deterministic scheduling,PASS,EVIDENCE_COLLECTED,EXPERIMENTALLY_VALIDATED,20260903-010534-redshadow-updated-checklist,artifacts/real-world/20260903-010534-redshadow-updated-checklist/security,,Bounded RT policy matrix and current live FIFO probes are archived; no hard-RT guarantee is claimed.
CHK-064,Phase 3 — Hybrid Safety / Real-Time,Create SCHED_RR task and verify conventional deterministic scheduling,PASS,EVIDENCE_COLLECTED,EXPERIMENTALLY_VALIDATED,20260903-010534-redshadow-updated-checklist,artifacts/real-world/20260903-010534-redshadow-updated-checklist/security,,Bounded RT policy matrix and current live FIFO probes are archived; no hard-RT guarantee is claimed.
CHK-065,Phase 3 — Hybrid Safety / Real-Time,Verify ORCHESTRA does not override RT tasks,PASS,EVIDENCE_COLLECTED,EXPERIMENTALLY_VALIDATED,20260903-010534-redshadow-updated-checklist,artifacts/real-world/20260903-010534-redshadow-updated-checklist/security,,Bounded RT policy matrix and current live FIFO probes are archived; no hard-RT guarantee is claimed.
CHK-066,Phase 3 — Hybrid Safety / Real-Time,Verify RT priority behavior,PASS,EVIDENCE_COLLECTED,EXPERIMENTALLY_VALIDATED,20260903-010534-redshadow-updated-checklist,artifacts/real-world/20260903-010534-redshadow-updated-checklist/security,,Bounded RT policy matrix and current live FIFO probes are archived; no hard-RT guarantee is claimed.
CHK-067,Phase 3 — Hybrid Safety / Real-Time,Verify RT response behavior,INCONCLUSIVE,INCONCLUSIVE_BOUNDED_RT_OBSERVATION,INCONCLUSIVE,20260903-010534-redshadow-updated-checklist,artifacts/real-world/20260903-010534-redshadow-updated-checklist/security,,The available evidence is bounded and does not establish exhaustive latency/fairness guarantees.
CHK-068,Phase 3 — Hybrid Safety / Real-Time,Run RT + ORCHESTRA CPU-bound workload,PASS,EVIDENCE_COLLECTED,EXPERIMENTALLY_VALIDATED,20260903-010534-redshadow-updated-checklist,artifacts/real-world/20260903-010534-redshadow-updated-checklist/security,,Bounded RT policy matrix and current live FIFO probes are archived; no hard-RT guarantee is claimed.
CHK-069,Phase 3 — Hybrid Safety / Real-Time,Run RT + memory workload,ACTION_REQUIRED,ACTION_REQUIRED_WORKLOAD_TOOLING,NOT_READY,20260903-014334-redshadow-no-block-checklist,artifacts/real-world/20260903-010534-redshadow-updated-checklist/stress,Authorize a safe RT+memory/I-O/network workload harness.,Action register: EXCLUDED_SCOPE.csv; see BLOCKER_DIAGNOSIS.md for the removal path.
CHK-070,Phase 3 — Hybrid Safety / Real-Time,Run RT + I/O workload,ACTION_REQUIRED,ACTION_REQUIRED_WORKLOAD_TOOLING,NOT_READY,20260903-014334-redshadow-no-block-checklist,artifacts/real-world/20260903-010534-redshadow-updated-checklist/stress,Authorize a safe RT+memory/I-O/network workload harness.,Action register: EXCLUDED_SCOPE.csv; see BLOCKER_DIAGNOSIS.md for the removal path.
CHK-071,Phase 3 — Hybrid Safety / Real-Time,Run RT + network workload,ACTION_REQUIRED,ACTION_REQUIRED_WORKLOAD_TOOLING,NOT_READY,20260903-014334-redshadow-no-block-checklist,artifacts/real-world/20260903-010534-redshadow-updated-checklist/stress,Authorize a safe RT+memory/I-O/network workload harness.,Action register: EXCLUDED_SCOPE.csv; see BLOCKER_DIAGNOSIS.md for the removal path.
CHK-072,Phase 3 — Hybrid Safety / Real-Time,Check priority inversion,INCONCLUSIVE,INCONCLUSIVE_BOUNDED_RT_OBSERVATION,INCONCLUSIVE,20260903-010534-redshadow-updated-checklist,artifacts/real-world/20260903-010534-redshadow-updated-checklist/security,,The available evidence is bounded and does not establish exhaustive latency/fairness guarantees.
CHK-073,Phase 3 — Hybrid Safety / Real-Time,Check starvation,INCONCLUSIVE,INCONCLUSIVE_BOUNDED_RT_OBSERVATION,INCONCLUSIVE,20260903-010534-redshadow-updated-checklist,artifacts/real-world/20260903-010534-redshadow-updated-checklist/security,,The available evidence is bounded and does not establish exhaustive latency/fairness guarantees.
CHK-074,Phase 3 — Hybrid Safety / Real-Time,Check deadlock,INCONCLUSIVE,INCONCLUSIVE_BOUNDED_RT_OBSERVATION,INCONCLUSIVE,20260903-010534-redshadow-updated-checklist,artifacts/real-world/20260903-010534-redshadow-updated-checklist/security,,The available evidence is bounded and does not establish exhaustive latency/fairness guarantees.
CHK-075,Phase 3 — Hybrid Safety / Real-Time,Check system responsiveness,INCONCLUSIVE,INCONCLUSIVE_BOUNDED_RT_OBSERVATION,INCONCLUSIVE,20260903-010534-redshadow-updated-checklist,artifacts/real-world/20260903-010534-redshadow-updated-checklist/security,,The available evidence is bounded and does not establish exhaustive latency/fairness guarantees.
CHK-076,Phase 4 — Signal Bus,Verify CPU utilization acquisition,INCONCLUSIVE,INCONCLUSIVE_SOURCE_ACQUISITION_NOT_FULLY_EXPOSED,INCONCLUSIVE,20260903-010534-redshadow-updated-checklist,artifacts/real-world/20260903-010534-redshadow-updated-checklist/signal,,"Runtime telemetry fields exist, but full host acquisition path for every listed source was not independently measured."
CHK-077,Phase 4 — Signal Bus,Verify memory-pressure acquisition,INCONCLUSIVE,INCONCLUSIVE_SOURCE_ACQUISITION_NOT_FULLY_EXPOSED,INCONCLUSIVE,20260903-010534-redshadow-updated-checklist,artifacts/real-world/20260903-010534-redshadow-updated-checklist/signal,,"Runtime telemetry fields exist, but full host acquisition path for every listed source was not independently measured."
CHK-078,Phase 4 — Signal Bus,Verify cache-behavior acquisition,INCONCLUSIVE,INCONCLUSIVE_SOURCE_ACQUISITION_NOT_FULLY_EXPOSED,INCONCLUSIVE,20260903-010534-redshadow-updated-checklist,artifacts/real-world/20260903-010534-redshadow-updated-checklist/signal,,"Runtime telemetry fields exist, but full host acquisition path for every listed source was not independently measured."
CHK-079,Phase 4 — Signal Bus,Verify thermal-state acquisition,INCONCLUSIVE,INCONCLUSIVE_SOURCE_ACQUISITION_NOT_FULLY_EXPOSED,INCONCLUSIVE,20260903-010534-redshadow-updated-checklist,artifacts/real-world/20260903-010534-redshadow-updated-checklist/signal,,"Runtime telemetry fields exist, but full host acquisition path for every listed source was not independently measured."
CHK-080,Phase 4 — Signal Bus,Verify I/O activity acquisition,INCONCLUSIVE,INCONCLUSIVE_SOURCE_ACQUISITION_NOT_FULLY_EXPOSED,INCONCLUSIVE,20260903-010534-redshadow-updated-checklist,artifacts/real-world/20260903-010534-redshadow-updated-checklist/signal,,"Runtime telemetry fields exist, but full host acquisition path for every listed source was not independently measured."
CHK-081,Phase 4 — Signal Bus,Verify network-utilization acquisition,INCONCLUSIVE,INCONCLUSIVE_SOURCE_ACQUISITION_NOT_FULLY_EXPOSED,INCONCLUSIVE,20260903-010534-redshadow-updated-checklist,artifacts/real-world/20260903-010534-redshadow-updated-checklist/signal,,"Runtime telemetry fields exist, but full host acquisition path for every listed source was not independently measured."
CHK-082,Phase 4 — Signal Bus,Verify scheduler-queue statistics,ACTION_REQUIRED,ACTION_REQUIRED_SCOPE_RUN,NOT_READY,20260903-014334-redshadow-no-block-checklist,artifacts/real-world/20260903-010534-redshadow-updated-checklist,Add a safe existing procedure or explicitly remove the item from the release scope.,Action register: EXCLUDED_SCOPE.csv; see BLOCKER_DIAGNOSIS.md for the removal path.
CHK-083,Phase 4 — Signal Bus,Verify signal frame generation,PASS,EVIDENCE_COLLECTED,KERNEL_PROTOTYPED,20260903-010534-redshadow-updated-checklist,artifacts/real-world/20260903-010534-redshadow-updated-checklist/signal,,"Local-trust signal map fields, freshness and MAP_SHARED stress evidence; no cryptographic integrity claim."
CHK-084,Phase 4 — Signal Bus,Verify timestamp,PASS,EVIDENCE_COLLECTED,KERNEL_PROTOTYPED,20260903-010534-redshadow-updated-checklist,artifacts/real-world/20260903-010534-redshadow-updated-checklist/signal,,"Local-trust signal map fields, freshness and MAP_SHARED stress evidence; no cryptographic integrity claim."
CHK-085,Phase 4 — Signal Bus,Verify sequence number,PASS,EVIDENCE_COLLECTED,KERNEL_PROTOTYPED,20260903-010534-redshadow-updated-checklist,artifacts/real-world/20260903-010534-redshadow-updated-checklist/signal,,"Local-trust signal map fields, freshness and MAP_SHARED stress evidence; no cryptographic integrity claim."
CHK-086,Phase 4 — Signal Bus,Verify raw measurements,PASS,EVIDENCE_COLLECTED,KERNEL_PROTOTYPED,20260903-010534-redshadow-updated-checklist,artifacts/real-world/20260903-010534-redshadow-updated-checklist/signal,,"Local-trust signal map fields, freshness and MAP_SHARED stress evidence; no cryptographic integrity claim."
CHK-087,Phase 4 — Signal Bus,Verify predicted values,ACTION_REQUIRED,ACTION_REQUIRED_PREDICTOR_OUTPUT,NOT_READY,20260903-014334-redshadow-no-block-checklist,artifacts/real-world/20260903-010534-redshadow-updated-checklist/prediction,Expose predictor output/timestamp/error/confidence or restrict the item to external prediction transport.,Action register: EXCLUDED_SCOPE.csv; see BLOCKER_DIAGNOSIS.md for the removal path.
CHK-088,Phase 4 — Signal Bus,Verify confidence,ACTION_REQUIRED,ACTION_REQUIRED_PREDICTOR_OUTPUT,NOT_READY,20260903-014334-redshadow-no-block-checklist,artifacts/real-world/20260903-010534-redshadow-updated-checklist/prediction,Expose predictor output/timestamp/error/confidence or restrict the item to external prediction transport.,Action register: EXCLUDED_SCOPE.csv; see BLOCKER_DIAGNOSIS.md for the removal path.
CHK-089,Phase 4 — Signal Bus,Verify directive,PASS,EVIDENCE_COLLECTED,KERNEL_PROTOTYPED,20260903-010534-redshadow-updated-checklist,artifacts/real-world/20260903-010534-redshadow-updated-checklist/signal,,"Local-trust signal map fields, freshness and MAP_SHARED stress evidence; no cryptographic integrity claim."
CHK-090,Phase 4 — Signal Bus,Verify metadata/version,PASS,EVIDENCE_COLLECTED,KERNEL_PROTOTYPED,20260903-010534-redshadow-updated-checklist,artifacts/real-world/20260903-010534-redshadow-updated-checklist/signal,,"Local-trust signal map fields, freshness and MAP_SHARED stress evidence; no cryptographic integrity claim."
CHK-091,Phase 4 — Signal Bus,Measure signal update frequency and latency,ACTION_REQUIRED,ACTION_REQUIRED_TRACE_OR_INJECTOR,NOT_READY,20260903-014334-redshadow-no-block-checklist,artifacts/real-world/20260903-010534-redshadow-updated-checklist/signal,Provide direct latency/cache observability or a safe injector.,Action register: EXCLUDED_SCOPE.csv; see BLOCKER_DIAGNOSIS.md for the removal path.
CHK-092,Phase 4 — Signal Bus,Verify publication/replacement/expiry,PASS,EVIDENCE_COLLECTED,KERNEL_PROTOTYPED,20260903-010534-redshadow-updated-checklist,artifacts/real-world/20260903-010534-redshadow-updated-checklist/signal,,"Local-trust signal map fields, freshness and MAP_SHARED stress evidence; no cryptographic integrity claim."
CHK-093,Phase 4 — Signal Bus,Check lost/duplicate/inconsistent updates,PASS,EVIDENCE_COLLECTED,KERNEL_PROTOTYPED,20260903-010534-redshadow-updated-checklist,artifacts/real-world/20260903-010534-redshadow-updated-checklist/signal,,"Local-trust signal map fields, freshness and MAP_SHARED stress evidence; no cryptographic integrity claim."
CHK-094,Phase 4 — Signal Bus,Verify read-only shared-memory access,PASS,EVIDENCE_COLLECTED,KERNEL_PROTOTYPED,20260903-010534-redshadow-updated-checklist,artifacts/real-world/20260903-010534-redshadow-updated-checklist/signal,,"Local-trust signal map fields, freshness and MAP_SHARED stress evidence; no cryptographic integrity claim."
CHK-095,Phase 4 — Signal Bus,Verify unauthorized write fails,ACTION_REQUIRED,ACTION_REQUIRED_TRACE_OR_INJECTOR,NOT_READY,20260903-014334-redshadow-no-block-checklist,artifacts/real-world/20260903-010534-redshadow-updated-checklist/signal,Provide direct latency/cache observability or a safe injector.,Action register: EXCLUDED_SCOPE.csv; see BLOCKER_DIAGNOSIS.md for the removal path.
CHK-096,Phase 4 — Signal Bus,Test concurrent readers,PASS,EVIDENCE_COLLECTED,KERNEL_PROTOTYPED,20260903-010534-redshadow-updated-checklist,artifacts/real-world/20260903-010534-redshadow-updated-checklist/signal,,"Local-trust signal map fields, freshness and MAP_SHARED stress evidence; no cryptographic integrity claim."
CHK-097,Phase 4 — Signal Bus,Test multi-CPU reads,ACTION_REQUIRED,ACTION_REQUIRED_SCOPE_RUN,NOT_READY,20260903-014334-redshadow-no-block-checklist,artifacts/real-world/20260903-010534-redshadow-updated-checklist,Add a safe existing procedure or explicitly remove the item from the release scope.,Action register: EXCLUDED_SCOPE.csv; see BLOCKER_DIAGNOSIS.md for the removal path.
CHK-098,Phase 4 — Signal Bus,Check corruption/cache contention,ACTION_REQUIRED,ACTION_REQUIRED_TRACE_OR_INJECTOR,NOT_READY,20260903-014334-redshadow-no-block-checklist,artifacts/real-world/20260903-010534-redshadow-updated-checklist/signal,Provide direct latency/cache observability or a safe injector.,Action register: EXCLUDED_SCOPE.csv; see BLOCKER_DIAGNOSIS.md for the removal path.
CHK-099,Phase 4 — Signal Bus,Test mapping/unmapping and cleanup,PASS,EVIDENCE_COLLECTED,KERNEL_PROTOTYPED,20260903-010534-redshadow-updated-checklist,artifacts/real-world/20260903-010534-redshadow-updated-checklist/signal,,"Local-trust signal map fields, freshness and MAP_SHARED stress evidence; no cryptographic integrity claim."
CHK-100,Phase 4 — Signal Bus,"Test multi-core signal consistency, sequence numbers, timestamps and synchronization latency",ACTION_REQUIRED,ACTION_REQUIRED_TRACE_OR_INJECTOR,NOT_READY,20260903-014334-redshadow-no-block-checklist,artifacts/real-world/20260903-010534-redshadow-updated-checklist/signal,Provide direct latency/cache observability or a safe injector.,Action register: EXCLUDED_SCOPE.csv; see BLOCKER_DIAGNOSIS.md for the removal path.
CHK-101,Phase 5 — Signal Integrity & Fault Injection,Valid signal accepted,PASS,EVIDENCE_COLLECTED,KERNEL_PROTOTYPED,20260903-010534-redshadow-updated-checklist,artifacts/real-world/20260903-010534-redshadow-updated-checklist/security,,CLI sequence/freshness/replay probes and clean lifecycle evidence.
CHK-102,Phase 5 — Signal Integrity & Fault Injection,Modified signal rejected,ACTION_REQUIRED,ACTION_REQUIRED_CRYPTO_INTEGRITY,NOT_READY,20260903-014334-redshadow-no-block-checklist,artifacts/real-world/20260903-010534-redshadow-updated-checklist/security,Implement kernel signal authentication or restrict the check to local validation.,Action register: EXCLUDED_SCOPE.csv; see BLOCKER_DIAGNOSIS.md for the removal path.
CHK-103,Phase 5 — Signal Integrity & Fault Injection,Invalid authentication rejected,ACTION_REQUIRED,ACTION_REQUIRED_CRYPTO_INTEGRITY,NOT_READY,20260903-014334-redshadow-no-block-checklist,artifacts/real-world/20260903-010534-redshadow-updated-checklist/security,Implement kernel signal authentication or restrict the check to local validation.,Action register: EXCLUDED_SCOPE.csv; see BLOCKER_DIAGNOSIS.md for the removal path.
CHK-104,Phase 5 — Signal Integrity & Fault Injection,Wrong key rejected,ACTION_REQUIRED,ACTION_REQUIRED_CRYPTO_INTEGRITY,NOT_READY,20260903-014334-redshadow-no-block-checklist,artifacts/real-world/20260903-010534-redshadow-updated-checklist/security,Implement kernel signal authentication or restrict the check to local validation.,Action register: EXCLUDED_SCOPE.csv; see BLOCKER_DIAGNOSIS.md for the removal path.
CHK-105,Phase 5 — Signal Integrity & Fault Injection,Corrupt frame rejected,ACTION_REQUIRED,ACTION_REQUIRED_CRYPTO_INTEGRITY,NOT_READY,20260903-014334-redshadow-no-block-checklist,artifacts/real-world/20260903-010534-redshadow-updated-checklist/security,Implement kernel signal authentication or restrict the check to local validation.,Action register: EXCLUDED_SCOPE.csv; see BLOCKER_DIAGNOSIS.md for the removal path.
CHK-106,Phase 5 — Signal Integrity & Fault Injection,Incomplete frame rejected,ACTION_REQUIRED,ACTION_REQUIRED_CRYPTO_INTEGRITY,NOT_READY,20260903-014334-redshadow-no-block-checklist,artifacts/real-world/20260903-010534-redshadow-updated-checklist/security,Implement kernel signal authentication or restrict the check to local validation.,Action register: EXCLUDED_SCOPE.csv; see BLOCKER_DIAGNOSIS.md for the removal path.
CHK-107,Phase 5 — Signal Integrity & Fault Injection,Duplicate frame handled,PASS,EVIDENCE_COLLECTED,KERNEL_PROTOTYPED,20260903-010534-redshadow-updated-checklist,artifacts/real-world/20260903-010534-redshadow-updated-checklist/security,,CLI sequence/freshness/replay probes and clean lifecycle evidence.
CHK-108,Phase 5 — Signal Integrity & Fault Injection,Old/stale frame rejected,PASS,EVIDENCE_COLLECTED,KERNEL_PROTOTYPED,20260903-010534-redshadow-updated-checklist,artifacts/real-world/20260903-010534-redshadow-updated-checklist/security,,CLI sequence/freshness/replay probes and clean lifecycle evidence.
CHK-109,Phase 5 — Signal Integrity & Fault Injection,Out-of-order frame handled,INCONCLUSIVE,INCONCLUSIVE_NO_DIRECT_OUT_OF_ORDER_CASE,INCONCLUSIVE,20260903-010534-redshadow-updated-checklist,artifacts/real-world/20260903-010534-redshadow-updated-checklist/security,,Only duplicate/non-increasing sequence was directly exercised.
CHK-110,Phase 5 — Signal Integrity & Fault Injection,Invalid sequence rejected,PASS,EVIDENCE_COLLECTED,KERNEL_PROTOTYPED,20260903-010534-redshadow-updated-checklist,artifacts/real-world/20260903-010534-redshadow-updated-checklist/security,,CLI sequence/freshness/replay probes and clean lifecycle evidence.
CHK-111,Phase 5 — Signal Integrity & Fault Injection,Stop signal producer,ACTION_REQUIRED,ACTION_REQUIRED_FAULT_INJECTOR,NOT_READY,20260903-014334-redshadow-no-block-checklist,artifacts/real-world/20260903-010534-redshadow-updated-checklist/security,Provide an approved producer/consumer fault injector.,Action register: EXCLUDED_SCOPE.csv; see BLOCKER_DIAGNOSIS.md for the removal path.
CHK-112,Phase 5 — Signal Integrity & Fault Injection,Stop signal consumer,ACTION_REQUIRED,ACTION_REQUIRED_FAULT_INJECTOR,NOT_READY,20260903-014334-redshadow-no-block-checklist,artifacts/real-world/20260903-010534-redshadow-updated-checklist/security,Provide an approved producer/consumer fault injector.,Action register: EXCLUDED_SCOPE.csv; see BLOCKER_DIAGNOSIS.md for the removal path.
CHK-113,Phase 5 — Signal Integrity & Fault Injection,Delay signal,ACTION_REQUIRED,ACTION_REQUIRED_FAULT_INJECTOR,NOT_READY,20260903-014334-redshadow-no-block-checklist,artifacts/real-world/20260903-010534-redshadow-updated-checklist/security,Provide an approved producer/consumer fault injector.,Action register: EXCLUDED_SCOPE.csv; see BLOCKER_DIAGNOSIS.md for the removal path.
CHK-114,Phase 5 — Signal Integrity & Fault Injection,Interrupt publication,ACTION_REQUIRED,ACTION_REQUIRED_FAULT_INJECTOR,NOT_READY,20260903-014334-redshadow-no-block-checklist,artifacts/real-world/20260903-010534-redshadow-updated-checklist/security,Provide an approved producer/consumer fault injector.,Action register: EXCLUDED_SCOPE.csv; see BLOCKER_DIAGNOSIS.md for the removal path.
CHK-115,Phase 5 — Signal Integrity & Fault Injection,Temporarily remove signal availability,ACTION_REQUIRED,ACTION_REQUIRED_FAULT_INJECTOR,NOT_READY,20260903-014334-redshadow-no-block-checklist,artifacts/real-world/20260903-010534-redshadow-updated-checklist/security,Provide an approved producer/consumer fault injector.,Action register: EXCLUDED_SCOPE.csv; see BLOCKER_DIAGNOSIS.md for the removal path.
CHK-116,Phase 5 — Signal Integrity & Fault Injection,Restart/recover Signal Bus,INCONCLUSIVE,INCONCLUSIVE_NO_RESTART_EVENT,INCONCLUSIVE,20260903-010534-redshadow-updated-checklist,artifacts/real-world/20260903-010534-redshadow-updated-checklist/recovery,,"Lifecycle recovery was tested for policy/scheduler, not a producer restart event."
CHK-117,Phase 5 — Signal Integrity & Fault Injection,Verify safe scheduler fallback,PASS,EVIDENCE_COLLECTED,KERNEL_PROTOTYPED,20260903-010534-redshadow-updated-checklist,artifacts/real-world/20260903-010534-redshadow-updated-checklist/security,,CLI sequence/freshness/replay probes and clean lifecycle evidence.
CHK-118,Phase 5 — Signal Integrity & Fault Injection,Verify recovery after valid signals resume,PASS,EVIDENCE_COLLECTED,KERNEL_PROTOTYPED,20260903-010534-redshadow-updated-checklist,artifacts/real-world/20260903-010534-redshadow-updated-checklist/security,,CLI sequence/freshness/replay probes and clean lifecycle evidence.
CHK-119,Phase 6 — Predictive Scheduling Engine,Verify predictor initialization,ACTION_REQUIRED,ACTION_REQUIRED_PREDICTOR_OUTPUT,NOT_READY,20260903-014334-redshadow-no-block-checklist,artifacts/real-world/20260903-010534-redshadow-updated-checklist/prediction,Expose predictor output/timestamp/error/confidence or restrict the item to external prediction transport.,Action register: EXCLUDED_SCOPE.csv; see BLOCKER_DIAGNOSIS.md for the removal path.
CHK-120,Phase 6 — Predictive Scheduling Engine,Verify historical samples,ACTION_REQUIRED,ACTION_REQUIRED_PREDICTOR_OUTPUT,NOT_READY,20260903-014334-redshadow-no-block-checklist,artifacts/real-world/20260903-010534-redshadow-updated-checklist/prediction,Expose predictor output/timestamp/error/confidence or restrict the item to external prediction transport.,Action register: EXCLUDED_SCOPE.csv; see BLOCKER_DIAGNOSIS.md for the removal path.
CHK-121,Phase 6 — Predictive Scheduling Engine,Generate prediction,ACTION_REQUIRED,ACTION_REQUIRED_PREDICTOR_OUTPUT,NOT_READY,20260903-014334-redshadow-no-block-checklist,artifacts/real-world/20260903-010534-redshadow-updated-checklist/prediction,Expose predictor output/timestamp/error/confidence or restrict the item to external prediction transport.,Action register: EXCLUDED_SCOPE.csv; see BLOCKER_DIAGNOSIS.md for the removal path.
CHK-122,Phase 6 — Predictive Scheduling Engine,Verify prediction timestamp/horizon,ACTION_REQUIRED,ACTION_REQUIRED_PREDICTOR_OUTPUT,NOT_READY,20260903-014334-redshadow-no-block-checklist,artifacts/real-world/20260903-010534-redshadow-updated-checklist/prediction,Expose predictor output/timestamp/error/confidence or restrict the item to external prediction transport.,Action register: EXCLUDED_SCOPE.csv; see BLOCKER_DIAGNOSIS.md for the removal path.
CHK-123,Phase 6 — Predictive Scheduling Engine,Verify scheduler consumes prediction,ACTION_REQUIRED,ACTION_REQUIRED_PREDICTOR_OUTPUT,NOT_READY,20260903-014334-redshadow-no-block-checklist,artifacts/real-world/20260903-010534-redshadow-updated-checklist/prediction,Expose predictor output/timestamp/error/confidence or restrict the item to external prediction transport.,Action register: EXCLUDED_SCOPE.csv; see BLOCKER_DIAGNOSIS.md for the removal path.
CHK-124,Phase 6 — Predictive Scheduling Engine,Verify prediction expiry/replacement,ACTION_REQUIRED,ACTION_REQUIRED_PREDICTOR_OUTPUT,NOT_READY,20260903-014334-redshadow-no-block-checklist,artifacts/real-world/20260903-010534-redshadow-updated-checklist/prediction,Expose predictor output/timestamp/error/confidence or restrict the item to external prediction transport.,Action register: EXCLUDED_SCOPE.csv; see BLOCKER_DIAGNOSIS.md for the removal path.
CHK-125,Phase 6 — Predictive Scheduling Engine,Test stable CPU load,ACTION_REQUIRED,ACTION_REQUIRED_PREDICTOR_OUTPUT,NOT_READY,20260903-014334-redshadow-no-block-checklist,artifacts/real-world/20260903-010534-redshadow-updated-checklist/prediction,Expose predictor output/timestamp/error/confidence or restrict the item to external prediction transport.,Action register: EXCLUDED_SCOPE.csv; see BLOCKER_DIAGNOSIS.md for the removal path.
CHK-126,Phase 6 — Predictive Scheduling Engine,Increasing load,ACTION_REQUIRED,ACTION_REQUIRED_PREDICTOR_OUTPUT,NOT_READY,20260903-014334-redshadow-no-block-checklist,artifacts/real-world/20260903-010534-redshadow-updated-checklist/prediction,Expose predictor output/timestamp/error/confidence or restrict the item to external prediction transport.,Action register: EXCLUDED_SCOPE.csv; see BLOCKER_DIAGNOSIS.md for the removal path.
CHK-127,Phase 6 — Predictive Scheduling Engine,Decreasing load,ACTION_REQUIRED,ACTION_REQUIRED_PREDICTOR_OUTPUT,NOT_READY,20260903-014334-redshadow-no-block-checklist,artifacts/real-world/20260903-010534-redshadow-updated-checklist/prediction,Expose predictor output/timestamp/error/confidence or restrict the item to external prediction transport.,Action register: EXCLUDED_SCOPE.csv; see BLOCKER_DIAGNOSIS.md for the removal path.
CHK-128,Phase 6 — Predictive Scheduling Engine,Periodic load,ACTION_REQUIRED,ACTION_REQUIRED_PREDICTOR_OUTPUT,NOT_READY,20260903-014334-redshadow-no-block-checklist,artifacts/real-world/20260903-010534-redshadow-updated-checklist/prediction,Expose predictor output/timestamp/error/confidence or restrict the item to external prediction transport.,Action register: EXCLUDED_SCOPE.csv; see BLOCKER_DIAGNOSIS.md for the removal path.
CHK-129,Phase 6 — Predictive Scheduling Engine,Sudden CPU spike/drop,ACTION_REQUIRED,ACTION_REQUIRED_PREDICTOR_OUTPUT,NOT_READY,20260903-014334-redshadow-no-block-checklist,artifacts/real-world/20260903-010534-redshadow-updated-checklist/prediction,Expose predictor output/timestamp/error/confidence or restrict the item to external prediction transport.,Action register: EXCLUDED_SCOPE.csv; see BLOCKER_DIAGNOSIS.md for the removal path.
CHK-130,Phase 6 — Predictive Scheduling Engine,Memory pressure,ACTION_REQUIRED,ACTION_REQUIRED_PREDICTOR_OUTPUT,NOT_READY,20260903-014334-redshadow-no-block-checklist,artifacts/real-world/20260903-010534-redshadow-updated-checklist/prediction,Expose predictor output/timestamp/error/confidence or restrict the item to external prediction transport.,Action register: EXCLUDED_SCOPE.csv; see BLOCKER_DIAGNOSIS.md for the removal path.
CHK-131,Phase 6 — Predictive Scheduling Engine,I/O burst,ACTION_REQUIRED,ACTION_REQUIRED_PREDICTOR_OUTPUT,NOT_READY,20260903-014334-redshadow-no-block-checklist,artifacts/real-world/20260903-010534-redshadow-updated-checklist/prediction,Expose predictor output/timestamp/error/confidence or restrict the item to external prediction transport.,Action register: EXCLUDED_SCOPE.csv; see BLOCKER_DIAGNOSIS.md for the removal path.
CHK-132,Phase 6 — Predictive Scheduling Engine,Network burst,ACTION_REQUIRED,ACTION_REQUIRED_PREDICTOR_OUTPUT,NOT_READY,20260903-014334-redshadow-no-block-checklist,artifacts/real-world/20260903-010534-redshadow-updated-checklist/prediction,Expose predictor output/timestamp/error/confidence or restrict the item to external prediction transport.,Action register: EXCLUDED_SCOPE.csv; see BLOCKER_DIAGNOSIS.md for the removal path.
CHK-133,Phase 6 — Predictive Scheduling Engine,Mixed workload,ACTION_REQUIRED,ACTION_REQUIRED_PREDICTOR_OUTPUT,NOT_READY,20260903-014334-redshadow-no-block-checklist,artifacts/real-world/20260903-010534-redshadow-updated-checklist/prediction,Expose predictor output/timestamp/error/confidence or restrict the item to external prediction transport.,Action register: EXCLUDED_SCOPE.csv; see BLOCKER_DIAGNOSIS.md for the removal path.
CHK-134,Phase 6 — Predictive Scheduling Engine,Record MAE,ACTION_REQUIRED,ACTION_REQUIRED_PREDICTOR_OUTPUT,NOT_READY,20260903-014334-redshadow-no-block-checklist,artifacts/real-world/20260903-010534-redshadow-updated-checklist/prediction,Expose predictor output/timestamp/error/confidence or restrict the item to external prediction transport.,Action register: EXCLUDED_SCOPE.csv; see BLOCKER_DIAGNOSIS.md for the removal path.
CHK-135,Phase 6 — Predictive Scheduling Engine,Record MSE/RMSE,ACTION_REQUIRED,ACTION_REQUIRED_PREDICTOR_OUTPUT,NOT_READY,20260903-014334-redshadow-no-block-checklist,artifacts/real-world/20260903-010534-redshadow-updated-checklist/prediction,Expose predictor output/timestamp/error/confidence or restrict the item to external prediction transport.,Action register: EXCLUDED_SCOPE.csv; see BLOCKER_DIAGNOSIS.md for the removal path.
CHK-136,Phase 6 — Predictive Scheduling Engine,Record forecast bias,ACTION_REQUIRED,ACTION_REQUIRED_PREDICTOR_OUTPUT,NOT_READY,20260903-014334-redshadow-no-block-checklist,artifacts/real-world/20260903-010534-redshadow-updated-checklist/prediction,Expose predictor output/timestamp/error/confidence or restrict the item to external prediction transport.,Action register: EXCLUDED_SCOPE.csv; see BLOCKER_DIAGNOSIS.md for the removal path.
CHK-137,Phase 6 — Predictive Scheduling Engine,Record prediction latency,ACTION_REQUIRED,ACTION_REQUIRED_PREDICTOR_OUTPUT,NOT_READY,20260903-014334-redshadow-no-block-checklist,artifacts/real-world/20260903-010534-redshadow-updated-checklist/prediction,Expose predictor output/timestamp/error/confidence or restrict the item to external prediction transport.,Action register: EXCLUDED_SCOPE.csv; see BLOCKER_DIAGNOSIS.md for the removal path.
CHK-138,Phase 6 — Predictive Scheduling Engine,Record confidence,ACTION_REQUIRED,ACTION_REQUIRED_PREDICTOR_OUTPUT,NOT_READY,20260903-014334-redshadow-no-block-checklist,artifacts/real-world/20260903-010534-redshadow-updated-checklist/prediction,Expose predictor output/timestamp/error/confidence or restrict the item to external prediction transport.,Action register: EXCLUDED_SCOPE.csv; see BLOCKER_DIAGNOSIS.md for the removal path.
CHK-139,Phase 6 — Predictive Scheduling Engine,Record prediction error distribution,ACTION_REQUIRED,ACTION_REQUIRED_PREDICTOR_OUTPUT,NOT_READY,20260903-014334-redshadow-no-block-checklist,artifacts/real-world/20260903-010534-redshadow-updated-checklist/prediction,Expose predictor output/timestamp/error/confidence or restrict the item to external prediction transport.,Action register: EXCLUDED_SCOPE.csv; see BLOCKER_DIAGNOSIS.md for the removal path.
CHK-140,Phase 6 — Predictive Scheduling Engine,Test high-confidence prediction,ACTION_REQUIRED,ACTION_REQUIRED_PREDICTOR_OUTPUT,NOT_READY,20260903-014334-redshadow-no-block-checklist,artifacts/real-world/20260903-010534-redshadow-updated-checklist/prediction,Expose predictor output/timestamp/error/confidence or restrict the item to external prediction transport.,Action register: EXCLUDED_SCOPE.csv; see BLOCKER_DIAGNOSIS.md for the removal path.
CHK-141,Phase 6 — Predictive Scheduling Engine,Test low-confidence prediction,ACTION_REQUIRED,ACTION_REQUIRED_PREDICTOR_OUTPUT,NOT_READY,20260903-014334-redshadow-no-block-checklist,artifacts/real-world/20260903-010534-redshadow-updated-checklist/prediction,Expose predictor output/timestamp/error/confidence or restrict the item to external prediction transport.,Action register: EXCLUDED_SCOPE.csv; see BLOCKER_DIAGNOSIS.md for the removal path.
CHK-142,Phase 6 — Predictive Scheduling Engine,Verify observed-state fallback,PASS,EVIDENCE_COLLECTED,USERSPACE_VALIDATED,20260903-010534-redshadow-updated-checklist,artifacts/real-world/20260903-010534-redshadow-updated-checklist/prediction,,Observed-state fallback was present in bounded tests; this does not validate a predictor.
CHK-143,Phase 6 — Predictive Scheduling Engine,Verify predictor failure does not crash scheduler,ACTION_REQUIRED,ACTION_REQUIRED_PREDICTOR_OUTPUT,NOT_READY,20260903-014334-redshadow-no-block-checklist,artifacts/real-world/20260903-010534-redshadow-updated-checklist/prediction,Expose predictor output/timestamp/error/confidence or restrict the item to external prediction transport.,Action register: EXCLUDED_SCOPE.csv; see BLOCKER_DIAGNOSIS.md for the removal path.
CHK-144,Phase 6 — Predictive Scheduling Engine,Verify recovery,ACTION_REQUIRED,ACTION_REQUIRED_PREDICTOR_OUTPUT,NOT_READY,20260903-014334-redshadow-no-block-checklist,artifacts/real-world/20260903-010534-redshadow-updated-checklist/prediction,Expose predictor output/timestamp/error/confidence or restrict the item to external prediction transport.,Action register: EXCLUDED_SCOPE.csv; see BLOCKER_DIAGNOSIS.md for the removal path.
CHK-145,Phase 7 — Adaptive Response Function,"Verify state construction from CPU, memory, thermal, queue and predicted state",PASS,EVIDENCE_COLLECTED,KERNEL_PROTOTYPED,20260903-010534-redshadow-updated-checklist,artifacts/real-world/20260903-010534-redshadow-updated-checklist/controller,,Policy/status and five action probes are bounded runtime evidence.
CHK-146,Phase 7 — Adaptive Response Function,Test RUN decision,PASS,EVIDENCE_COLLECTED,KERNEL_PROTOTYPED,20260903-010534-redshadow-updated-checklist,artifacts/real-world/20260903-010534-redshadow-updated-checklist/controller,,Policy/status and five action probes are bounded runtime evidence.
CHK-147,Phase 7 — Adaptive Response Function,Test SLEEP decision,ACTION_REQUIRED,ACTION_REQUIRED_HERD_WORKLOAD,NOT_READY,20260903-014334-redshadow-no-block-checklist,artifacts/real-world/20260903-010534-redshadow-updated-checklist/coordination,Provide an approved synchronized-population workload.,Action register: EXCLUDED_SCOPE.csv; see BLOCKER_DIAGNOSIS.md for the removal path.
CHK-148,Phase 7 — Adaptive Response Function,Test MIGRATE decision,PASS,EVIDENCE_COLLECTED,KERNEL_PROTOTYPED,20260903-010534-redshadow-updated-checklist,artifacts/real-world/20260903-010534-redshadow-updated-checklist/controller,,Policy/status and five action probes are bounded runtime evidence.
CHK-149,Phase 7 — Adaptive Response Function,Test THROTTLE decision,PASS,EVIDENCE_COLLECTED,KERNEL_PROTOTYPED,20260903-010534-redshadow-updated-checklist,artifacts/real-world/20260903-010534-redshadow-updated-checklist/controller,,Policy/status and five action probes are bounded runtime evidence.
CHK-150,Phase 7 — Adaptive Response Function,Test YIELD decision,PASS,EVIDENCE_COLLECTED,KERNEL_PROTOTYPED,20260903-010534-redshadow-updated-checklist,artifacts/real-world/20260903-010534-redshadow-updated-checklist/controller,,Policy/status and five action probes are bounded runtime evidence.
CHK-151,Phase 7 — Adaptive Response Function,Test invalid/missing state handling,INCONCLUSIVE,INCONCLUSIVE_NO_DIRECT_STATE_FAULT,INCONCLUSIVE,20260903-010534-redshadow-updated-checklist,artifacts/real-world/20260903-010534-redshadow-updated-checklist/controller,,No safe malformed-state injector was available.
CHK-152,Phase 7 — Adaptive Response Function,Verify policy initialization/update,PASS,EVIDENCE_COLLECTED,KERNEL_PROTOTYPED,20260903-010534-redshadow-updated-checklist,artifacts/real-world/20260903-010534-redshadow-updated-checklist/controller,,Policy/status and five action probes are bounded runtime evidence.
CHK-153,Phase 7 — Adaptive Response Function,Verify reward generation,INCONCLUSIVE,INCONCLUSIVE_INSUFFICIENT_ADAPTATION_TELEMETRY,INCONCLUSIVE,20260903-010534-redshadow-updated-checklist,artifacts/real-world/20260903-010534-redshadow-updated-checklist/controller,,Policy bank lifecycle is observable; reward/adaptation convergence is not.
CHK-154,Phase 7 — Adaptive Response Function,Check policy stability,INCONCLUSIVE,INCONCLUSIVE_INSUFFICIENT_ADAPTATION_TELEMETRY,INCONCLUSIVE,20260903-010534-redshadow-updated-checklist,artifacts/real-world/20260903-010534-redshadow-updated-checklist/controller,,Policy bank lifecycle is observable; reward/adaptation convergence is not.
CHK-155,Phase 7 — Adaptive Response Function,Bound exploration,PASS,EVIDENCE_COLLECTED,KERNEL_PROTOTYPED,20260903-010534-redshadow-updated-checklist,artifacts/real-world/20260903-010534-redshadow-updated-checklist/controller,,Policy/status and five action probes are bounded runtime evidence.
CHK-156,Phase 7 — Adaptive Response Function,Record adaptation frequency,INCONCLUSIVE,INCONCLUSIVE_INSUFFICIENT_ADAPTATION_TELEMETRY,INCONCLUSIVE,20260903-010534-redshadow-updated-checklist,artifacts/real-world/20260903-010534-redshadow-updated-checklist/controller,,Policy bank lifecycle is observable; reward/adaptation convergence is not.
CHK-157,Phase 7 — Adaptive Response Function,Test policy reset/suspension/recovery,PASS,EVIDENCE_COLLECTED,KERNEL_PROTOTYPED,20260903-010534-redshadow-updated-checklist,artifacts/real-world/20260903-010534-redshadow-updated-checklist/controller,,Policy/status and five action probes are bounded runtime evidence.
CHK-158,Phase 7 — Adaptive Response Function,Test synchronized migrations,ACTION_REQUIRED,ACTION_REQUIRED_HERD_WORKLOAD,NOT_READY,20260903-014334-redshadow-no-block-checklist,artifacts/real-world/20260903-010534-redshadow-updated-checklist/coordination,Provide an approved synchronized-population workload.,Action register: EXCLUDED_SCOPE.csv; see BLOCKER_DIAGNOSIS.md for the removal path.
CHK-159,Phase 7 — Adaptive Response Function,wake-ups,ACTION_REQUIRED,ACTION_REQUIRED_HERD_WORKLOAD,NOT_READY,20260903-014334-redshadow-no-block-checklist,artifacts/real-world/20260903-010534-redshadow-updated-checklist/coordination,Provide an approved synchronized-population workload.,Action register: EXCLUDED_SCOPE.csv; see BLOCKER_DIAGNOSIS.md for the removal path.
CHK-160,Phase 7 — Adaptive Response Function,sleep,ACTION_REQUIRED,ACTION_REQUIRED_HERD_WORKLOAD,NOT_READY,20260903-014334-redshadow-no-block-checklist,artifacts/real-world/20260903-010534-redshadow-updated-checklist/coordination,Provide an approved synchronized-population workload.,Action register: EXCLUDED_SCOPE.csv; see BLOCKER_DIAGNOSIS.md for the removal path.
CHK-161,Phase 7 — Adaptive Response Function,throttling,ACTION_REQUIRED,ACTION_REQUIRED_HERD_WORKLOAD,NOT_READY,20260903-014334-redshadow-no-block-checklist,artifacts/real-world/20260903-010534-redshadow-updated-checklist/coordination,Provide an approved synchronized-population workload.,Action register: EXCLUDED_SCOPE.csv; see BLOCKER_DIAGNOSIS.md for the removal path.
CHK-162,Phase 7 — Adaptive Response Function,collective oscillation,ACTION_REQUIRED,ACTION_REQUIRED_HERD_WORKLOAD,NOT_READY,20260903-014334-redshadow-no-block-checklist,artifacts/real-world/20260903-010534-redshadow-updated-checklist/coordination,Provide an approved synchronized-population workload.,Action register: EXCLUDED_SCOPE.csv; see BLOCKER_DIAGNOSIS.md for the removal path.
CHK-163,Phase 7 — Adaptive Response Function,mass switching,ACTION_REQUIRED,ACTION_REQUIRED_HERD_WORKLOAD,NOT_READY,20260903-014334-redshadow-no-block-checklist,artifacts/real-world/20260903-010534-redshadow-updated-checklist/coordination,Provide an approved synchronized-population workload.,Action register: EXCLUDED_SCOPE.csv; see BLOCKER_DIAGNOSIS.md for the removal path.
CHK-164,Phase 7 — Adaptive Response Function,CPU hot-spot formation,ACTION_REQUIRED,ACTION_REQUIRED_HERD_WORKLOAD,NOT_READY,20260903-014334-redshadow-no-block-checklist,artifacts/real-world/20260903-010534-redshadow-updated-checklist/coordination,Provide an approved synchronized-population workload.,Action register: EXCLUDED_SCOPE.csv; see BLOCKER_DIAGNOSIS.md for the removal path.
CHK-165,Phase 7 — Adaptive Response Function,load oscillation,ACTION_REQUIRED,ACTION_REQUIRED_HERD_WORKLOAD,NOT_READY,20260903-014334-redshadow-no-block-checklist,artifacts/real-world/20260903-010534-redshadow-updated-checklist/coordination,Provide an approved synchronized-population workload.,Action register: EXCLUDED_SCOPE.csv; see BLOCKER_DIAGNOSIS.md for the removal path.
CHK-166,Phase 8 — Coordination Index (S1/S2/S3/S4/Q),S1: measure signal freshness,PASS,EVIDENCE_COLLECTED,KERNEL_PROTOTYPED,20260903-010534-redshadow-updated-checklist,artifacts/real-world/20260903-010534-redshadow-updated-checklist/coordination,,Bounded fields/calculation evidence; Q is not a broad population validation.
CHK-167,Phase 8 — Coordination Index (S1/S2/S3/S4/Q),S1: measure forecast accuracy,INCONCLUSIVE,INCONCLUSIVE_POPULATION_OR_PREDICTOR_TELEMETRY_MISSING,INCONCLUSIVE,20260903-010534-redshadow-updated-checklist,artifacts/real-world/20260903-010534-redshadow-updated-checklist/coordination,,No valid predictor/population/herd dataset was collected.
CHK-168,Phase 8 — Coordination Index (S1/S2/S3/S4/Q),S1: measure signal age/prediction divergence,INCONCLUSIVE,INCONCLUSIVE_POPULATION_OR_PREDICTOR_TELEMETRY_MISSING,INCONCLUSIVE,20260903-010534-redshadow-updated-checklist,artifacts/real-world/20260903-010534-redshadow-updated-checklist/coordination,,No valid predictor/population/herd dataset was collected.
CHK-169,Phase 8 — Coordination Index (S1/S2/S3/S4/Q),S2: verify eligible/exempt counts,PASS,EVIDENCE_COLLECTED,KERNEL_PROTOTYPED,20260903-010534-redshadow-updated-checklist,artifacts/real-world/20260903-010534-redshadow-updated-checklist/coordination,,Bounded fields/calculation evidence; Q is not a broad population validation.
CHK-170,Phase 8 — Coordination Index (S1/S2/S3/S4/Q),S2: count compliant/non-compliant actions,PASS,EVIDENCE_COLLECTED,KERNEL_PROTOTYPED,20260903-010534-redshadow-updated-checklist,artifacts/real-world/20260903-010534-redshadow-updated-checklist/coordination,,Bounded fields/calculation evidence; Q is not a broad population validation.
CHK-171,Phase 8 — Coordination Index (S1/S2/S3/S4/Q),S2: verify calculation,PASS,EVIDENCE_COLLECTED,KERNEL_PROTOTYPED,20260903-010534-redshadow-updated-checklist,artifacts/real-world/20260903-010534-redshadow-updated-checklist/coordination,,Bounded fields/calculation evidence; Q is not a broad population validation.
CHK-172,Phase 8 — Coordination Index (S1/S2/S3/S4/Q),S3: capture action distribution,PASS,EVIDENCE_COLLECTED,KERNEL_PROTOTYPED,20260903-010534-redshadow-updated-checklist,artifacts/real-world/20260903-010534-redshadow-updated-checklist/coordination,,Bounded fields/calculation evidence; Q is not a broad population validation.
CHK-173,Phase 8 — Coordination Index (S1/S2/S3/S4/Q),S3: measure action consistency,PASS,EVIDENCE_COLLECTED,KERNEL_PROTOTYPED,20260903-010534-redshadow-updated-checklist,artifacts/real-world/20260903-010534-redshadow-updated-checklist/coordination,,Bounded fields/calculation evidence; Q is not a broad population validation.
CHK-174,Phase 8 — Coordination Index (S1/S2/S3/S4/Q),S3: detect divergent behavior,INCONCLUSIVE,INCONCLUSIVE_POPULATION_OR_PREDICTOR_TELEMETRY_MISSING,INCONCLUSIVE,20260903-010534-redshadow-updated-checklist,artifacts/real-world/20260903-010534-redshadow-updated-checklist/coordination,,No valid predictor/population/herd dataset was collected.
CHK-175,Phase 8 — Coordination Index (S1/S2/S3/S4/Q),S3: calculate population coherence,INCONCLUSIVE,INCONCLUSIVE_POPULATION_OR_PREDICTOR_TELEMETRY_MISSING,INCONCLUSIVE,20260903-010534-redshadow-updated-checklist,artifacts/real-world/20260903-010534-redshadow-updated-checklist/coordination,,No valid predictor/population/herd dataset was collected.
CHK-176,Phase 8 — Coordination Index (S1/S2/S3/S4/Q),S4: record previous/current actions,PASS,EVIDENCE_COLLECTED,KERNEL_PROTOTYPED,20260903-010534-redshadow-updated-checklist,artifacts/real-world/20260903-010534-redshadow-updated-checklist/coordination,,Bounded fields/calculation evidence; Q is not a broad population validation.
CHK-177,Phase 8 — Coordination Index (S1/S2/S3/S4/Q),S4: count transitions,PASS,EVIDENCE_COLLECTED,KERNEL_PROTOTYPED,20260903-010534-redshadow-updated-checklist,artifacts/real-world/20260903-010534-redshadow-updated-checklist/coordination,,Bounded fields/calculation evidence; Q is not a broad population validation.
CHK-178,Phase 8 — Coordination Index (S1/S2/S3/S4/Q),S4: detect mass switching,INCONCLUSIVE,INCONCLUSIVE_POPULATION_OR_PREDICTOR_TELEMETRY_MISSING,INCONCLUSIVE,20260903-010534-redshadow-updated-checklist,artifacts/real-world/20260903-010534-redshadow-updated-checklist/coordination,,No valid predictor/population/herd dataset was collected.
CHK-179,Phase 8 — Coordination Index (S1/S2/S3/S4/Q),S4: detect oscillation,INCONCLUSIVE,INCONCLUSIVE_POPULATION_OR_PREDICTOR_TELEMETRY_MISSING,INCONCLUSIVE,20260903-010534-redshadow-updated-checklist,artifacts/real-world/20260903-010534-redshadow-updated-checklist/coordination,,No valid predictor/population/herd dataset was collected.
CHK-180,Phase 8 — Coordination Index (S1/S2/S3/S4/Q),S4: calculate temporal stability,INCONCLUSIVE,INCONCLUSIVE_POPULATION_OR_PREDICTOR_TELEMETRY_MISSING,INCONCLUSIVE,20260903-010534-redshadow-updated-checklist,artifacts/real-world/20260903-010534-redshadow-updated-checklist/coordination,,No valid predictor/population/herd dataset was collected.
CHK-181,Phase 8 — Coordination Index (S1/S2/S3/S4/Q),Verify composite Q calculation,PASS,EVIDENCE_COLLECTED,KERNEL_PROTOTYPED,20260903-010534-redshadow-updated-checklist,artifacts/real-world/20260903-010534-redshadow-updated-checklist/coordination,,Bounded fields/calculation evidence; Q is not a broad population validation.
CHK-182,Phase 8 — Coordination Index (S1/S2/S3/S4/Q),Verify Q range,PASS,EVIDENCE_COLLECTED,KERNEL_PROTOTYPED,20260903-010534-redshadow-updated-checklist,artifacts/real-world/20260903-010534-redshadow-updated-checklist/coordination,,Bounded fields/calculation evidence; Q is not a broad population validation.
CHK-183,Phase 8 — Coordination Index (S1/S2/S3/S4/Q),Verify Q responds to coordination degradation,INCONCLUSIVE,INCONCLUSIVE_POPULATION_OR_PREDICTOR_TELEMETRY_MISSING,INCONCLUSIVE,20260903-010534-redshadow-updated-checklist,artifacts/real-world/20260903-010534-redshadow-updated-checklist/coordination,,No valid predictor/population/herd dataset was collected.
CHK-184,Phase 8 — Coordination Index (S1/S2/S3/S4/Q),Verify Q improves with coordination,INCONCLUSIVE,INCONCLUSIVE_POPULATION_OR_PREDICTOR_TELEMETRY_MISSING,INCONCLUSIVE,20260903-010534-redshadow-updated-checklist,artifacts/real-world/20260903-010534-redshadow-updated-checklist/coordination,,No valid predictor/population/herd dataset was collected.
CHK-185,Phase 8 — Coordination Index (S1/S2/S3/S4/Q),Verify Q remains meaningful under synchronized behavior,INCONCLUSIVE,INCONCLUSIVE_POPULATION_OR_PREDICTOR_TELEMETRY_MISSING,INCONCLUSIVE,20260903-010534-redshadow-updated-checklist,artifacts/real-world/20260903-010534-redshadow-updated-checklist/coordination,,No valid predictor/population/herd dataset was collected.
CHK-186,Phase 8 — Coordination Index (S1/S2/S3/S4/Q),Verify process/core/system aggregation,INCONCLUSIVE,INCONCLUSIVE_POPULATION_OR_PREDICTOR_TELEMETRY_MISSING,INCONCLUSIVE,20260903-010534-redshadow-updated-checklist,artifacts/real-world/20260903-010534-redshadow-updated-checklist/coordination,,No valid predictor/population/herd dataset was collected.
CHK-187,Phase 9 — Feedback Controller,Verify controller initialization,PASS,EVIDENCE_COLLECTED,KERNEL_PROTOTYPED,20260903-010534-redshadow-updated-checklist,artifacts/real-world/20260903-010534-redshadow-updated-checklist/controller,,Controller/policy status and lifecycle records were captured.
CHK-188,Phase 9 — Feedback Controller,Verify controller reads Q,INCONCLUSIVE,INCONCLUSIVE_NO_CAUSAL_CONTROLLER_RESPONSE,INCONCLUSIVE,20260903-010534-redshadow-updated-checklist,artifacts/real-world/20260903-010534-redshadow-updated-checklist/controller,,No actuator-response/stabilization experiment was completed.
CHK-189,Phase 9 — Feedback Controller,Verify deficient sub-metric identification,INCONCLUSIVE,INCONCLUSIVE_NO_CAUSAL_CONTROLLER_RESPONSE,INCONCLUSIVE,20260903-010534-redshadow-updated-checklist,artifacts/real-world/20260903-010534-redshadow-updated-checklist/controller,,No actuator-response/stabilization experiment was completed.
CHK-190,Phase 9 — Feedback Controller,Verify actuator selection,INCONCLUSIVE,INCONCLUSIVE_NO_CAUSAL_CONTROLLER_RESPONSE,INCONCLUSIVE,20260903-010534-redshadow-updated-checklist,artifacts/real-world/20260903-010534-redshadow-updated-checklist/controller,,No actuator-response/stabilization experiment was completed.
CHK-191,Phase 9 — Feedback Controller,Verify parameter update,INCONCLUSIVE,INCONCLUSIVE_NO_CAUSAL_CONTROLLER_RESPONSE,INCONCLUSIVE,20260903-010534-redshadow-updated-checklist,artifacts/real-world/20260903-010534-redshadow-updated-checklist/controller,,No actuator-response/stabilization experiment was completed.
CHK-192,Phase 9 — Feedback Controller,Verify parameter bounds,PASS,EVIDENCE_COLLECTED,KERNEL_PROTOTYPED,20260903-010534-redshadow-updated-checklist,artifacts/real-world/20260903-010534-redshadow-updated-checklist/controller,,Controller/policy status and lifecycle records were captured.
CHK-193,Phase 9 — Feedback Controller,Check controller oscillation/saturation,INCONCLUSIVE,INCONCLUSIVE_NO_CAUSAL_CONTROLLER_RESPONSE,INCONCLUSIVE,20260903-010534-redshadow-updated-checklist,artifacts/real-world/20260903-010534-redshadow-updated-checklist/controller,,No actuator-response/stabilization experiment was completed.
CHK-194,Phase 9 — Feedback Controller,Measure stabilization,INCONCLUSIVE,INCONCLUSIVE_NO_CAUSAL_CONTROLLER_RESPONSE,INCONCLUSIVE,20260903-010534-redshadow-updated-checklist,artifacts/real-world/20260903-010534-redshadow-updated-checklist/controller,,No actuator-response/stabilization experiment was completed.
CHK-195,Phase 9 — Feedback Controller,Test per-agent perceptual jitter actuator,INCONCLUSIVE,INCONCLUSIVE_NO_CAUSAL_CONTROLLER_RESPONSE,INCONCLUSIVE,20260903-010534-redshadow-updated-checklist,artifacts/real-world/20260903-010534-redshadow-updated-checklist/controller,,No actuator-response/stabilization experiment was completed.
CHK-196,Phase 9 — Feedback Controller,Test switching-penalty actuator,INCONCLUSIVE,INCONCLUSIVE_NO_CAUSAL_CONTROLLER_RESPONSE,INCONCLUSIVE,20260903-010534-redshadow-updated-checklist,artifacts/real-world/20260903-010534-redshadow-updated-checklist/controller,,No actuator-response/stabilization experiment was completed.
CHK-197,Phase 9 — Feedback Controller,Test Q-table consensus mechanism,INCONCLUSIVE,INCONCLUSIVE_NO_CAUSAL_CONTROLLER_RESPONSE,INCONCLUSIVE,20260903-010534-redshadow-updated-checklist,artifacts/real-world/20260903-010534-redshadow-updated-checklist/controller,,No actuator-response/stabilization experiment was completed.
CHK-198,Phase 9 — Feedback Controller,Test prediction-horizon actuator,INCONCLUSIVE,INCONCLUSIVE_NO_CAUSAL_CONTROLLER_RESPONSE,INCONCLUSIVE,20260903-010534-redshadow-updated-checklist,artifacts/real-world/20260903-010534-redshadow-updated-checklist/controller,,No actuator-response/stabilization experiment was completed.
CHK-199,Phase 9 — Feedback Controller,Test signal-update-frequency actuator,INCONCLUSIVE,INCONCLUSIVE_NO_CAUSAL_CONTROLLER_RESPONSE,INCONCLUSIVE,20260903-010534-redshadow-updated-checklist,artifacts/real-world/20260903-010534-redshadow-updated-checklist/controller,,No actuator-response/stabilization experiment was completed.
CHK-200,Phase 9 — Feedback Controller,Test scheduling thresholds,INCONCLUSIVE,INCONCLUSIVE_NO_CAUSAL_CONTROLLER_RESPONSE,INCONCLUSIVE,20260903-010534-redshadow-updated-checklist,artifacts/real-world/20260903-010534-redshadow-updated-checklist/controller,,No actuator-response/stabilization experiment was completed.
CHK-201,Phase 9 — Feedback Controller,Verify inner adaptation and slower outer controller,INCONCLUSIVE,INCONCLUSIVE_NO_CAUSAL_CONTROLLER_RESPONSE,INCONCLUSIVE,20260903-010534-redshadow-updated-checklist,artifacts/real-world/20260903-010534-redshadow-updated-checklist/controller,,No actuator-response/stabilization experiment was completed.
CHK-202,Phase 9 — Feedback Controller,Record controller cadence/step size,PASS,EVIDENCE_COLLECTED,KERNEL_PROTOTYPED,20260903-010534-redshadow-updated-checklist,artifacts/real-world/20260903-010534-redshadow-updated-checklist/controller,,Controller/policy status and lifecycle records were captured.
CHK-203,Phase 9 — Feedback Controller,Record parameter evolution,PASS,EVIDENCE_COLLECTED,KERNEL_PROTOTYPED,20260903-010534-redshadow-updated-checklist,artifacts/real-world/20260903-010534-redshadow-updated-checklist/controller,,Controller/policy status and lifecycle records were captured.
CHK-204,Phase 9 — Feedback Controller,Check learner/controller feedback oscillation,INCONCLUSIVE,INCONCLUSIVE_NO_CAUSAL_CONTROLLER_RESPONSE,INCONCLUSIVE,20260903-010534-redshadow-updated-checklist,artifacts/real-world/20260903-010534-redshadow-updated-checklist/controller,,No actuator-response/stabilization experiment was completed.
CHK-205,Phase 10 — Instrumentation & Observability,Trace dispatch,PASS,EVIDENCE_COLLECTED,KERNEL_PROTOTYPED,20260903-010534-redshadow-updated-checklist,artifacts/real-world/20260903-010534-redshadow-updated-checklist/sched_ext,,Per-task status counters and ftrace event inventory are archived; event-level trace replay was not exhaustive.
CHK-206,Phase 10 — Instrumentation & Observability,Trace migration,PASS,EVIDENCE_COLLECTED,KERNEL_PROTOTYPED,20260903-010534-redshadow-updated-checklist,artifacts/real-world/20260903-010534-redshadow-updated-checklist/sched_ext,,Per-task status counters and ftrace event inventory are archived; event-level trace replay was not exhaustive.
CHK-207,Phase 10 — Instrumentation & Observability,Trace preemption,PASS,EVIDENCE_COLLECTED,KERNEL_PROTOTYPED,20260903-010534-redshadow-updated-checklist,artifacts/real-world/20260903-010534-redshadow-updated-checklist/sched_ext,,Per-task status counters and ftrace event inventory are archived; event-level trace replay was not exhaustive.
CHK-208,Phase 10 — Instrumentation & Observability,Trace throttling,PASS,EVIDENCE_COLLECTED,KERNEL_PROTOTYPED,20260903-010534-redshadow-updated-checklist,artifacts/real-world/20260903-010534-redshadow-updated-checklist/sched_ext,,Per-task status counters and ftrace event inventory are archived; event-level trace replay was not exhaustive.
CHK-209,Phase 10 — Instrumentation & Observability,Trace yield,PASS,EVIDENCE_COLLECTED,KERNEL_PROTOTYPED,20260903-010534-redshadow-updated-checklist,artifacts/real-world/20260903-010534-redshadow-updated-checklist/sched_ext,,Per-task status counters and ftrace event inventory are archived; event-level trace replay was not exhaustive.
CHK-210,Phase 10 — Instrumentation & Observability,Trace sleep/wake,PASS,EVIDENCE_COLLECTED,KERNEL_PROTOTYPED,20260903-010534-redshadow-updated-checklist,artifacts/real-world/20260903-010534-redshadow-updated-checklist/sched_ext,,Per-task status counters and ftrace event inventory are archived; event-level trace replay was not exhaustive.
CHK-211,Phase 10 — Instrumentation & Observability,Trace scheduling decisions and associated signal state,ACTION_REQUIRED,ACTION_REQUIRED_TRACE_OBSERVABILITY,NOT_READY,20260903-014334-redshadow-no-block-checklist,artifacts/real-world/20260903-010534-redshadow-updated-checklist/sched_ext,Provide direct trace/propagation observability.,Action register: EXCLUDED_SCOPE.csv; see BLOCKER_DIAGNOSIS.md for the removal path.
CHK-212,Phase 10 — Instrumentation & Observability,Trace signal creation/publication/dissemination/validation/expiry/replacement,ACTION_REQUIRED,ACTION_REQUIRED_TRACE_OBSERVABILITY,NOT_READY,20260903-014334-redshadow-no-block-checklist,artifacts/real-world/20260903-010534-redshadow-updated-checklist/sched_ext,Provide direct trace/propagation observability.,Action register: EXCLUDED_SCOPE.csv; see BLOCKER_DIAGNOSIS.md for the removal path.
CHK-213,Phase 10 — Instrumentation & Observability,Measure signal propagation latency,ACTION_REQUIRED,ACTION_REQUIRED_TRACE_OBSERVABILITY,NOT_READY,20260903-014334-redshadow-no-block-checklist,artifacts/real-world/20260903-010534-redshadow-updated-checklist/sched_ext,Provide direct trace/propagation observability.,Action register: EXCLUDED_SCOPE.csv; see BLOCKER_DIAGNOSIS.md for the removal path.
CHK-214,Phase 10 — Instrumentation & Observability,Record synchronization/integrity failures,PASS,EVIDENCE_COLLECTED,KERNEL_PROTOTYPED,20260903-010534-redshadow-updated-checklist,artifacts/real-world/20260903-010534-redshadow-updated-checklist/sched_ext,,Per-task status counters and ftrace event inventory are archived; event-level trace replay was not exhaustive.
CHK-215,Phase 10 — Instrumentation & Observability,Record prediction generation time/value/confidence/error/latency/model version,ACTION_REQUIRED,ACTION_REQUIRED_TRACE_OBSERVABILITY,NOT_READY,20260903-014334-redshadow-no-block-checklist,artifacts/real-world/20260903-010534-redshadow-updated-checklist/sched_ext,Provide direct trace/propagation observability.,Action register: EXCLUDED_SCOPE.csv; see BLOCKER_DIAGNOSIS.md for the removal path.
CHK-216,Phase 10 — Instrumentation & Observability,Record scheduler state/action/policy/reward/adaptation/migration/decision latency,PASS,EVIDENCE_COLLECTED,KERNEL_PROTOTYPED,20260903-010534-redshadow-updated-checklist,artifacts/real-world/20260903-010534-redshadow-updated-checklist/controller,,Status telemetry fields were archived; causal traces remain limited.
CHK-217,Phase 10 — Instrumentation & Observability,Record S1/S2/S3/S4/Q,PASS,EVIDENCE_COLLECTED,KERNEL_PROTOTYPED,20260903-010534-redshadow-updated-checklist,artifacts/real-world/20260903-010534-redshadow-updated-checklist/controller,,Status telemetry fields were archived; causal traces remain limited.
CHK-218,Phase 10 — Instrumentation & Observability,Record controller activation/actuator/parameters/stabilization/saturation,PASS,EVIDENCE_COLLECTED,KERNEL_PROTOTYPED,20260903-010534-redshadow-updated-checklist,artifacts/real-world/20260903-010534-redshadow-updated-checklist/controller,,Status telemetry fields were archived; causal traces remain limited.
CHK-219,Phase 11 — Performance Overhead,Measure scheduling latency,INCONCLUSIVE,INCONCLUSIVE_NO_LATENCY_TRACER,INCONCLUSIVE,20260903-010534-redshadow-updated-checklist,artifacts/real-world/20260903-010534-redshadow-updated-checklist/baseline,,Elapsed workload times are not scheduler decision latency.
CHK-220,Phase 11 — Performance Overhead,Context-switch overhead,ACTION_REQUIRED,ACTION_REQUIRED_OBSERVABILITY_TOOL,NOT_READY,20260903-014334-redshadow-no-block-checklist,artifacts/real-world/20260903-010534-redshadow-updated-checklist/baseline,Authorize perf or an equivalent existing trace collector.,Action register: EXCLUDED_SCOPE.csv; see BLOCKER_DIAGNOSIS.md for the removal path.
CHK-221,Phase 11 — Performance Overhead,Decision latency,INCONCLUSIVE,INCONCLUSIVE_NO_LATENCY_TRACER,INCONCLUSIVE,20260903-010534-redshadow-updated-checklist,artifacts/real-world/20260903-010534-redshadow-updated-checklist/baseline,,Elapsed workload times are not scheduler decision latency.
CHK-222,Phase 11 — Performance Overhead,Prediction computation cost,ACTION_REQUIRED,ACTION_REQUIRED_OBSERVABILITY_TOOL,NOT_READY,20260903-014334-redshadow-no-block-checklist,artifacts/real-world/20260903-010534-redshadow-updated-checklist/baseline,Authorize perf or an equivalent existing trace collector.,Action register: EXCLUDED_SCOPE.csv; see BLOCKER_DIAGNOSIS.md for the removal path.
CHK-223,Phase 11 — Performance Overhead,Signal Bus cost,ACTION_REQUIRED,ACTION_REQUIRED_OBSERVABILITY_TOOL,NOT_READY,20260903-014334-redshadow-no-block-checklist,artifacts/real-world/20260903-010534-redshadow-updated-checklist/baseline,Authorize perf or an equivalent existing trace collector.,Action register: EXCLUDED_SCOPE.csv; see BLOCKER_DIAGNOSIS.md for the removal path.
CHK-224,Phase 11 — Performance Overhead,HMAC/integrity verification cost,ACTION_REQUIRED,ACTION_REQUIRED_OBSERVABILITY_TOOL,NOT_READY,20260903-014334-redshadow-no-block-checklist,artifacts/real-world/20260903-010534-redshadow-updated-checklist/baseline,Authorize perf or an equivalent existing trace collector.,Action register: EXCLUDED_SCOPE.csv; see BLOCKER_DIAGNOSIS.md for the removal path.
CHK-225,Phase 11 — Performance Overhead,Coordination-index cost,ACTION_REQUIRED,ACTION_REQUIRED_OBSERVABILITY_TOOL,NOT_READY,20260903-014334-redshadow-no-block-checklist,artifacts/real-world/20260903-010534-redshadow-updated-checklist/baseline,Authorize perf or an equivalent existing trace collector.,Action register: EXCLUDED_SCOPE.csv; see BLOCKER_DIAGNOSIS.md for the removal path.
CHK-226,Phase 11 — Performance Overhead,Controller cost,ACTION_REQUIRED,ACTION_REQUIRED_OBSERVABILITY_TOOL,NOT_READY,20260903-014334-redshadow-no-block-checklist,artifacts/real-world/20260903-010534-redshadow-updated-checklist/baseline,Authorize perf or an equivalent existing trace collector.,Action register: EXCLUDED_SCOPE.csv; see BLOCKER_DIAGNOSIS.md for the removal path.
CHK-227,Phase 11 — Performance Overhead,Adaptive-policy cost,ACTION_REQUIRED,ACTION_REQUIRED_OBSERVABILITY_TOOL,NOT_READY,20260903-014334-redshadow-no-block-checklist,artifacts/real-world/20260903-010534-redshadow-updated-checklist/baseline,Authorize perf or an equivalent existing trace collector.,Action register: EXCLUDED_SCOPE.csv; see BLOCKER_DIAGNOSIS.md for the removal path.
CHK-228,Phase 11 — Performance Overhead,Monitoring cost,ACTION_REQUIRED,ACTION_REQUIRED_OBSERVABILITY_TOOL,NOT_READY,20260903-014334-redshadow-no-block-checklist,artifacts/real-world/20260903-010534-redshadow-updated-checklist/baseline,Authorize perf or an equivalent existing trace collector.,Action register: EXCLUDED_SCOPE.csv; see BLOCKER_DIAGNOSIS.md for the removal path.
CHK-229,Phase 11 — Performance Overhead,Measure CPU overhead,INCONCLUSIVE,INCONCLUSIVE_COARSE_ONLY,INCONCLUSIVE,20260903-010534-redshadow-updated-checklist,artifacts/real-world/20260903-010534-redshadow-updated-checklist/baseline,,Coarse vmstat/mpstat and elapsed/context-switch measurements exist; perf/cache/lock attribution is unavailable.
CHK-230,Phase 11 — Performance Overhead,Memory overhead,INCONCLUSIVE,INCONCLUSIVE_COARSE_ONLY,INCONCLUSIVE,20260903-010534-redshadow-updated-checklist,artifacts/real-world/20260903-010534-redshadow-updated-checklist/baseline,,Coarse vmstat/mpstat and elapsed/context-switch measurements exist; perf/cache/lock attribution is unavailable.
CHK-231,Phase 11 — Performance Overhead,Kernel memory footprint,INCONCLUSIVE,INCONCLUSIVE_COARSE_ONLY,INCONCLUSIVE,20260903-010534-redshadow-updated-checklist,artifacts/real-world/20260903-010534-redshadow-updated-checklist/baseline,,Coarse vmstat/mpstat and elapsed/context-switch measurements exist; perf/cache/lock attribution is unavailable.
CHK-232,Phase 11 — Performance Overhead,Cache misses/hit rate,ACTION_REQUIRED,ACTION_REQUIRED_OBSERVABILITY_TOOL,NOT_READY,20260903-014334-redshadow-no-block-checklist,artifacts/real-world/20260903-010534-redshadow-updated-checklist/baseline,Authorize perf or an equivalent existing trace collector.,Action register: EXCLUDED_SCOPE.csv; see BLOCKER_DIAGNOSIS.md for the removal path.
CHK-233,Phase 11 — Performance Overhead,Lock contention,ACTION_REQUIRED,ACTION_REQUIRED_OBSERVABILITY_TOOL,NOT_READY,20260903-014334-redshadow-no-block-checklist,artifacts/real-world/20260903-010534-redshadow-updated-checklist/baseline,Authorize perf or an equivalent existing trace collector.,Action register: EXCLUDED_SCOPE.csv; see BLOCKER_DIAGNOSIS.md for the removal path.
CHK-234,Phase 11 — Performance Overhead,Synchronization overhead,ACTION_REQUIRED,ACTION_REQUIRED_OBSERVABILITY_TOOL,NOT_READY,20260903-014334-redshadow-no-block-checklist,artifacts/real-world/20260903-010534-redshadow-updated-checklist/baseline,Authorize perf or an equivalent existing trace collector.,Action register: EXCLUDED_SCOPE.csv; see BLOCKER_DIAGNOSIS.md for the removal path.
CHK-235,Phase 11 — Performance Overhead,Inter-CPU communication overhead,ACTION_REQUIRED,ACTION_REQUIRED_OBSERVABILITY_TOOL,NOT_READY,20260903-014334-redshadow-no-block-checklist,artifacts/real-world/20260903-010534-redshadow-updated-checklist/baseline,Authorize perf or an equivalent existing trace collector.,Action register: EXCLUDED_SCOPE.csv; see BLOCKER_DIAGNOSIS.md for the removal path.
CHK-236,Phase 12 — Workload Matrix,CPU: single CPU-bound process,PASS,EVIDENCE_COLLECTED,EXPERIMENTALLY_VALIDATED,20260903-010534-redshadow-updated-checklist,artifacts/real-world/20260903-010534-redshadow-updated-checklist/workload,,Existing full_compare and stress_suite bounded runs.
CHK-237,Phase 12 — Workload Matrix,CPU: multiple CPU-bound processes,PASS,EVIDENCE_COLLECTED,EXPERIMENTALLY_VALIDATED,20260903-010534-redshadow-updated-checklist,artifacts/real-world/20260903-010534-redshadow-updated-checklist/workload,,Existing full_compare and stress_suite bounded runs.
CHK-238,Phase 12 — Workload Matrix,CPU: under-subscribed,PASS,EVIDENCE_COLLECTED,EXPERIMENTALLY_VALIDATED,20260903-010534-redshadow-updated-checklist,artifacts/real-world/20260903-010534-redshadow-updated-checklist/workload,,Existing full_compare and stress_suite bounded runs.
CHK-239,Phase 12 — Workload Matrix,CPU: equal to CPU count,PASS,EVIDENCE_COLLECTED,EXPERIMENTALLY_VALIDATED,20260903-010534-redshadow-updated-checklist,artifacts/real-world/20260903-010534-redshadow-updated-checklist/workload,,Existing full_compare and stress_suite bounded runs.
CHK-240,Phase 12 — Workload Matrix,CPU: over-subscribed,ACTION_REQUIRED,ACTION_REQUIRED_CONTROLLED_WORKLOAD,NOT_READY,20260903-014334-redshadow-no-block-checklist,artifacts/real-world/20260903-010534-redshadow-updated-checklist/workload,Run a controlled workload with declared parameters.,Action register: EXCLUDED_SCOPE.csv; see BLOCKER_DIAGNOSIS.md for the removal path.
CHK-241,Phase 12 — Workload Matrix,CPU: bursty,ACTION_REQUIRED,ACTION_REQUIRED_CONTROLLED_WORKLOAD,NOT_READY,20260903-014334-redshadow-no-block-checklist,artifacts/real-world/20260903-010534-redshadow-updated-checklist/workload,Run a controlled workload with declared parameters.,Action register: EXCLUDED_SCOPE.csv; see BLOCKER_DIAGNOSIS.md for the removal path.
CHK-242,Phase 12 — Workload Matrix,Memory: sequential,ACTION_REQUIRED,ACTION_REQUIRED_WORKLOAD_TOOLING,NOT_READY,20260903-014334-redshadow-no-block-checklist,artifacts/real-world/20260903-010534-redshadow-updated-checklist/stress,Authorize stress/fio or provide a valid network peer.,Action register: EXCLUDED_SCOPE.csv; see BLOCKER_DIAGNOSIS.md for the removal path.
CHK-243,Phase 12 — Workload Matrix,Memory: random,ACTION_REQUIRED,ACTION_REQUIRED_WORKLOAD_TOOLING,NOT_READY,20260903-014334-redshadow-no-block-checklist,artifacts/real-world/20260903-010534-redshadow-updated-checklist/stress,Authorize stress/fio or provide a valid network peer.,Action register: EXCLUDED_SCOPE.csv; see BLOCKER_DIAGNOSIS.md for the removal path.
CHK-244,Phase 12 — Workload Matrix,Memory: high pressure,ACTION_REQUIRED,ACTION_REQUIRED_WORKLOAD_TOOLING,NOT_READY,20260903-014334-redshadow-no-block-checklist,artifacts/real-world/20260903-010534-redshadow-updated-checklist/stress,Authorize stress/fio or provide a valid network peer.,Action register: EXCLUDED_SCOPE.csv; see BLOCKER_DIAGNOSIS.md for the removal path.
CHK-245,Phase 12 — Workload Matrix,Memory: near exhaustion,ACTION_REQUIRED,ACTION_REQUIRED_WORKLOAD_TOOLING,NOT_READY,20260903-014334-redshadow-no-block-checklist,artifacts/real-world/20260903-010534-redshadow-updated-checklist/stress,Authorize stress/fio or provide a valid network peer.,Action register: EXCLUDED_SCOPE.csv; see BLOCKER_DIAGNOSIS.md for the removal path.
CHK-246,Phase 12 — Workload Matrix,Memory: multiple workers,ACTION_REQUIRED,ACTION_REQUIRED_WORKLOAD_TOOLING,NOT_READY,20260903-014334-redshadow-no-block-checklist,artifacts/real-world/20260903-010534-redshadow-updated-checklist/stress,Authorize stress/fio or provide a valid network peer.,Action register: EXCLUDED_SCOPE.csv; see BLOCKER_DIAGNOSIS.md for the removal path.
CHK-247,Phase 12 — Workload Matrix,I/O: sequential read/write,PASS,EVIDENCE_COLLECTED,EXPERIMENTALLY_VALIDATED,20260903-010534-redshadow-updated-checklist,artifacts/real-world/20260903-010534-redshadow-updated-checklist/workload,,Existing full_compare and stress_suite bounded runs.
CHK-248,Phase 12 — Workload Matrix,I/O: random read/write,ACTION_REQUIRED,ACTION_REQUIRED_RANDOM_IO_TOOL,NOT_READY,20260903-014334-redshadow-no-block-checklist,artifacts/real-world/20260903-010534-redshadow-updated-checklist/workload,Authorize fio or an existing random-I/O tool.,Action register: EXCLUDED_SCOPE.csv; see BLOCKER_DIAGNOSIS.md for the removal path.
CHK-249,Phase 12 — Workload Matrix,I/O: multiple workers,PASS,EVIDENCE_COLLECTED,EXPERIMENTALLY_VALIDATED,20260903-010534-redshadow-updated-checklist,artifacts/real-world/20260903-010534-redshadow-updated-checklist/workload,,Existing full_compare and stress_suite bounded runs.
CHK-250,Phase 12 — Workload Matrix,I/O: read-heavy,PASS,EVIDENCE_COLLECTED,EXPERIMENTALLY_VALIDATED,20260903-010534-redshadow-updated-checklist,artifacts/real-world/20260903-010534-redshadow-updated-checklist/workload,,Existing full_compare and stress_suite bounded runs.
CHK-251,Phase 12 — Workload Matrix,I/O: write-heavy,PASS,EVIDENCE_COLLECTED,EXPERIMENTALLY_VALIDATED,20260903-010534-redshadow-updated-checklist,artifacts/real-world/20260903-010534-redshadow-updated-checklist/workload,,Existing full_compare and stress_suite bounded runs.
CHK-252,Phase 12 — Workload Matrix,I/O: mixed,PASS,EVIDENCE_COLLECTED,EXPERIMENTALLY_VALIDATED,20260903-010534-redshadow-updated-checklist,artifacts/real-world/20260903-010534-redshadow-updated-checklist/workload,,Existing full_compare and stress_suite bounded runs.
CHK-253,Phase 12 — Workload Matrix,Network: high throughput,ACTION_REQUIRED,ACTION_REQUIRED_NETWORK_PEER,NOT_READY,20260903-014334-redshadow-no-block-checklist,artifacts/real-world/20260903-010534-redshadow-updated-checklist/workload,Provide a valid network peer and existing benchmark.,Action register: EXCLUDED_SCOPE.csv; see BLOCKER_DIAGNOSIS.md for the removal path.
CHK-254,Phase 12 — Workload Matrix,Network: high packet rate,ACTION_REQUIRED,ACTION_REQUIRED_NETWORK_PEER,NOT_READY,20260903-014334-redshadow-no-block-checklist,artifacts/real-world/20260903-010534-redshadow-updated-checklist/workload,Provide a valid network peer and existing benchmark.,Action register: EXCLUDED_SCOPE.csv; see BLOCKER_DIAGNOSIS.md for the removal path.
CHK-255,Phase 12 — Workload Matrix,Network: multiple processes,ACTION_REQUIRED,ACTION_REQUIRED_NETWORK_PEER,NOT_READY,20260903-014334-redshadow-no-block-checklist,artifacts/real-world/20260903-010534-redshadow-updated-checklist/workload,Provide a valid network peer and existing benchmark.,Action register: EXCLUDED_SCOPE.csv; see BLOCKER_DIAGNOSIS.md for the removal path.
CHK-256,Phase 12 — Workload Matrix,Network: bursty,ACTION_REQUIRED,ACTION_REQUIRED_NETWORK_PEER,NOT_READY,20260903-014334-redshadow-no-block-checklist,artifacts/real-world/20260903-010534-redshadow-updated-checklist/workload,Provide a valid network peer and existing benchmark.,Action register: EXCLUDED_SCOPE.csv; see BLOCKER_DIAGNOSIS.md for the removal path.
CHK-257,Phase 12 — Workload Matrix,Network: mixed CPU/network,ACTION_REQUIRED,ACTION_REQUIRED_NETWORK_PEER,NOT_READY,20260903-014334-redshadow-no-block-checklist,artifacts/real-world/20260903-010534-redshadow-updated-checklist/workload,Provide a valid network peer and existing benchmark.,Action register: EXCLUDED_SCOPE.csv; see BLOCKER_DIAGNOSIS.md for the removal path.
CHK-258,Phase 12 — Workload Matrix,Mixed: CPU+memory,ACTION_REQUIRED,ACTION_REQUIRED_WORKLOAD_TOOLING,NOT_READY,20260903-014334-redshadow-no-block-checklist,artifacts/real-world/20260903-010534-redshadow-updated-checklist/stress,Authorize stress/fio or provide a valid network peer.,Action register: EXCLUDED_SCOPE.csv; see BLOCKER_DIAGNOSIS.md for the removal path.
CHK-259,Phase 12 — Workload Matrix,CPU+I/O,PASS,EVIDENCE_COLLECTED,EXPERIMENTALLY_VALIDATED,20260903-010534-redshadow-updated-checklist,artifacts/real-world/20260903-010534-redshadow-updated-checklist/workload,,Existing full_compare and stress_suite bounded runs.
CHK-260,Phase 12 — Workload Matrix,CPU+network,ACTION_REQUIRED,ACTION_REQUIRED_WORKLOAD_TOOLING,NOT_READY,20260903-014334-redshadow-no-block-checklist,artifacts/real-world/20260903-010534-redshadow-updated-checklist/stress,Authorize stress/fio or provide a valid network peer.,Action register: EXCLUDED_SCOPE.csv; see BLOCKER_DIAGNOSIS.md for the removal path.
CHK-261,Phase 12 — Workload Matrix,memory+I/O,ACTION_REQUIRED,ACTION_REQUIRED_WORKLOAD_TOOLING,NOT_READY,20260903-014334-redshadow-no-block-checklist,artifacts/real-world/20260903-010534-redshadow-updated-checklist/stress,Authorize stress/fio or provide a valid network peer.,Action register: EXCLUDED_SCOPE.csv; see BLOCKER_DIAGNOSIS.md for the removal path.
CHK-262,Phase 12 — Workload Matrix,CPU+memory+I/O,ACTION_REQUIRED,ACTION_REQUIRED_WORKLOAD_TOOLING,NOT_READY,20260903-014334-redshadow-no-block-checklist,artifacts/real-world/20260903-010534-redshadow-updated-checklist/stress,Authorize stress/fio or provide a valid network peer.,Action register: EXCLUDED_SCOPE.csv; see BLOCKER_DIAGNOSIS.md for the removal path.
CHK-263,Phase 12 — Workload Matrix,CPU+memory+network,ACTION_REQUIRED,ACTION_REQUIRED_WORKLOAD_TOOLING,NOT_READY,20260903-014334-redshadow-no-block-checklist,artifacts/real-world/20260903-010534-redshadow-updated-checklist/stress,Authorize stress/fio or provide a valid network peer.,Action register: EXCLUDED_SCOPE.csv; see BLOCKER_DIAGNOSIS.md for the removal path.
CHK-264,Phase 12 — Workload Matrix,full mixed workload,ACTION_REQUIRED,ACTION_REQUIRED_WORKLOAD_TOOLING,NOT_READY,20260903-014334-redshadow-no-block-checklist,artifacts/real-world/20260903-010534-redshadow-updated-checklist/stress,Authorize stress/fio or provide a valid network peer.,Action register: EXCLUDED_SCOPE.csv; see BLOCKER_DIAGNOSIS.md for the removal path.
CHK-265,Phase 13 — Dynamic Workloads,Stable workload,PASS,EVIDENCE_COLLECTED,EXPERIMENTALLY_VALIDATED,20260903-010534-redshadow-updated-checklist,artifacts/real-world/20260903-010534-redshadow-updated-checklist/workload,,Stable repeated comparison and migration probes.
CHK-266,Phase 13 — Dynamic Workloads,Gradually increasing load,ACTION_REQUIRED,ACTION_REQUIRED_DYNAMIC_HARNESS,NOT_READY,20260903-014334-redshadow-no-block-checklist,artifacts/real-world/20260903-010534-redshadow-updated-checklist/workload,Provide an existing dynamic regime-transition driver.,Action register: EXCLUDED_SCOPE.csv; see BLOCKER_DIAGNOSIS.md for the removal path.
CHK-267,Phase 13 — Dynamic Workloads,Gradually decreasing load,ACTION_REQUIRED,ACTION_REQUIRED_DYNAMIC_HARNESS,NOT_READY,20260903-014334-redshadow-no-block-checklist,artifacts/real-world/20260903-010534-redshadow-updated-checklist/workload,Provide an existing dynamic regime-transition driver.,Action register: EXCLUDED_SCOPE.csv; see BLOCKER_DIAGNOSIS.md for the removal path.
CHK-268,Phase 13 — Dynamic Workloads,Sudden load spike,ACTION_REQUIRED,ACTION_REQUIRED_DYNAMIC_HARNESS,NOT_READY,20260903-014334-redshadow-no-block-checklist,artifacts/real-world/20260903-010534-redshadow-updated-checklist/workload,Provide an existing dynamic regime-transition driver.,Action register: EXCLUDED_SCOPE.csv; see BLOCKER_DIAGNOSIS.md for the removal path.
CHK-269,Phase 13 — Dynamic Workloads,Sudden load collapse,ACTION_REQUIRED,ACTION_REQUIRED_DYNAMIC_HARNESS,NOT_READY,20260903-014334-redshadow-no-block-checklist,artifacts/real-world/20260903-010534-redshadow-updated-checklist/workload,Provide an existing dynamic regime-transition driver.,Action register: EXCLUDED_SCOPE.csv; see BLOCKER_DIAGNOSIS.md for the removal path.
CHK-270,Phase 13 — Dynamic Workloads,Periodic workload,ACTION_REQUIRED,ACTION_REQUIRED_DYNAMIC_HARNESS,NOT_READY,20260903-014334-redshadow-no-block-checklist,artifacts/real-world/20260903-010534-redshadow-updated-checklist/workload,Provide an existing dynamic regime-transition driver.,Action register: EXCLUDED_SCOPE.csv; see BLOCKER_DIAGNOSIS.md for the removal path.
CHK-271,Phase 13 — Dynamic Workloads,Alternating workload,ACTION_REQUIRED,ACTION_REQUIRED_DYNAMIC_HARNESS,NOT_READY,20260903-014334-redshadow-no-block-checklist,artifacts/real-world/20260903-010534-redshadow-updated-checklist/workload,Provide an existing dynamic regime-transition driver.,Action register: EXCLUDED_SCOPE.csv; see BLOCKER_DIAGNOSIS.md for the removal path.
CHK-272,Phase 13 — Dynamic Workloads,Random workload,ACTION_REQUIRED,ACTION_REQUIRED_DYNAMIC_HARNESS,NOT_READY,20260903-014334-redshadow-no-block-checklist,artifacts/real-world/20260903-010534-redshadow-updated-checklist/workload,Provide an existing dynamic regime-transition driver.,Action register: EXCLUDED_SCOPE.csv; see BLOCKER_DIAGNOSIS.md for the removal path.
CHK-273,Phase 13 — Dynamic Workloads,Bursty workload,ACTION_REQUIRED,ACTION_REQUIRED_DYNAMIC_HARNESS,NOT_READY,20260903-014334-redshadow-no-block-checklist,artifacts/real-world/20260903-010534-redshadow-updated-checklist/workload,Provide an existing dynamic regime-transition driver.,Action register: EXCLUDED_SCOPE.csv; see BLOCKER_DIAGNOSIS.md for the removal path.
CHK-274,Phase 13 — Dynamic Workloads,Multiple simultaneous transitions,ACTION_REQUIRED,ACTION_REQUIRED_DYNAMIC_HARNESS,NOT_READY,20260903-014334-redshadow-no-block-checklist,artifacts/real-world/20260903-010534-redshadow-updated-checklist/workload,Provide an existing dynamic regime-transition driver.,Action register: EXCLUDED_SCOPE.csv; see BLOCKER_DIAGNOSIS.md for the removal path.
CHK-275,Phase 13 — Dynamic Workloads,Workload migration between CPUs,PASS,EVIDENCE_COLLECTED,EXPERIMENTALLY_VALIDATED,20260903-010534-redshadow-updated-checklist,artifacts/real-world/20260903-010534-redshadow-updated-checklist/workload,,Stable repeated comparison and migration probes.
CHK-276,Phase 13 — Dynamic Workloads,"For every dynamic case record prediction accuracy, response latency, Q, CPU utilization, throughput, migration rate, oscillation rate and recovery time",ACTION_REQUIRED,ACTION_REQUIRED_DYNAMIC_HARNESS,NOT_READY,20260903-014334-redshadow-no-block-checklist,artifacts/real-world/20260903-010534-redshadow-updated-checklist/workload,Provide an existing dynamic regime-transition driver.,Action register: EXCLUDED_SCOPE.csv; see BLOCKER_DIAGNOSIS.md for the removal path.
CHK-277,Phase 14 — Stress Testing,CPU at 50%,ACTION_REQUIRED,ACTION_REQUIRED_CONTROLLED_STRESS,NOT_READY,20260903-014334-redshadow-no-block-checklist,artifacts/real-world/20260903-010534-redshadow-updated-checklist/stress,Use progressive stress with declared thermal stop conditions.,Action register: EXCLUDED_SCOPE.csv; see BLOCKER_DIAGNOSIS.md for the removal path.
CHK-278,Phase 14 — Stress Testing,70%,ACTION_REQUIRED,ACTION_REQUIRED_CONTROLLED_STRESS,NOT_READY,20260903-014334-redshadow-no-block-checklist,artifacts/real-world/20260903-010534-redshadow-updated-checklist/stress,Use progressive stress with declared thermal stop conditions.,Action register: EXCLUDED_SCOPE.csv; see BLOCKER_DIAGNOSIS.md for the removal path.
CHK-279,Phase 14 — Stress Testing,80%,ACTION_REQUIRED,ACTION_REQUIRED_CONTROLLED_STRESS,NOT_READY,20260903-014334-redshadow-no-block-checklist,artifacts/real-world/20260903-010534-redshadow-updated-checklist/stress,Use progressive stress with declared thermal stop conditions.,Action register: EXCLUDED_SCOPE.csv; see BLOCKER_DIAGNOSIS.md for the removal path.
CHK-280,Phase 14 — Stress Testing,90%,ACTION_REQUIRED,ACTION_REQUIRED_CONTROLLED_STRESS,NOT_READY,20260903-014334-redshadow-no-block-checklist,artifacts/real-world/20260903-010534-redshadow-updated-checklist/stress,Use progressive stress with declared thermal stop conditions.,Action register: EXCLUDED_SCOPE.csv; see BLOCKER_DIAGNOSIS.md for the removal path.
CHK-281,Phase 14 — Stress Testing,95%,ACTION_REQUIRED,ACTION_REQUIRED_CONTROLLED_STRESS,NOT_READY,20260903-014334-redshadow-no-block-checklist,artifacts/real-world/20260903-010534-redshadow-updated-checklist/stress,Use progressive stress with declared thermal stop conditions.,Action register: EXCLUDED_SCOPE.csv; see BLOCKER_DIAGNOSIS.md for the removal path.
CHK-282,Phase 14 — Stress Testing,near saturation,ACTION_REQUIRED,ACTION_REQUIRED_CONTROLLED_STRESS,NOT_READY,20260903-014334-redshadow-no-block-checklist,artifacts/real-world/20260903-010534-redshadow-updated-checklist/stress,Use progressive stress with declared thermal stop conditions.,Action register: EXCLUDED_SCOPE.csv; see BLOCKER_DIAGNOSIS.md for the removal path.
CHK-283,Phase 14 — Stress Testing,full saturation,ACTION_REQUIRED,ACTION_REQUIRED_CONTROLLED_STRESS,NOT_READY,20260903-014334-redshadow-no-block-checklist,artifacts/real-world/20260903-010534-redshadow-updated-checklist/stress,Use progressive stress with declared thermal stop conditions.,Action register: EXCLUDED_SCOPE.csv; see BLOCKER_DIAGNOSIS.md for the removal path.
CHK-284,Phase 14 — Stress Testing,Moderate memory pressure,ACTION_REQUIRED,ACTION_REQUIRED_CONTROLLED_STRESS,NOT_READY,20260903-014334-redshadow-no-block-checklist,artifacts/real-world/20260903-010534-redshadow-updated-checklist/stress,Use progressive stress with declared thermal stop conditions.,Action register: EXCLUDED_SCOPE.csv; see BLOCKER_DIAGNOSIS.md for the removal path.
CHK-285,Phase 14 — Stress Testing,High memory pressure,ACTION_REQUIRED,ACTION_REQUIRED_CONTROLLED_STRESS,NOT_READY,20260903-014334-redshadow-no-block-checklist,artifacts/real-world/20260903-010534-redshadow-updated-checklist/stress,Use progressive stress with declared thermal stop conditions.,Action register: EXCLUDED_SCOPE.csv; see BLOCKER_DIAGNOSIS.md for the removal path.
CHK-286,Phase 14 — Stress Testing,Near exhaustion,ACTION_REQUIRED,ACTION_REQUIRED_CONTROLLED_STRESS,NOT_READY,20260903-014334-redshadow-no-block-checklist,artifacts/real-world/20260903-010534-redshadow-updated-checklist/stress,Use progressive stress with declared thermal stop conditions.,Action register: EXCLUDED_SCOPE.csv; see BLOCKER_DIAGNOSIS.md for the removal path.
CHK-287,Phase 14 — Stress Testing,Concurrent memory workers,ACTION_REQUIRED,ACTION_REQUIRED_CONTROLLED_STRESS,NOT_READY,20260903-014334-redshadow-no-block-checklist,artifacts/real-world/20260903-010534-redshadow-updated-checklist/stress,Use progressive stress with declared thermal stop conditions.,Action register: EXCLUDED_SCOPE.csv; see BLOCKER_DIAGNOSIS.md for the removal path.
CHK-288,Phase 14 — Stress Testing,One CPU heavily loaded,ACTION_REQUIRED,ACTION_REQUIRED_CONTROLLED_STRESS,NOT_READY,20260903-014334-redshadow-no-block-checklist,artifacts/real-world/20260903-010534-redshadow-updated-checklist/stress,Use progressive stress with declared thermal stop conditions.,Action register: EXCLUDED_SCOPE.csv; see BLOCKER_DIAGNOSIS.md for the removal path.
CHK-289,Phase 14 — Stress Testing,Half CPUs heavily loaded,ACTION_REQUIRED,ACTION_REQUIRED_CONTROLLED_STRESS,NOT_READY,20260903-014334-redshadow-no-block-checklist,artifacts/real-world/20260903-010534-redshadow-updated-checklist/stress,Use progressive stress with declared thermal stop conditions.,Action register: EXCLUDED_SCOPE.csv; see BLOCKER_DIAGNOSIS.md for the removal path.
CHK-290,Phase 14 — Stress Testing,Uneven workload distribution,ACTION_REQUIRED,ACTION_REQUIRED_CONTROLLED_STRESS,NOT_READY,20260903-014334-redshadow-no-block-checklist,artifacts/real-world/20260903-010534-redshadow-updated-checklist/stress,Use progressive stress with declared thermal stop conditions.,Action register: EXCLUDED_SCOPE.csv; see BLOCKER_DIAGNOSIS.md for the removal path.
CHK-291,Phase 14 — Stress Testing,Forced affinity imbalance,ACTION_REQUIRED,ACTION_REQUIRED_CONTROLLED_STRESS,NOT_READY,20260903-014334-redshadow-no-block-checklist,artifacts/real-world/20260903-010534-redshadow-updated-checklist/stress,Use progressive stress with declared thermal stop conditions.,Action register: EXCLUDED_SCOPE.csv; see BLOCKER_DIAGNOSIS.md for the removal path.
CHK-292,Phase 14 — Stress Testing,Migration pressure,ACTION_REQUIRED,ACTION_REQUIRED_CONTROLLED_STRESS,NOT_READY,20260903-014334-redshadow-no-block-checklist,artifacts/real-world/20260903-010534-redshadow-updated-checklist/stress,Use progressive stress with declared thermal stop conditions.,Action register: EXCLUDED_SCOPE.csv; see BLOCKER_DIAGNOSIS.md for the removal path.
CHK-293,Phase 14 — Stress Testing,Normal temperature,PASS,EVIDENCE_COLLECTED,EXPERIMENTALLY_VALIDATED,20260903-010534-redshadow-updated-checklist,artifacts/real-world/20260903-010534-redshadow-updated-checklist/stress,,Thermal monitor remained active; prior 10-minute soak evidence is archived.
CHK-294,Phase 14 — Stress Testing,Elevated temperature,ACTION_REQUIRED,ACTION_REQUIRED_CONTROLLED_STRESS,NOT_READY,20260903-014334-redshadow-no-block-checklist,artifacts/real-world/20260903-010534-redshadow-updated-checklist/stress,Use progressive stress with declared thermal stop conditions.,Action register: EXCLUDED_SCOPE.csv; see BLOCKER_DIAGNOSIS.md for the removal path.
CHK-295,Phase 14 — Stress Testing,Sustained high temperature,ACTION_REQUIRED,ACTION_REQUIRED_CONTROLLED_STRESS,NOT_READY,20260903-014334-redshadow-no-block-checklist,artifacts/real-world/20260903-010534-redshadow-updated-checklist/stress,Use progressive stress with declared thermal stop conditions.,Action register: EXCLUDED_SCOPE.csv; see BLOCKER_DIAGNOSIS.md for the removal path.
CHK-296,Phase 14 — Stress Testing,Safely reproducible thermal-throttling condition,ACTION_REQUIRED,ACTION_REQUIRED_CONTROLLED_STRESS,NOT_READY,20260903-014334-redshadow-no-block-checklist,artifacts/real-world/20260903-010534-redshadow-updated-checklist/stress,Use progressive stress with declared thermal stop conditions.,Action register: EXCLUDED_SCOPE.csv; see BLOCKER_DIAGNOSIS.md for the removal path.
CHK-297,Phase 14 — Stress Testing,10-minute run,PASS,EVIDENCE_COLLECTED,EXPERIMENTALLY_VALIDATED,20260903-010534-redshadow-updated-checklist,artifacts/real-world/20260903-010534-redshadow-updated-checklist/stress,,Thermal monitor remained active; prior 10-minute soak evidence is archived.
CHK-298,Phase 14 — Stress Testing,30-minute run,ACTION_REQUIRED,ACTION_REQUIRED_CONTROLLED_STRESS,NOT_READY,20260903-014334-redshadow-no-block-checklist,artifacts/real-world/20260903-010534-redshadow-updated-checklist/stress,Use progressive stress with declared thermal stop conditions.,Action register: EXCLUDED_SCOPE.csv; see BLOCKER_DIAGNOSIS.md for the removal path.
CHK-299,Phase 14 — Stress Testing,1-hour run,ACTION_REQUIRED,ACTION_REQUIRED_CONTROLLED_STRESS,NOT_READY,20260903-014334-redshadow-no-block-checklist,artifacts/real-world/20260903-010534-redshadow-updated-checklist/stress,Use progressive stress with declared thermal stop conditions.,Action register: EXCLUDED_SCOPE.csv; see BLOCKER_DIAGNOSIS.md for the removal path.
CHK-300,Phase 14 — Stress Testing,Multi-hour run,ACTION_REQUIRED,ACTION_REQUIRED_CONTROLLED_STRESS,NOT_READY,20260903-014334-redshadow-no-block-checklist,artifacts/real-world/20260903-010534-redshadow-updated-checklist/stress,Use progressive stress with declared thermal stop conditions.,Action register: EXCLUDED_SCOPE.csv; see BLOCKER_DIAGNOSIS.md for the removal path.
CHK-301,Phase 14 — Stress Testing,Overnight run if practical,ACTION_REQUIRED,ACTION_REQUIRED_CONTROLLED_STRESS,NOT_READY,20260903-014334-redshadow-no-block-checklist,artifacts/real-world/20260903-010534-redshadow-updated-checklist/stress,Use progressive stress with declared thermal stop conditions.,Action register: EXCLUDED_SCOPE.csv; see BLOCKER_DIAGNOSIS.md for the removal path.
CHK-302,Phase 14 — Stress Testing,Check memory leaks,ACTION_REQUIRED,ACTION_REQUIRED_CONTROLLED_STRESS,NOT_READY,20260903-014334-redshadow-no-block-checklist,artifacts/real-world/20260903-010534-redshadow-updated-checklist/stress,Use progressive stress with declared thermal stop conditions.,Action register: EXCLUDED_SCOPE.csv; see BLOCKER_DIAGNOSIS.md for the removal path.
CHK-303,Phase 14 — Stress Testing,CPU-overhead drift,ACTION_REQUIRED,ACTION_REQUIRED_CONTROLLED_STRESS,NOT_READY,20260903-014334-redshadow-no-block-checklist,artifacts/real-world/20260903-010534-redshadow-updated-checklist/stress,Use progressive stress with declared thermal stop conditions.,Action register: EXCLUDED_SCOPE.csv; see BLOCKER_DIAGNOSIS.md for the removal path.
CHK-304,Phase 14 — Stress Testing,Q degradation,ACTION_REQUIRED,ACTION_REQUIRED_CONTROLLED_STRESS,NOT_READY,20260903-014334-redshadow-no-block-checklist,artifacts/real-world/20260903-010534-redshadow-updated-checklist/stress,Use progressive stress with declared thermal stop conditions.,Action register: EXCLUDED_SCOPE.csv; see BLOCKER_DIAGNOSIS.md for the removal path.
CHK-305,Phase 14 — Stress Testing,Predictor degradation,ACTION_REQUIRED,ACTION_REQUIRED_CONTROLLED_STRESS,NOT_READY,20260903-014334-redshadow-no-block-checklist,artifacts/real-world/20260903-010534-redshadow-updated-checklist/stress,Use progressive stress with declared thermal stop conditions.,Action register: EXCLUDED_SCOPE.csv; see BLOCKER_DIAGNOSIS.md for the removal path.
CHK-306,Phase 14 — Stress Testing,Controller drift,ACTION_REQUIRED,ACTION_REQUIRED_CONTROLLED_STRESS,NOT_READY,20260903-014334-redshadow-no-block-checklist,artifacts/real-world/20260903-010534-redshadow-updated-checklist/stress,Use progressive stress with declared thermal stop conditions.,Action register: EXCLUDED_SCOPE.csv; see BLOCKER_DIAGNOSIS.md for the removal path.
CHK-307,Phase 14 — Stress Testing,scheduler instability,ACTION_REQUIRED,ACTION_REQUIRED_CONTROLLED_STRESS,NOT_READY,20260903-014334-redshadow-no-block-checklist,artifacts/real-world/20260903-010534-redshadow-updated-checklist/stress,Use progressive stress with declared thermal stop conditions.,Action register: EXCLUDED_SCOPE.csv; see BLOCKER_DIAGNOSIS.md for the removal path.
CHK-308,Phase 14 — Stress Testing,log-buffer exhaustion,ACTION_REQUIRED,ACTION_REQUIRED_CONTROLLED_STRESS,NOT_READY,20260903-014334-redshadow-no-block-checklist,artifacts/real-world/20260903-010534-redshadow-updated-checklist/stress,Use progressive stress with declared thermal stop conditions.,Action register: EXCLUDED_SCOPE.csv; see BLOCKER_DIAGNOSIS.md for the removal path.
CHK-309,Phase 14 — Stress Testing,resource exhaustion,ACTION_REQUIRED,ACTION_REQUIRED_CONTROLLED_STRESS,NOT_READY,20260903-014334-redshadow-no-block-checklist,artifacts/real-world/20260903-010534-redshadow-updated-checklist/stress,Use progressive stress with declared thermal stop conditions.,Action register: EXCLUDED_SCOPE.csv; see BLOCKER_DIAGNOSIS.md for the removal path.
CHK-310,Phase 15 — Thundering-Herd / Synchronization,Create many eligible processes with similar observed state,ACTION_REQUIRED,ACTION_REQUIRED_HERD_ABLATION_HARNESS,NOT_READY,20260903-014334-redshadow-no-block-checklist,artifacts/real-world/20260903-010534-redshadow-updated-checklist/coordination,Provide existing synchronized-population and ablation controls.,Action register: EXCLUDED_SCOPE.csv; see BLOCKER_DIAGNOSIS.md for the removal path.
CHK-311,Phase 15 — Thundering-Herd / Synchronization,Induce common threshold crossing,ACTION_REQUIRED,ACTION_REQUIRED_HERD_ABLATION_HARNESS,NOT_READY,20260903-014334-redshadow-no-block-checklist,artifacts/real-world/20260903-010534-redshadow-updated-checklist/coordination,Provide existing synchronized-population and ablation controls.,Action register: EXCLUDED_SCOPE.csv; see BLOCKER_DIAGNOSIS.md for the removal path.
CHK-312,Phase 15 — Thundering-Herd / Synchronization,Induce common CPU-load change,ACTION_REQUIRED,ACTION_REQUIRED_HERD_ABLATION_HARNESS,NOT_READY,20260903-014334-redshadow-no-block-checklist,artifacts/real-world/20260903-010534-redshadow-updated-checklist/coordination,Provide existing synchronized-population and ablation controls.,Action register: EXCLUDED_SCOPE.csv; see BLOCKER_DIAGNOSIS.md for the removal path.
CHK-313,Phase 15 — Thundering-Herd / Synchronization,Induce common predicted-state transition,ACTION_REQUIRED,ACTION_REQUIRED_HERD_ABLATION_HARNESS,NOT_READY,20260903-014334-redshadow-no-block-checklist,artifacts/real-world/20260903-010534-redshadow-updated-checklist/coordination,Provide existing synchronized-population and ablation controls.,Action register: EXCLUDED_SCOPE.csv; see BLOCKER_DIAGNOSIS.md for the removal path.
CHK-314,Phase 15 — Thundering-Herd / Synchronization,Induce common directive,ACTION_REQUIRED,ACTION_REQUIRED_HERD_ABLATION_HARNESS,NOT_READY,20260903-014334-redshadow-no-block-checklist,artifacts/real-world/20260903-010534-redshadow-updated-checklist/coordination,Provide existing synchronized-population and ablation controls.,Action register: EXCLUDED_SCOPE.csv; see BLOCKER_DIAGNOSIS.md for the removal path.
CHK-315,Phase 15 — Thundering-Herd / Synchronization,Measure simultaneous action changes,ACTION_REQUIRED,ACTION_REQUIRED_HERD_ABLATION_HARNESS,NOT_READY,20260903-014334-redshadow-no-block-checklist,artifacts/real-world/20260903-010534-redshadow-updated-checklist/coordination,Provide existing synchronized-population and ablation controls.,Action register: EXCLUDED_SCOPE.csv; see BLOCKER_DIAGNOSIS.md for the removal path.
CHK-316,Phase 15 — Thundering-Herd / Synchronization,Measure migration bursts,ACTION_REQUIRED,ACTION_REQUIRED_HERD_ABLATION_HARNESS,NOT_READY,20260903-014334-redshadow-no-block-checklist,artifacts/real-world/20260903-010534-redshadow-updated-checklist/coordination,Provide existing synchronized-population and ablation controls.,Action register: EXCLUDED_SCOPE.csv; see BLOCKER_DIAGNOSIS.md for the removal path.
CHK-317,Phase 15 — Thundering-Herd / Synchronization,Measure wake-up bursts,ACTION_REQUIRED,ACTION_REQUIRED_HERD_ABLATION_HARNESS,NOT_READY,20260903-014334-redshadow-no-block-checklist,artifacts/real-world/20260903-010534-redshadow-updated-checklist/coordination,Provide existing synchronized-population and ablation controls.,Action register: EXCLUDED_SCOPE.csv; see BLOCKER_DIAGNOSIS.md for the removal path.
CHK-318,Phase 15 — Thundering-Herd / Synchronization,Measure CPU-utilization oscillation,ACTION_REQUIRED,ACTION_REQUIRED_HERD_ABLATION_HARNESS,NOT_READY,20260903-014334-redshadow-no-block-checklist,artifacts/real-world/20260903-010534-redshadow-updated-checklist/coordination,Provide existing synchronized-population and ablation controls.,Action register: EXCLUDED_SCOPE.csv; see BLOCKER_DIAGNOSIS.md for the removal path.
CHK-319,Phase 15 — Thundering-Herd / Synchronization,Measure queue oscillation,ACTION_REQUIRED,ACTION_REQUIRED_HERD_ABLATION_HARNESS,NOT_READY,20260903-014334-redshadow-no-block-checklist,artifacts/real-world/20260903-010534-redshadow-updated-checklist/coordination,Provide existing synchronized-population and ablation controls.,Action register: EXCLUDED_SCOPE.csv; see BLOCKER_DIAGNOSIS.md for the removal path.
CHK-320,Phase 15 — Thundering-Herd / Synchronization,Measure S3,ACTION_REQUIRED,ACTION_REQUIRED_HERD_ABLATION_HARNESS,NOT_READY,20260903-014334-redshadow-no-block-checklist,artifacts/real-world/20260903-010534-redshadow-updated-checklist/coordination,Provide existing synchronized-population and ablation controls.,Action register: EXCLUDED_SCOPE.csv; see BLOCKER_DIAGNOSIS.md for the removal path.
CHK-321,Phase 15 — Thundering-Herd / Synchronization,Measure S4,ACTION_REQUIRED,ACTION_REQUIRED_HERD_ABLATION_HARNESS,NOT_READY,20260903-014334-redshadow-no-block-checklist,artifacts/real-world/20260903-010534-redshadow-updated-checklist/coordination,Provide existing synchronized-population and ablation controls.,Action register: EXCLUDED_SCOPE.csv; see BLOCKER_DIAGNOSIS.md for the removal path.
CHK-322,Phase 15 — Thundering-Herd / Synchronization,Measure Q,ACTION_REQUIRED,ACTION_REQUIRED_HERD_ABLATION_HARNESS,NOT_READY,20260903-014334-redshadow-no-block-checklist,artifacts/real-world/20260903-010534-redshadow-updated-checklist/coordination,Provide existing synchronized-population and ablation controls.,Action register: EXCLUDED_SCOPE.csv; see BLOCKER_DIAGNOSIS.md for the removal path.
CHK-323,Phase 15 — Thundering-Herd / Synchronization,Measure recovery time,ACTION_REQUIRED,ACTION_REQUIRED_HERD_ABLATION_HARNESS,NOT_READY,20260903-014334-redshadow-no-block-checklist,artifacts/real-world/20260903-010534-redshadow-updated-checklist/coordination,Provide existing synchronized-population and ablation controls.,Action register: EXCLUDED_SCOPE.csv; see BLOCKER_DIAGNOSIS.md for the removal path.
CHK-324,Phase 15 — Thundering-Herd / Synchronization,Compare Linux baseline vs ORCHESTRA without anti-synchronization vs final ORCHESTRA,ACTION_REQUIRED,ACTION_REQUIRED_HERD_ABLATION_HARNESS,NOT_READY,20260903-014334-redshadow-no-block-checklist,artifacts/real-world/20260903-010534-redshadow-updated-checklist/coordination,Provide existing synchronized-population and ablation controls.,Action register: EXCLUDED_SCOPE.csv; see BLOCKER_DIAGNOSIS.md for the removal path.
CHK-325,Phase 16 — Fairness & Starvation,Measure CPU share per process,INCONCLUSIVE,INCONCLUSIVE_NO_PER_TASK_FAIRNESS_PROTOCOL,INCONCLUSIVE,20260903-010534-redshadow-updated-checklist,artifacts/real-world/20260903-010534-redshadow-updated-checklist/workload,,Throughput/elapsed time does not establish fairness or starvation.
CHK-326,Phase 16 — Fairness & Starvation,Measure CPU-share variance,INCONCLUSIVE,INCONCLUSIVE_NO_PER_TASK_FAIRNESS_PROTOCOL,INCONCLUSIVE,20260903-010534-redshadow-updated-checklist,artifacts/real-world/20260903-010534-redshadow-updated-checklist/workload,,Throughput/elapsed time does not establish fairness or starvation.
CHK-327,Phase 16 — Fairness & Starvation,Calculate fairness metric if adopted,INCONCLUSIVE,INCONCLUSIVE_NO_PER_TASK_FAIRNESS_PROTOCOL,INCONCLUSIVE,20260903-010534-redshadow-updated-checklist,artifacts/real-world/20260903-010534-redshadow-updated-checklist/workload,,Throughput/elapsed time does not establish fairness or starvation.
CHK-328,Phase 16 — Fairness & Starvation,Measure waiting time,INCONCLUSIVE,INCONCLUSIVE_NO_PER_TASK_FAIRNESS_PROTOCOL,INCONCLUSIVE,20260903-010534-redshadow-updated-checklist,artifacts/real-world/20260903-010534-redshadow-updated-checklist/workload,,Throughput/elapsed time does not establish fairness or starvation.
CHK-329,Phase 16 — Fairness & Starvation,Measure response time,INCONCLUSIVE,INCONCLUSIVE_NO_PER_TASK_FAIRNESS_PROTOCOL,INCONCLUSIVE,20260903-010534-redshadow-updated-checklist,artifacts/real-world/20260903-010534-redshadow-updated-checklist/workload,,Throughput/elapsed time does not establish fairness or starvation.
CHK-330,Phase 16 — Fairness & Starvation,Measure completion time,PASS,EVIDENCE_COLLECTED,EXPERIMENTALLY_VALIDATED,20260903-010534-redshadow-updated-checklist,artifacts/real-world/20260903-010534-redshadow-updated-checklist/workload,,Completion/elapsed times were recorded in comparison CSVs.
CHK-331,Phase 16 — Fairness & Starvation,Detect starvation,INCONCLUSIVE,INCONCLUSIVE_NO_PER_TASK_FAIRNESS_PROTOCOL,INCONCLUSIVE,20260903-010534-redshadow-updated-checklist,artifacts/real-world/20260903-010534-redshadow-updated-checklist/workload,,Throughput/elapsed time does not establish fairness or starvation.
CHK-332,Phase 16 — Fairness & Starvation,Test long-running task fairness,INCONCLUSIVE,INCONCLUSIVE_NO_PER_TASK_FAIRNESS_PROTOCOL,INCONCLUSIVE,20260903-010534-redshadow-updated-checklist,artifacts/real-world/20260903-010534-redshadow-updated-checklist/workload,,Throughput/elapsed time does not establish fairness or starvation.
CHK-333,Phase 16 — Fairness & Starvation,Test short-task responsiveness,INCONCLUSIVE,INCONCLUSIVE_NO_PER_TASK_FAIRNESS_PROTOCOL,INCONCLUSIVE,20260903-010534-redshadow-updated-checklist,artifacts/real-world/20260903-010534-redshadow-updated-checklist/workload,,Throughput/elapsed time does not establish fairness or starvation.
CHK-334,Phase 16 — Fairness & Starvation,Test interactive responsiveness,INCONCLUSIVE,INCONCLUSIVE_NO_PER_TASK_FAIRNESS_PROTOCOL,INCONCLUSIVE,20260903-010534-redshadow-updated-checklist,artifacts/real-world/20260903-010534-redshadow-updated-checklist/workload,,Throughput/elapsed time does not establish fairness or starvation.
CHK-335,Phase 16 — Fairness & Starvation,Test I/O-bound fairness,INCONCLUSIVE,INCONCLUSIVE_NO_PER_TASK_FAIRNESS_PROTOCOL,INCONCLUSIVE,20260903-010534-redshadow-updated-checklist,artifacts/real-world/20260903-010534-redshadow-updated-checklist/workload,,Throughput/elapsed time does not establish fairness or starvation.
CHK-336,Phase 16 — Fairness & Starvation,Test CPU-bound fairness,INCONCLUSIVE,INCONCLUSIVE_NO_PER_TASK_FAIRNESS_PROTOCOL,INCONCLUSIVE,20260903-010534-redshadow-updated-checklist,artifacts/real-world/20260903-010534-redshadow-updated-checklist/workload,,Throughput/elapsed time does not establish fairness or starvation.
CHK-337,Phase 17 — Migration,Single migration,PASS,EVIDENCE_COLLECTED,EXPERIMENTALLY_VALIDATED,20260903-010534-redshadow-updated-checklist,artifacts/real-world/20260903-010534-redshadow-updated-checklist/sched_ext,,Exact target/action counters and cross-core placement were observed.
CHK-338,Phase 17 — Migration,Repeated migration,PASS,EVIDENCE_COLLECTED,EXPERIMENTALLY_VALIDATED,20260903-010534-redshadow-updated-checklist,artifacts/real-world/20260903-010534-redshadow-updated-checklist/sched_ext,,Exact target/action counters and cross-core placement were observed.
CHK-339,Phase 17 — Migration,Multiple-process migration,PASS,EVIDENCE_COLLECTED,EXPERIMENTALLY_VALIDATED,20260903-010534-redshadow-updated-checklist,artifacts/real-world/20260903-010534-redshadow-updated-checklist/sched_ext,,Exact target/action counters and cross-core placement were observed.
CHK-340,Phase 17 — Migration,Cross-core migration,PASS,EVIDENCE_COLLECTED,EXPERIMENTALLY_VALIDATED,20260903-010534-redshadow-updated-checklist,artifacts/real-world/20260903-010534-redshadow-updated-checklist/sched_ext,,Exact target/action counters and cross-core placement were observed.
CHK-341,Phase 17 — Migration,Cross-socket migration,ACTION_REQUIRED,ACTION_REQUIRED_TOPOLOGY_OR_PRESSURE,NOT_READY,20260903-014334-redshadow-no-block-checklist,artifacts/real-world/20260903-010534-redshadow-updated-checklist/sched_ext,Use requested topology or add an approved pressure workload.,Action register: EXCLUDED_SCOPE.csv; see BLOCKER_DIAGNOSIS.md for the removal path.
CHK-342,Phase 17 — Migration,NUMA migration,ACTION_REQUIRED,ACTION_REQUIRED_TOPOLOGY_OR_PRESSURE,NOT_READY,20260903-014334-redshadow-no-block-checklist,artifacts/real-world/20260903-010534-redshadow-updated-checklist/sched_ext,Use requested topology or add an approved pressure workload.,Action register: EXCLUDED_SCOPE.csv; see BLOCKER_DIAGNOSIS.md for the removal path.
CHK-343,Phase 17 — Migration,Migration under CPU saturation,ACTION_REQUIRED,ACTION_REQUIRED_TOPOLOGY_OR_PRESSURE,NOT_READY,20260903-014334-redshadow-no-block-checklist,artifacts/real-world/20260903-010534-redshadow-updated-checklist/sched_ext,Use requested topology or add an approved pressure workload.,Action register: EXCLUDED_SCOPE.csv; see BLOCKER_DIAGNOSIS.md for the removal path.
CHK-344,Phase 17 — Migration,Migration under memory pressure,ACTION_REQUIRED,ACTION_REQUIRED_TOPOLOGY_OR_PRESSURE,NOT_READY,20260903-014334-redshadow-no-block-checklist,artifacts/real-world/20260903-010534-redshadow-updated-checklist/sched_ext,Use requested topology or add an approved pressure workload.,Action register: EXCLUDED_SCOPE.csv; see BLOCKER_DIAGNOSIS.md for the removal path.
CHK-345,Phase 17 — Migration,Migration under thermal pressure,ACTION_REQUIRED,ACTION_REQUIRED_TOPOLOGY_OR_PRESSURE,NOT_READY,20260903-014334-redshadow-no-block-checklist,artifacts/real-world/20260903-010534-redshadow-updated-checklist/sched_ext,Use requested topology or add an approved pressure workload.,Action register: EXCLUDED_SCOPE.csv; see BLOCKER_DIAGNOSIS.md for the removal path.
CHK-346,Phase 17 — Migration,Detect migration oscillation,ACTION_REQUIRED,ACTION_REQUIRED_TOPOLOGY_OR_PRESSURE,NOT_READY,20260903-014334-redshadow-no-block-checklist,artifacts/real-world/20260903-010534-redshadow-updated-checklist/sched_ext,Use requested topology or add an approved pressure workload.,Action register: EXCLUDED_SCOPE.csv; see BLOCKER_DIAGNOSIS.md for the removal path.
CHK-347,Phase 17 — Migration,Measure migration overhead,ACTION_REQUIRED,ACTION_REQUIRED_TOPOLOGY_OR_PRESSURE,NOT_READY,20260903-014334-redshadow-no-block-checklist,artifacts/real-world/20260903-010534-redshadow-updated-checklist/sched_ext,Use requested topology or add an approved pressure workload.,Action register: EXCLUDED_SCOPE.csv; see BLOCKER_DIAGNOSIS.md for the removal path.
CHK-348,Phase 17 — Migration,Measure cache impact,ACTION_REQUIRED,ACTION_REQUIRED_TOPOLOGY_OR_PRESSURE,NOT_READY,20260903-014334-redshadow-no-block-checklist,artifacts/real-world/20260903-010534-redshadow-updated-checklist/sched_ext,Use requested topology or add an approved pressure workload.,Action register: EXCLUDED_SCOPE.csv; see BLOCKER_DIAGNOSIS.md for the removal path.
CHK-349,Phase 17 — Migration,Measure NUMA locality impact,ACTION_REQUIRED,ACTION_REQUIRED_TOPOLOGY_OR_PRESSURE,NOT_READY,20260903-014334-redshadow-no-block-checklist,artifacts/real-world/20260903-010534-redshadow-updated-checklist/sched_ext,Use requested topology or add an approved pressure workload.,Action register: EXCLUDED_SCOPE.csv; see BLOCKER_DIAGNOSIS.md for the removal path.
CHK-350,Phase 18 — Failure & Recovery,Signal producer failure,ACTION_REQUIRED,ACTION_REQUIRED_FAULT_OR_PREDICTOR_PATH,NOT_READY,20260903-014334-redshadow-no-block-checklist,artifacts/real-world/20260903-010534-redshadow-updated-checklist/recovery,Provide an approved injector and predictor failure/recovery state.,Action register: EXCLUDED_SCOPE.csv; see BLOCKER_DIAGNOSIS.md for the removal path.
CHK-351,Phase 18 — Failure & Recovery,Signal consumer failure,ACTION_REQUIRED,ACTION_REQUIRED_FAULT_OR_PREDICTOR_PATH,NOT_READY,20260903-014334-redshadow-no-block-checklist,artifacts/real-world/20260903-010534-redshadow-updated-checklist/recovery,Provide an approved injector and predictor failure/recovery state.,Action register: EXCLUDED_SCOPE.csv; see BLOCKER_DIAGNOSIS.md for the removal path.
CHK-352,Phase 18 — Failure & Recovery,Signal corruption,ACTION_REQUIRED,ACTION_REQUIRED_FAULT_OR_PREDICTOR_PATH,NOT_READY,20260903-014334-redshadow-no-block-checklist,artifacts/real-world/20260903-010534-redshadow-updated-checklist/recovery,Provide an approved injector and predictor failure/recovery state.,Action register: EXCLUDED_SCOPE.csv; see BLOCKER_DIAGNOSIS.md for the removal path.
CHK-353,Phase 18 — Failure & Recovery,Signal delay,ACTION_REQUIRED,ACTION_REQUIRED_FAULT_OR_PREDICTOR_PATH,NOT_READY,20260903-014334-redshadow-no-block-checklist,artifacts/real-world/20260903-010534-redshadow-updated-checklist/recovery,Provide an approved injector and predictor failure/recovery state.,Action register: EXCLUDED_SCOPE.csv; see BLOCKER_DIAGNOSIS.md for the removal path.
CHK-354,Phase 18 — Failure & Recovery,Signal loss,ACTION_REQUIRED,ACTION_REQUIRED_FAULT_OR_PREDICTOR_PATH,NOT_READY,20260903-014334-redshadow-no-block-checklist,artifacts/real-world/20260903-010534-redshadow-updated-checklist/recovery,Provide an approved injector and predictor failure/recovery state.,Action register: EXCLUDED_SCOPE.csv; see BLOCKER_DIAGNOSIS.md for the removal path.
CHK-355,Phase 18 — Failure & Recovery,Signal recovery,PASS,EVIDENCE_COLLECTED,KERNEL_PROTOTYPED,20260903-010534-redshadow-updated-checklist,artifacts/real-world/20260903-010534-redshadow-updated-checklist/recovery,,Signal/policy lifecycle evidence is bounded.
CHK-356,Phase 18 — Failure & Recovery,Predictor unavailable,ACTION_REQUIRED,ACTION_REQUIRED_FAULT_OR_PREDICTOR_PATH,NOT_READY,20260903-014334-redshadow-no-block-checklist,artifacts/real-world/20260903-010534-redshadow-updated-checklist/recovery,Provide an approved injector and predictor failure/recovery state.,Action register: EXCLUDED_SCOPE.csv; see BLOCKER_DIAGNOSIS.md for the removal path.
CHK-357,Phase 18 — Failure & Recovery,Predictor invalid output,ACTION_REQUIRED,ACTION_REQUIRED_FAULT_OR_PREDICTOR_PATH,NOT_READY,20260903-014334-redshadow-no-block-checklist,artifacts/real-world/20260903-010534-redshadow-updated-checklist/recovery,Provide an approved injector and predictor failure/recovery state.,Action register: EXCLUDED_SCOPE.csv; see BLOCKER_DIAGNOSIS.md for the removal path.
CHK-358,Phase 18 — Failure & Recovery,Predictor timeout,ACTION_REQUIRED,ACTION_REQUIRED_FAULT_OR_PREDICTOR_PATH,NOT_READY,20260903-014334-redshadow-no-block-checklist,artifacts/real-world/20260903-010534-redshadow-updated-checklist/recovery,Provide an approved injector and predictor failure/recovery state.,Action register: EXCLUDED_SCOPE.csv; see BLOCKER_DIAGNOSIS.md for the removal path.
CHK-359,Phase 18 — Failure & Recovery,Prediction-confidence collapse,ACTION_REQUIRED,ACTION_REQUIRED_FAULT_OR_PREDICTOR_PATH,NOT_READY,20260903-014334-redshadow-no-block-checklist,artifacts/real-world/20260903-010534-redshadow-updated-checklist/recovery,Provide an approved injector and predictor failure/recovery state.,Action register: EXCLUDED_SCOPE.csv; see BLOCKER_DIAGNOSIS.md for the removal path.
CHK-360,Phase 18 — Failure & Recovery,Fallback to observed state,PASS,EVIDENCE_COLLECTED,KERNEL_PROTOTYPED,20260903-010534-redshadow-updated-checklist,artifacts/real-world/20260903-010534-redshadow-updated-checklist/recovery,,Bounded fallback/lifecycle and normal process lifecycle evidence.
CHK-361,Phase 18 — Failure & Recovery,Predictor recovery,ACTION_REQUIRED,ACTION_REQUIRED_FAULT_OR_PREDICTOR_PATH,NOT_READY,20260903-014334-redshadow-no-block-checklist,artifacts/real-world/20260903-010534-redshadow-updated-checklist/recovery,Provide an approved injector and predictor failure/recovery state.,Action register: EXCLUDED_SCOPE.csv; see BLOCKER_DIAGNOSIS.md for the removal path.
CHK-362,Phase 18 — Failure & Recovery,Policy unavailable,ACTION_REQUIRED,ACTION_REQUIRED_FAULT_OR_PREDICTOR_PATH,NOT_READY,20260903-014334-redshadow-no-block-checklist,artifacts/real-world/20260903-010534-redshadow-updated-checklist/recovery,Provide an approved injector and predictor failure/recovery state.,Action register: EXCLUDED_SCOPE.csv; see BLOCKER_DIAGNOSIS.md for the removal path.
CHK-363,Phase 18 — Failure & Recovery,Invalid policy,ACTION_REQUIRED,ACTION_REQUIRED_FAULT_OR_PREDICTOR_PATH,NOT_READY,20260903-014334-redshadow-no-block-checklist,artifacts/real-world/20260903-010534-redshadow-updated-checklist/recovery,Provide an approved injector and predictor failure/recovery state.,Action register: EXCLUDED_SCOPE.csv; see BLOCKER_DIAGNOSIS.md for the removal path.
CHK-364,Phase 18 — Failure & Recovery,Policy reset,PASS,EVIDENCE_COLLECTED,KERNEL_PROTOTYPED,20260903-010534-redshadow-updated-checklist,artifacts/real-world/20260903-010534-redshadow-updated-checklist/recovery,,Signal/policy lifecycle evidence is bounded.
CHK-365,Phase 18 — Failure & Recovery,Policy suspension,PASS,EVIDENCE_COLLECTED,KERNEL_PROTOTYPED,20260903-010534-redshadow-updated-checklist,artifacts/real-world/20260903-010534-redshadow-updated-checklist/recovery,,Signal/policy lifecycle evidence is bounded.
CHK-366,Phase 18 — Failure & Recovery,Fallback scheduling,PASS,EVIDENCE_COLLECTED,KERNEL_PROTOTYPED,20260903-010534-redshadow-updated-checklist,artifacts/real-world/20260903-010534-redshadow-updated-checklist/recovery,,Signal/policy lifecycle evidence is bounded.
CHK-367,Phase 18 — Failure & Recovery,Controller disabled,PASS,EVIDENCE_COLLECTED,KERNEL_PROTOTYPED,20260903-010534-redshadow-updated-checklist,artifacts/real-world/20260903-010534-redshadow-updated-checklist/recovery,,Signal/policy lifecycle evidence is bounded.
CHK-368,Phase 18 — Failure & Recovery,Controller saturation,ACTION_REQUIRED,ACTION_REQUIRED_FAULT_OR_PREDICTOR_PATH,NOT_READY,20260903-014334-redshadow-no-block-checklist,artifacts/real-world/20260903-010534-redshadow-updated-checklist/recovery,Provide an approved injector and predictor failure/recovery state.,Action register: EXCLUDED_SCOPE.csv; see BLOCKER_DIAGNOSIS.md for the removal path.
CHK-369,Phase 18 — Failure & Recovery,Invalid parameter update,ACTION_REQUIRED,ACTION_REQUIRED_FAULT_OR_PREDICTOR_PATH,NOT_READY,20260903-014334-redshadow-no-block-checklist,artifacts/real-world/20260903-010534-redshadow-updated-checklist/recovery,Provide an approved injector and predictor failure/recovery state.,Action register: EXCLUDED_SCOPE.csv; see BLOCKER_DIAGNOSIS.md for the removal path.
CHK-370,Phase 18 — Failure & Recovery,Parameter oscillation,ACTION_REQUIRED,ACTION_REQUIRED_FAULT_OR_PREDICTOR_PATH,NOT_READY,20260903-014334-redshadow-no-block-checklist,artifacts/real-world/20260903-010534-redshadow-updated-checklist/recovery,Provide an approved injector and predictor failure/recovery state.,Action register: EXCLUDED_SCOPE.csv; see BLOCKER_DIAGNOSIS.md for the removal path.
CHK-371,Phase 18 — Failure & Recovery,Controller restart,ACTION_REQUIRED,ACTION_REQUIRED_FAULT_OR_PREDICTOR_PATH,NOT_READY,20260903-014334-redshadow-no-block-checklist,artifacts/real-world/20260903-010534-redshadow-updated-checklist/recovery,Provide an approved injector and predictor failure/recovery state.,Action register: EXCLUDED_SCOPE.csv; see BLOCKER_DIAGNOSIS.md for the removal path.
CHK-372,Phase 18 — Failure & Recovery,Controller recovery,ACTION_REQUIRED,ACTION_REQUIRED_FAULT_OR_PREDICTOR_PATH,NOT_READY,20260903-014334-redshadow-no-block-checklist,artifacts/real-world/20260903-010534-redshadow-updated-checklist/recovery,Provide an approved injector and predictor failure/recovery state.,Action register: EXCLUDED_SCOPE.csv; see BLOCKER_DIAGNOSIS.md for the removal path.
CHK-373,Phase 18 — Failure & Recovery,CPU offline/online where supported,ACTION_REQUIRED,ACTION_REQUIRED_FAULT_OR_PREDICTOR_PATH,NOT_READY,20260903-014334-redshadow-no-block-checklist,artifacts/real-world/20260903-010534-redshadow-updated-checklist/recovery,Provide an approved injector and predictor failure/recovery state.,Action register: EXCLUDED_SCOPE.csv; see BLOCKER_DIAGNOSIS.md for the removal path.
CHK-374,Phase 18 — Failure & Recovery,Process termination during scheduling,PASS,EVIDENCE_COLLECTED,KERNEL_PROTOTYPED,20260903-010534-redshadow-updated-checklist,artifacts/real-world/20260903-010534-redshadow-updated-checklist/recovery,,Bounded fallback/lifecycle and normal process lifecycle evidence.
CHK-375,Phase 18 — Failure & Recovery,Process creation during load,PASS,EVIDENCE_COLLECTED,KERNEL_PROTOTYPED,20260903-010534-redshadow-updated-checklist,artifacts/real-world/20260903-010534-redshadow-updated-checklist/recovery,,Bounded fallback/lifecycle and normal process lifecycle evidence.
CHK-376,Phase 18 — Failure & Recovery,CPU hotplug where supported,ACTION_REQUIRED,ACTION_REQUIRED_FAULT_OR_PREDICTOR_PATH,NOT_READY,20260903-014334-redshadow-no-block-checklist,artifacts/real-world/20260903-010534-redshadow-updated-checklist/recovery,Provide an approved injector and predictor failure/recovery state.,Action register: EXCLUDED_SCOPE.csv; see BLOCKER_DIAGNOSIS.md for the removal path.
CHK-377,Phase 18 — Failure & Recovery,Memory pressure,ACTION_REQUIRED,ACTION_REQUIRED_FAULT_OR_PREDICTOR_PATH,NOT_READY,20260903-014334-redshadow-no-block-checklist,artifacts/real-world/20260903-010534-redshadow-updated-checklist/recovery,Provide an approved injector and predictor failure/recovery state.,Action register: EXCLUDED_SCOPE.csv; see BLOCKER_DIAGNOSIS.md for the removal path.
CHK-378,Phase 18 — Failure & Recovery,Safe scheduler recovery,PASS,EVIDENCE_COLLECTED,KERNEL_PROTOTYPED,20260903-010534-redshadow-updated-checklist,artifacts/real-world/20260903-010534-redshadow-updated-checklist/recovery,,Bounded fallback/lifecycle and normal process lifecycle evidence.
CHK-379,Phase 19 — Security / Integrity,Tamper signal,INCONCLUSIVE,INCONCLUSIVE_KERNEL_CRYPTO_NOT_IMPLEMENTED,INCONCLUSIVE,20260903-010534-redshadow-updated-checklist,artifacts/real-world/20260903-010534-redshadow-updated-checklist/security,,Local-trust validation and CLI checks exist; cryptographic tamper/authentication is not implemented.
CHK-380,Phase 19 — Security / Integrity,Modify CPU value,INCONCLUSIVE,INCONCLUSIVE_KERNEL_CRYPTO_NOT_IMPLEMENTED,INCONCLUSIVE,20260903-010534-redshadow-updated-checklist,artifacts/real-world/20260903-010534-redshadow-updated-checklist/security,,Local-trust validation and CLI checks exist; cryptographic tamper/authentication is not implemented.
CHK-381,Phase 19 — Security / Integrity,Modify memory value,INCONCLUSIVE,INCONCLUSIVE_KERNEL_CRYPTO_NOT_IMPLEMENTED,INCONCLUSIVE,20260903-010534-redshadow-updated-checklist,artifacts/real-world/20260903-010534-redshadow-updated-checklist/security,,Local-trust validation and CLI checks exist; cryptographic tamper/authentication is not implemented.
CHK-382,Phase 19 — Security / Integrity,Modify thermal value,INCONCLUSIVE,INCONCLUSIVE_KERNEL_CRYPTO_NOT_IMPLEMENTED,INCONCLUSIVE,20260903-010534-redshadow-updated-checklist,artifacts/real-world/20260903-010534-redshadow-updated-checklist/security,,Local-trust validation and CLI checks exist; cryptographic tamper/authentication is not implemented.
CHK-383,Phase 19 — Security / Integrity,Modify prediction,INCONCLUSIVE,INCONCLUSIVE_KERNEL_CRYPTO_NOT_IMPLEMENTED,INCONCLUSIVE,20260903-010534-redshadow-updated-checklist,artifacts/real-world/20260903-010534-redshadow-updated-checklist/security,,Local-trust validation and CLI checks exist; cryptographic tamper/authentication is not implemented.
CHK-384,Phase 19 — Security / Integrity,Modify directive,INCONCLUSIVE,INCONCLUSIVE_KERNEL_CRYPTO_NOT_IMPLEMENTED,INCONCLUSIVE,20260903-010534-redshadow-updated-checklist,artifacts/real-world/20260903-010534-redshadow-updated-checklist/security,,Local-trust validation and CLI checks exist; cryptographic tamper/authentication is not implemented.
CHK-385,Phase 19 — Security / Integrity,Modify timestamp,INCONCLUSIVE,INCONCLUSIVE_KERNEL_CRYPTO_NOT_IMPLEMENTED,INCONCLUSIVE,20260903-010534-redshadow-updated-checklist,artifacts/real-world/20260903-010534-redshadow-updated-checklist/security,,Local-trust validation and CLI checks exist; cryptographic tamper/authentication is not implemented.
CHK-386,Phase 19 — Security / Integrity,Modify sequence number,INCONCLUSIVE,INCONCLUSIVE_KERNEL_CRYPTO_NOT_IMPLEMENTED,INCONCLUSIVE,20260903-010534-redshadow-updated-checklist,artifacts/real-world/20260903-010534-redshadow-updated-checklist/security,,Local-trust validation and CLI checks exist; cryptographic tamper/authentication is not implemented.
CHK-387,Phase 19 — Security / Integrity,Replay old signal,PASS,EVIDENCE_COLLECTED,KERNEL_PROTOTYPED,20260903-010534-redshadow-updated-checklist,artifacts/real-world/20260903-010534-redshadow-updated-checklist/security,,Sequence/freshness/replay rejection probes.
CHK-388,Phase 19 — Security / Integrity,Duplicate signal,PASS,EVIDENCE_COLLECTED,KERNEL_PROTOTYPED,20260903-010534-redshadow-updated-checklist,artifacts/real-world/20260903-010534-redshadow-updated-checklist/security,,Sequence/freshness/replay rejection probes.
CHK-389,Phase 19 — Security / Integrity,Out-of-order signal,PASS,EVIDENCE_COLLECTED,KERNEL_PROTOTYPED,20260903-010534-redshadow-updated-checklist,artifacts/real-world/20260903-010534-redshadow-updated-checklist/security,,Sequence/freshness/replay rejection probes.
CHK-390,Phase 19 — Security / Integrity,Stale signal,PASS,EVIDENCE_COLLECTED,KERNEL_PROTOTYPED,20260903-010534-redshadow-updated-checklist,artifacts/real-world/20260903-010534-redshadow-updated-checklist/security,,Sequence/freshness/replay rejection probes.
CHK-391,Phase 19 — Security / Integrity,Invalid authentication,INCONCLUSIVE,INCONCLUSIVE_KERNEL_CRYPTO_NOT_IMPLEMENTED,INCONCLUSIVE,20260903-010534-redshadow-updated-checklist,artifacts/real-world/20260903-010534-redshadow-updated-checklist/security,,Local-trust validation and CLI checks exist; cryptographic tamper/authentication is not implemented.
CHK-392,Phase 19 — Security / Integrity,"For each invalid frame verify detection, rejection, no scheduler corruption, safe fallback, diagnostic event and recovery",INCONCLUSIVE,INCONCLUSIVE_KERNEL_CRYPTO_NOT_IMPLEMENTED,INCONCLUSIVE,20260903-010534-redshadow-updated-checklist,artifacts/real-world/20260903-010534-redshadow-updated-checklist/security,,Local-trust validation and CLI checks exist; cryptographic tamper/authentication is not implemented.
CHK-393,Phase 20 — Multi-Core,Run core-1 test,PASS,EVIDENCE_COLLECTED,EXPERIMENTALLY_VALIDATED,20260903-010534-redshadow-updated-checklist,artifacts/real-world/20260903-010534-redshadow-updated-checklist/multicore,,1/2/4 worker comparisons and 8-worker stress with exact-TID ownership.
CHK-394,Phase 20 — Multi-Core,Run core-2 test,PASS,EVIDENCE_COLLECTED,EXPERIMENTALLY_VALIDATED,20260903-010534-redshadow-updated-checklist,artifacts/real-world/20260903-010534-redshadow-updated-checklist/multicore,,1/2/4 worker comparisons and 8-worker stress with exact-TID ownership.
CHK-395,Phase 20 — Multi-Core,Run core-4 test,PASS,EVIDENCE_COLLECTED,EXPERIMENTALLY_VALIDATED,20260903-010534-redshadow-updated-checklist,artifacts/real-world/20260903-010534-redshadow-updated-checklist/multicore,,1/2/4 worker comparisons and 8-worker stress with exact-TID ownership.
CHK-396,Phase 20 — Multi-Core,Run core-8 test,PASS,EVIDENCE_COLLECTED,EXPERIMENTALLY_VALIDATED,20260903-010534-redshadow-updated-checklist,artifacts/real-world/20260903-010534-redshadow-updated-checklist/multicore,,1/2/4 worker comparisons and 8-worker stress with exact-TID ownership.
CHK-397,Phase 20 — Multi-Core,Run core-16+ test if available,INCONCLUSIVE,INCONCLUSIVE_METRIC_SET_NOT_FULLY_OBSERVED,INCONCLUSIVE,20260903-010534-redshadow-updated-checklist,artifacts/real-world/20260903-010534-redshadow-updated-checklist/multicore,,Ownership/elapsed/context-switch evidence exists; full latency/Q/cache set does not.
CHK-398,Phase 20 — Multi-Core,"For each configuration measure scheduling latency, Q, CPU utilization, migration rate, signal propagation latency, synchronization overhead, memory overhead and cache effects",INCONCLUSIVE,INCONCLUSIVE_METRIC_SET_NOT_FULLY_OBSERVED,INCONCLUSIVE,20260903-010534-redshadow-updated-checklist,artifacts/real-world/20260903-010534-redshadow-updated-checklist/multicore,,Ownership/elapsed/context-switch evidence exists; full latency/Q/cache set does not.
CHK-399,Phase 21 — NUMA,Detect NUMA topology,PASS,EVIDENCE_COLLECTED,EXPERIMENTALLY_VALIDATED,20260903-010534-redshadow-updated-checklist,artifacts/real-world/20260903-010534-redshadow-updated-checklist/environment,,Single NUMA-node topology and local workload evidence.
CHK-400,Phase 21 — NUMA,Verify node-local signals,ACTION_REQUIRED,ACTION_REQUIRED_MULTI_NUMA_HOST,NOT_READY,20260903-014334-redshadow-no-block-checklist,artifacts/real-world/20260903-010534-redshadow-updated-checklist/numa,Use a multi-NUMA host or mark topology-specific rows N/A.,Action register: EXCLUDED_SCOPE.csv; see BLOCKER_DIAGNOSIS.md for the removal path.
CHK-401,Phase 21 — NUMA,Verify system-level signals,PASS,EVIDENCE_COLLECTED,EXPERIMENTALLY_VALIDATED,20260903-010534-redshadow-updated-checklist,artifacts/real-world/20260903-010534-redshadow-updated-checklist/environment,,Single NUMA-node topology and local workload evidence.
CHK-402,Phase 21 — NUMA,Run local-memory workload,PASS,EVIDENCE_COLLECTED,EXPERIMENTALLY_VALIDATED,20260903-010534-redshadow-updated-checklist,artifacts/real-world/20260903-010534-redshadow-updated-checklist/environment,,Single NUMA-node topology and local workload evidence.
CHK-403,Phase 21 — NUMA,Run remote-memory workload,ACTION_REQUIRED,ACTION_REQUIRED_MULTI_NUMA_HOST,NOT_READY,20260903-014334-redshadow-no-block-checklist,artifacts/real-world/20260903-010534-redshadow-updated-checklist/numa,Use a multi-NUMA host or mark topology-specific rows N/A.,Action register: EXCLUDED_SCOPE.csv; see BLOCKER_DIAGNOSIS.md for the removal path.
CHK-404,Phase 21 — NUMA,Cross-node migration,ACTION_REQUIRED,ACTION_REQUIRED_MULTI_NUMA_HOST,NOT_READY,20260903-014334-redshadow-no-block-checklist,artifacts/real-world/20260903-010534-redshadow-updated-checklist/numa,Use a multi-NUMA host or mark topology-specific rows N/A.,Action register: EXCLUDED_SCOPE.csv; see BLOCKER_DIAGNOSIS.md for the removal path.
CHK-405,Phase 21 — NUMA,Memory-locality-aware scheduling,ACTION_REQUIRED,ACTION_REQUIRED_MULTI_NUMA_HOST,NOT_READY,20260903-014334-redshadow-no-block-checklist,artifacts/real-world/20260903-010534-redshadow-updated-checklist/numa,Use a multi-NUMA host or mark topology-specific rows N/A.,Action register: EXCLUDED_SCOPE.csv; see BLOCKER_DIAGNOSIS.md for the removal path.
CHK-406,Phase 21 — NUMA,Measure remote-memory access,ACTION_REQUIRED,ACTION_REQUIRED_MULTI_NUMA_HOST,NOT_READY,20260903-014334-redshadow-no-block-checklist,artifacts/real-world/20260903-010534-redshadow-updated-checklist/numa,Use a multi-NUMA host or mark topology-specific rows N/A.,Action register: EXCLUDED_SCOPE.csv; see BLOCKER_DIAGNOSIS.md for the removal path.
CHK-407,Phase 21 — NUMA,Measure NUMA migration overhead,ACTION_REQUIRED,ACTION_REQUIRED_MULTI_NUMA_HOST,NOT_READY,20260903-014334-redshadow-no-block-checklist,artifacts/real-world/20260903-010534-redshadow-updated-checklist/numa,Use a multi-NUMA host or mark topology-specific rows N/A.,Action register: EXCLUDED_SCOPE.csv; see BLOCKER_DIAGNOSIS.md for the removal path.
CHK-408,Phase 21 — NUMA,Measure coordination per NUMA domain,ACTION_REQUIRED,ACTION_REQUIRED_MULTI_NUMA_HOST,NOT_READY,20260903-014334-redshadow-no-block-checklist,artifacts/real-world/20260903-010534-redshadow-updated-checklist/numa,Use a multi-NUMA host or mark topology-specific rows N/A.,Action register: EXCLUDED_SCOPE.csv; see BLOCKER_DIAGNOSIS.md for the removal path.
CHK-409,Phase 21 — NUMA,Measure global coordination,INCONCLUSIVE,INCONCLUSIVE_SINGLE_NODE_ONLY,INCONCLUSIVE,20260903-010534-redshadow-updated-checklist,artifacts/real-world/20260903-010534-redshadow-updated-checklist/coordination,,No multi-node global-vs-local comparison is possible on this host.
CHK-410,Phase 22 — Scalability,Increase task count,PASS,EVIDENCE_COLLECTED,EXPERIMENTALLY_VALIDATED,20260903-010534-redshadow-updated-checklist,artifacts/real-world/20260903-010534-redshadow-updated-checklist/multicore,,Bounded worker-count comparison 1/2/4/8.
CHK-411,Phase 22 — Scalability,Increase CPU count,PASS,EVIDENCE_COLLECTED,EXPERIMENTALLY_VALIDATED,20260903-010534-redshadow-updated-checklist,artifacts/real-world/20260903-010534-redshadow-updated-checklist/multicore,,Bounded worker-count comparison 1/2/4/8.
CHK-412,Phase 22 — Scalability,Increase scheduling-domain size,PASS,EVIDENCE_COLLECTED,EXPERIMENTALLY_VALIDATED,20260903-010534-redshadow-updated-checklist,artifacts/real-world/20260903-010534-redshadow-updated-checklist/multicore,,Bounded worker-count comparison 1/2/4/8.
CHK-413,Phase 22 — Scalability,Increase NUMA-node count if available,INCONCLUSIVE,INCONCLUSIVE_SCALABILITY_METRICS_LIMITED,INCONCLUSIVE,20260903-010534-redshadow-updated-checklist,artifacts/real-world/20260903-010534-redshadow-updated-checklist/multicore,,Only bounded single-host worker scaling was collected.
CHK-414,Phase 22 — Scalability,Measure scheduling latency,INCONCLUSIVE,INCONCLUSIVE_SCALABILITY_METRICS_LIMITED,INCONCLUSIVE,20260903-010534-redshadow-updated-checklist,artifacts/real-world/20260903-010534-redshadow-updated-checklist/multicore,,Only bounded single-host worker scaling was collected.
CHK-415,Phase 22 — Scalability,Signal latency,INCONCLUSIVE,INCONCLUSIVE_SCALABILITY_METRICS_LIMITED,INCONCLUSIVE,20260903-010534-redshadow-updated-checklist,artifacts/real-world/20260903-010534-redshadow-updated-checklist/multicore,,Only bounded single-host worker scaling was collected.
CHK-416,Phase 22 — Scalability,Signal Bus overhead,INCONCLUSIVE,INCONCLUSIVE_SCALABILITY_METRICS_LIMITED,INCONCLUSIVE,20260903-010534-redshadow-updated-checklist,artifacts/real-world/20260903-010534-redshadow-updated-checklist/multicore,,Only bounded single-host worker scaling was collected.
CHK-417,Phase 22 — Scalability,Coordination cost,INCONCLUSIVE,INCONCLUSIVE_SCALABILITY_METRICS_LIMITED,INCONCLUSIVE,20260903-010534-redshadow-updated-checklist,artifacts/real-world/20260903-010534-redshadow-updated-checklist/multicore,,Only bounded single-host worker scaling was collected.
CHK-418,Phase 22 — Scalability,Controller cost,INCONCLUSIVE,INCONCLUSIVE_SCALABILITY_METRICS_LIMITED,INCONCLUSIVE,20260903-010534-redshadow-updated-checklist,artifacts/real-world/20260903-010534-redshadow-updated-checklist/multicore,,Only bounded single-host worker scaling was collected.
CHK-419,Phase 22 — Scalability,Memory footprint,INCONCLUSIVE,INCONCLUSIVE_SCALABILITY_METRICS_LIMITED,INCONCLUSIVE,20260903-010534-redshadow-updated-checklist,artifacts/real-world/20260903-010534-redshadow-updated-checklist/multicore,,Only bounded single-host worker scaling was collected.
CHK-420,Phase 22 — Scalability,CPU overhead,INCONCLUSIVE,INCONCLUSIVE_SCALABILITY_METRICS_LIMITED,INCONCLUSIVE,20260903-010534-redshadow-updated-checklist,artifacts/real-world/20260903-010534-redshadow-updated-checklist/multicore,,Only bounded single-host worker scaling was collected.
CHK-421,Phase 22 — Scalability,Migration overhead,INCONCLUSIVE,INCONCLUSIVE_SCALABILITY_METRICS_LIMITED,INCONCLUSIVE,20260903-010534-redshadow-updated-checklist,artifacts/real-world/20260903-010534-redshadow-updated-checklist/multicore,,Only bounded single-host worker scaling was collected.
CHK-422,Phase 22 — Scalability,Q,INCONCLUSIVE,INCONCLUSIVE_SCALABILITY_METRICS_LIMITED,INCONCLUSIVE,20260903-010534-redshadow-updated-checklist,artifacts/real-world/20260903-010534-redshadow-updated-checklist/multicore,,Only bounded single-host worker scaling was collected.
CHK-423,Phase 22 — Scalability,throughput,INCONCLUSIVE,INCONCLUSIVE_SCALABILITY_METRICS_LIMITED,INCONCLUSIVE,20260903-010534-redshadow-updated-checklist,artifacts/real-world/20260903-010534-redshadow-updated-checklist/multicore,,Only bounded single-host worker scaling was collected.
CHK-424,Phase 22 — Scalability,scalability limit,INCONCLUSIVE,INCONCLUSIVE_SCALABILITY_METRICS_LIMITED,INCONCLUSIVE,20260903-010534-redshadow-updated-checklist,artifacts/real-world/20260903-010534-redshadow-updated-checklist/multicore,,Only bounded single-host worker scaling was collected.
CHK-425,Phase 23 — Baseline & Ablation,Linux scheduler baseline,PASS,EVIDENCE_COLLECTED,EXPERIMENTALLY_VALIDATED,20260903-010534-redshadow-updated-checklist,artifacts/real-world/20260903-010534-redshadow-updated-checklist/workload,,Three identical CFS/ORCHESTRA repetitions; scx_simple unavailable.
CHK-426,Phase 23 — Baseline & Ablation,ORCHESTRA infrastructure with adaptive behavior disabled if available,ACTION_REQUIRED,ACTION_REQUIRED_ABLATION_OR_COMPARATOR,NOT_READY,20260903-014334-redshadow-no-block-checklist,artifacts/real-world/20260903-010534-redshadow-updated-checklist/workload,Provide the ablation switch and declared comparator scheduler.,Action register: EXCLUDED_SCOPE.csv; see BLOCKER_DIAGNOSIS.md for the removal path.
CHK-427,Phase 23 — Baseline & Ablation,Full ORCHESTRA,PASS,EVIDENCE_COLLECTED,EXPERIMENTALLY_VALIDATED,20260903-010534-redshadow-updated-checklist,artifacts/real-world/20260903-010534-redshadow-updated-checklist/workload,,Three identical CFS/ORCHESTRA repetitions; scx_simple unavailable.
CHK-428,Phase 23 — Baseline & Ablation,Ablation: prediction OFF,ACTION_REQUIRED,ACTION_REQUIRED_ABLATION_OR_COMPARATOR,NOT_READY,20260903-014334-redshadow-no-block-checklist,artifacts/real-world/20260903-010534-redshadow-updated-checklist/workload,Provide the ablation switch and declared comparator scheduler.,Action register: EXCLUDED_SCOPE.csv; see BLOCKER_DIAGNOSIS.md for the removal path.
CHK-429,Phase 23 — Baseline & Ablation,Ablation: adaptation OFF,ACTION_REQUIRED,ACTION_REQUIRED_ABLATION_OR_COMPARATOR,NOT_READY,20260903-014334-redshadow-no-block-checklist,artifacts/real-world/20260903-010534-redshadow-updated-checklist/workload,Provide the ablation switch and declared comparator scheduler.,Action register: EXCLUDED_SCOPE.csv; see BLOCKER_DIAGNOSIS.md for the removal path.
CHK-430,Phase 23 — Baseline & Ablation,Ablation: feedback controller OFF,ACTION_REQUIRED,ACTION_REQUIRED_ABLATION_OR_COMPARATOR,NOT_READY,20260903-014334-redshadow-no-block-checklist,artifacts/real-world/20260903-010534-redshadow-updated-checklist/workload,Provide the ablation switch and declared comparator scheduler.,Action register: EXCLUDED_SCOPE.csv; see BLOCKER_DIAGNOSIS.md for the removal path.
CHK-431,Phase 23 — Baseline & Ablation,Ablation: anti-synchronization OFF,ACTION_REQUIRED,ACTION_REQUIRED_ABLATION_OR_COMPARATOR,NOT_READY,20260903-014334-redshadow-no-block-checklist,artifacts/real-world/20260903-010534-redshadow-updated-checklist/workload,Provide the ablation switch and declared comparator scheduler.,Action register: EXCLUDED_SCOPE.csv; see BLOCKER_DIAGNOSIS.md for the removal path.
CHK-432,Phase 23 — Baseline & Ablation,Ablation: consensus mechanism OFF,ACTION_REQUIRED,ACTION_REQUIRED_ABLATION_OR_COMPARATOR,NOT_READY,20260903-014334-redshadow-no-block-checklist,artifacts/real-world/20260903-010534-redshadow-updated-checklist/workload,Provide the ablation switch and declared comparator scheduler.,Action register: EXCLUDED_SCOPE.csv; see BLOCKER_DIAGNOSIS.md for the removal path.
CHK-433,Phase 23 — Baseline & Ablation,Ablation: monitoring OFF,ACTION_REQUIRED,ACTION_REQUIRED_ABLATION_OR_COMPARATOR,NOT_READY,20260903-014334-redshadow-no-block-checklist,artifacts/real-world/20260903-010534-redshadow-updated-checklist/workload,Provide the ablation switch and declared comparator scheduler.,Action register: EXCLUDED_SCOPE.csv; see BLOCKER_DIAGNOSIS.md for the removal path.
CHK-434,Phase 23 — Baseline & Ablation,Use identical hardware/workload/duration/parameters across comparable runs,PASS,EVIDENCE_COLLECTED,EXPERIMENTALLY_VALIDATED,20260903-010534-redshadow-updated-checklist,artifacts/real-world/20260903-010534-redshadow-updated-checklist/workload,,Three identical CFS/ORCHESTRA repetitions; scx_simple unavailable.
CHK-435,Phase 24 — Statistical Validation,Repeat each major experiment,PASS,EVIDENCE_COLLECTED,EXPERIMENTALLY_VALIDATED,20260903-010534-redshadow-updated-checklist,artifacts/real-world/20260903-010534-redshadow-updated-checklist/workload,,Three current repetitions plus prior statistical archive.
CHK-436,Phase 24 — Statistical Validation,Use controlled random seeds where applicable,N/A,NOT_APPLICABLE_NO_RANDOM_SEED,EXPLORATORY,20260903-010534-redshadow-updated-checklist,artifacts/real-world/20260903-010534-redshadow-updated-checklist/workload,,No seed-bearing approved run.
CHK-437,Phase 24 — Statistical Validation,Record every run,PASS,EVIDENCE_COLLECTED,EXPERIMENTALLY_VALIDATED,20260903-010534-redshadow-updated-checklist,artifacts/real-world/20260903-010534-redshadow-updated-checklist/workload,,Three current repetitions plus prior statistical archive.
CHK-438,Phase 24 — Statistical Validation,Calculate mean,PASS,EVIDENCE_COLLECTED,EXPERIMENTALLY_VALIDATED,20260903-010534-redshadow-updated-checklist,artifacts/real-world/20260903-010534-redshadow-updated-checklist/workload,,Three current repetitions plus prior statistical archive.
CHK-439,Phase 24 — Statistical Validation,Median,PASS,EVIDENCE_COLLECTED,EXPERIMENTALLY_VALIDATED,20260903-010534-redshadow-updated-checklist,artifacts/real-world/20260903-010534-redshadow-updated-checklist/workload,,Three current repetitions plus prior statistical archive.
CHK-440,Phase 24 — Statistical Validation,Standard deviation,PASS,EVIDENCE_COLLECTED,EXPERIMENTALLY_VALIDATED,20260903-010534-redshadow-updated-checklist,artifacts/real-world/20260903-010534-redshadow-updated-checklist/workload,,Three current repetitions plus prior statistical archive.
CHK-441,Phase 24 — Statistical Validation,Minimum,PASS,EVIDENCE_COLLECTED,EXPERIMENTALLY_VALIDATED,20260903-010534-redshadow-updated-checklist,artifacts/real-world/20260903-010534-redshadow-updated-checklist/workload,,Three current repetitions plus prior statistical archive.
CHK-442,Phase 24 — Statistical Validation,Maximum,PASS,EVIDENCE_COLLECTED,EXPERIMENTALLY_VALIDATED,20260903-010534-redshadow-updated-checklist,artifacts/real-world/20260903-010534-redshadow-updated-checklist/workload,,Three current repetitions plus prior statistical archive.
CHK-443,Phase 24 — Statistical Validation,Confidence interval where appropriate,PASS,EVIDENCE_COLLECTED,EXPERIMENTALLY_VALIDATED,20260903-010534-redshadow-updated-checklist,artifacts/real-world/20260903-010534-redshadow-updated-checklist/workload,,Three current repetitions plus prior statistical archive.
CHK-444,Phase 24 — Statistical Validation,Analyze outliers,PASS,EVIDENCE_COLLECTED,EXPERIMENTALLY_VALIDATED,20260903-010534-redshadow-updated-checklist,artifacts/real-world/20260903-010534-redshadow-updated-checklist/workload,,Three current repetitions plus prior statistical archive.
CHK-445,Phase 24 — Statistical Validation,Compare distributions,PASS,EVIDENCE_COLLECTED,EXPERIMENTALLY_VALIDATED,20260903-010534-redshadow-updated-checklist,artifacts/real-world/20260903-010534-redshadow-updated-checklist/workload,,Three current repetitions plus prior statistical archive.
CHK-446,Phase 24 — Statistical Validation,Report effect size where appropriate,PASS,EVIDENCE_COLLECTED,EXPERIMENTALLY_VALIDATED,20260903-010534-redshadow-updated-checklist,artifacts/real-world/20260903-010534-redshadow-updated-checklist/workload,,Three current repetitions plus prior statistical archive.
CHK-447,Phase 24 — Statistical Validation,Report workload variability,PASS,EVIDENCE_COLLECTED,EXPERIMENTALLY_VALIDATED,20260903-010534-redshadow-updated-checklist,artifacts/real-world/20260903-010534-redshadow-updated-checklist/workload,,Three current repetitions plus prior statistical archive.
CHK-448,Phase 24 — Statistical Validation,Perform multi-seed validation,ACTION_REQUIRED,ACTION_REQUIRED_SEED_PARAMETER,NOT_READY,20260903-014334-redshadow-no-block-checklist,artifacts/real-world/20260903-010534-redshadow-updated-checklist/workload,Expose a deterministic seed in the existing harness.,Action register: EXCLUDED_SCOPE.csv; see BLOCKER_DIAGNOSIS.md for the removal path.
CHK-449,Phase 25 — Reproducibility,Archive hardware configuration,PASS,EVIDENCE_COLLECTED,EXPERIMENTALLY_VALIDATED,20260903-010534-redshadow-updated-checklist,artifacts/real-world/20260903-010534-redshadow-updated-checklist/raw,,Campaign evidence and prior archive are retained with hashes/commands.
CHK-450,Phase 25 — Reproducibility,Archive kernel source/commit,PASS,EVIDENCE_COLLECTED,EXPERIMENTALLY_VALIDATED,20260903-010534-redshadow-updated-checklist,artifacts/real-world/20260903-010534-redshadow-updated-checklist/raw,,Campaign evidence and prior archive are retained with hashes/commands.
CHK-451,Phase 25 — Reproducibility,Archive ORCHESTRA commit,PASS,EVIDENCE_COLLECTED,EXPERIMENTALLY_VALIDATED,20260903-010534-redshadow-updated-checklist,artifacts/real-world/20260903-010534-redshadow-updated-checklist/raw,,Campaign evidence and prior archive are retained with hashes/commands.
CHK-452,Phase 25 — Reproducibility,Save kernel .config,ACTION_REQUIRED,ACTION_REQUIRED_REPRO_ARTIFACT,NOT_READY,20260903-014334-redshadow-no-block-checklist,artifacts/real-world/20260903-010534-redshadow-updated-checklist/raw,Archive the missing reproducibility artifact or tool output.,Action register: EXCLUDED_SCOPE.csv; see BLOCKER_DIAGNOSIS.md for the removal path.
CHK-453,Phase 25 — Reproducibility,Record compiler/toolchain,PASS,EVIDENCE_COLLECTED,EXPERIMENTALLY_VALIDATED,20260903-010534-redshadow-updated-checklist,artifacts/real-world/20260903-010534-redshadow-updated-checklist/raw,,Campaign evidence and prior archive are retained with hashes/commands.
CHK-454,Phase 25 — Reproducibility,Archive workload source/version,ACTION_REQUIRED,ACTION_REQUIRED_SCOPE_RUN,NOT_READY,20260903-014334-redshadow-no-block-checklist,artifacts/real-world/20260903-010534-redshadow-updated-checklist,Add a safe existing procedure or explicitly remove the item from the release scope.,Action register: EXCLUDED_SCOPE.csv; see BLOCKER_DIAGNOSIS.md for the removal path.
CHK-455,Phase 25 — Reproducibility,Record benchmark version,ACTION_REQUIRED,ACTION_REQUIRED_REPRO_ARTIFACT,NOT_READY,20260903-014334-redshadow-no-block-checklist,artifacts/real-world/20260903-010534-redshadow-updated-checklist/raw,Archive the missing reproducibility artifact or tool output.,Action register: EXCLUDED_SCOPE.csv; see BLOCKER_DIAGNOSIS.md for the removal path.
CHK-456,Phase 25 — Reproducibility,Save parameters,PASS,EVIDENCE_COLLECTED,EXPERIMENTALLY_VALIDATED,20260903-010534-redshadow-updated-checklist,artifacts/real-world/20260903-010534-redshadow-updated-checklist/raw,,Campaign evidence and prior archive are retained with hashes/commands.
CHK-457,Phase 25 — Reproducibility,Save random seeds,N/A,NOT_APPLICABLE_NO_RANDOM_SEED,EXPLORATORY,20260903-010534-redshadow-updated-checklist,artifacts/real-world/20260903-010534-redshadow-updated-checklist/raw,,No seed-bearing run.
CHK-458,Phase 25 — Reproducibility,Save test scripts,PASS,EVIDENCE_COLLECTED,EXPERIMENTALLY_VALIDATED,20260903-010534-redshadow-updated-checklist,artifacts/real-world/20260903-010534-redshadow-updated-checklist/raw,,Campaign evidence and prior archive are retained with hashes/commands.
CHK-459,Phase 25 — Reproducibility,Document trace format,ACTION_REQUIRED,ACTION_REQUIRED_REPRO_ARTIFACT,NOT_READY,20260903-014334-redshadow-no-block-checklist,artifacts/real-world/20260903-010534-redshadow-updated-checklist/raw,Archive the missing reproducibility artifact or tool output.,Action register: EXCLUDED_SCOPE.csv; see BLOCKER_DIAGNOSIS.md for the removal path.
CHK-460,Phase 25 — Reproducibility,Preserve raw measurements,PASS,EVIDENCE_COLLECTED,EXPERIMENTALLY_VALIDATED,20260903-010534-redshadow-updated-checklist,artifacts/real-world/20260903-010534-redshadow-updated-checklist/raw,,Campaign evidence and prior archive are retained with hashes/commands.
CHK-461,Phase 25 — Reproducibility,Preserve analysis scripts,ACTION_REQUIRED,ACTION_REQUIRED_REPRO_ARTIFACT,NOT_READY,20260903-014334-redshadow-no-block-checklist,artifacts/real-world/20260903-010534-redshadow-updated-checklist/raw,Archive the missing reproducibility artifact or tool output.,Action register: EXCLUDED_SCOPE.csv; see BLOCKER_DIAGNOSIS.md for the removal path.
CHK-462,Phase 25 — Reproducibility,Ensure figures/tables are reproducible,PASS,EVIDENCE_COLLECTED,EXPERIMENTALLY_VALIDATED,20260903-010534-redshadow-updated-checklist,artifacts/real-world/20260903-010534-redshadow-updated-checklist/raw,,Campaign evidence and prior archive are retained with hashes/commands.
CHK-463,Phase 25 — Reproducibility,Archive baseline and ORCHESTRA results,PASS,EVIDENCE_COLLECTED,EXPERIMENTALLY_VALIDATED,20260903-010534-redshadow-updated-checklist,artifacts/real-world/20260903-010534-redshadow-updated-checklist/raw,,Campaign evidence and prior archive are retained with hashes/commands.
CHK-464,Phase 26 — Final Acceptance,Functional: kernel boots,ACTION_REQUIRED,ACTION_REQUIRED_IMPLEMENTATION_OR_MEASUREMENT,NOT_READY,20260903-014334-redshadow-no-block-checklist,artifacts/real-world/20260903-010534-redshadow-updated-checklist,Split the broad item into an observable supported check; implement or instrument the missing behavior.,Action register: EXCLUDED_SCOPE.csv; see BLOCKER_DIAGNOSIS.md for the removal path.
CHK-465,Phase 26 — Final Acceptance,Scheduler works,PASS,EVIDENCE_COLLECTED,KERNEL_PROTOTYPED,20260903-010534-redshadow-updated-checklist,artifacts/real-world/20260903-010534-redshadow-updated-checklist,,Bounded claims only; see detailed evidence and limitations.
CHK-466,Phase 26 — Final Acceptance,Signal Bus works,PASS,EVIDENCE_COLLECTED,KERNEL_PROTOTYPED,20260903-010534-redshadow-updated-checklist,artifacts/real-world/20260903-010534-redshadow-updated-checklist,,Bounded claims only; see detailed evidence and limitations.
CHK-467,Phase 26 — Final Acceptance,Predictor works,ACTION_REQUIRED,ACTION_REQUIRED_IMPLEMENTATION_OR_MEASUREMENT,NOT_READY,20260903-014334-redshadow-no-block-checklist,artifacts/real-world/20260903-010534-redshadow-updated-checklist,Split the broad item into an observable supported check; implement or instrument the missing behavior.,Action register: EXCLUDED_SCOPE.csv; see BLOCKER_DIAGNOSIS.md for the removal path.
CHK-468,Phase 26 — Final Acceptance,Adaptive scheduler works,PASS,EVIDENCE_COLLECTED,KERNEL_PROTOTYPED,20260903-010534-redshadow-updated-checklist,artifacts/real-world/20260903-010534-redshadow-updated-checklist,,Bounded claims only; see detailed evidence and limitations.
CHK-469,Phase 26 — Final Acceptance,Coordination measurement works,ACTION_REQUIRED,ACTION_REQUIRED_IMPLEMENTATION_OR_MEASUREMENT,NOT_READY,20260903-014334-redshadow-no-block-checklist,artifacts/real-world/20260903-010534-redshadow-updated-checklist,Split the broad item into an observable supported check; implement or instrument the missing behavior.,Action register: EXCLUDED_SCOPE.csv; see BLOCKER_DIAGNOSIS.md for the removal path.
CHK-470,Phase 26 — Final Acceptance,Feedback controller works,ACTION_REQUIRED,ACTION_REQUIRED_IMPLEMENTATION_OR_MEASUREMENT,NOT_READY,20260903-014334-redshadow-no-block-checklist,artifacts/real-world/20260903-010534-redshadow-updated-checklist,Split the broad item into an observable supported check; implement or instrument the missing behavior.,Action register: EXCLUDED_SCOPE.csv; see BLOCKER_DIAGNOSIS.md for the removal path.
CHK-471,Phase 26 — Final Acceptance,Monitoring works,PASS,EVIDENCE_COLLECTED,KERNEL_PROTOTYPED,20260903-010534-redshadow-updated-checklist,artifacts/real-world/20260903-010534-redshadow-updated-checklist,,Bounded claims only; see detailed evidence and limitations.
CHK-472,Phase 26 — Final Acceptance,Conventional Linux scheduling works,PASS,EVIDENCE_COLLECTED,KERNEL_PROTOTYPED,20260903-010534-redshadow-updated-checklist,artifacts/real-world/20260903-010534-redshadow-updated-checklist,,Bounded claims only; see detailed evidence and limitations.
CHK-473,Phase 26 — Final Acceptance,RT safety path works,PASS,EVIDENCE_COLLECTED,KERNEL_PROTOTYPED,20260903-010534-redshadow-updated-checklist,artifacts/real-world/20260903-010534-redshadow-updated-checklist,,Bounded claims only; see detailed evidence and limitations.
CHK-474,Phase 26 — Final Acceptance,Correctness: signals correct,ACTION_REQUIRED,ACTION_REQUIRED_IMPLEMENTATION_OR_MEASUREMENT,NOT_READY,20260903-014334-redshadow-no-block-checklist,artifacts/real-world/20260903-010534-redshadow-updated-checklist,Split the broad item into an observable supported check; implement or instrument the missing behavior.,Action register: EXCLUDED_SCOPE.csv; see BLOCKER_DIAGNOSIS.md for the removal path.
CHK-475,Phase 26 — Final Acceptance,Predictions measurable,ACTION_REQUIRED,ACTION_REQUIRED_IMPLEMENTATION_OR_MEASUREMENT,NOT_READY,20260903-014334-redshadow-no-block-checklist,artifacts/real-world/20260903-010534-redshadow-updated-checklist,Split the broad item into an observable supported check; implement or instrument the missing behavior.,Action register: EXCLUDED_SCOPE.csv; see BLOCKER_DIAGNOSIS.md for the removal path.
CHK-476,Phase 26 — Final Acceptance,Invalid signals rejected,PASS,EVIDENCE_COLLECTED,KERNEL_PROTOTYPED,20260903-010534-redshadow-updated-checklist,artifacts/real-world/20260903-010534-redshadow-updated-checklist,,Bounded claims only; see detailed evidence and limitations.
CHK-477,Phase 26 — Final Acceptance,Scheduling actions correct,PASS,EVIDENCE_COLLECTED,KERNEL_PROTOTYPED,20260903-010534-redshadow-updated-checklist,artifacts/real-world/20260903-010534-redshadow-updated-checklist,,Bounded claims only; see detailed evidence and limitations.
CHK-478,Phase 26 — Final Acceptance,Q calculated correctly,ACTION_REQUIRED,ACTION_REQUIRED_IMPLEMENTATION_OR_MEASUREMENT,NOT_READY,20260903-014334-redshadow-no-block-checklist,artifacts/real-world/20260903-010534-redshadow-updated-checklist,Split the broad item into an observable supported check; implement or instrument the missing behavior.,Action register: EXCLUDED_SCOPE.csv; see BLOCKER_DIAGNOSIS.md for the removal path.
CHK-479,Phase 26 — Final Acceptance,Controller targets correct deficit,ACTION_REQUIRED,ACTION_REQUIRED_IMPLEMENTATION_OR_MEASUREMENT,NOT_READY,20260903-014334-redshadow-no-block-checklist,artifacts/real-world/20260903-010534-redshadow-updated-checklist,Split the broad item into an observable supported check; implement or instrument the missing behavior.,Action register: EXCLUDED_SCOPE.csv; see BLOCKER_DIAGNOSIS.md for the removal path.
CHK-480,Phase 26 — Final Acceptance,No scheduler corruption,INCONCLUSIVE,INCONCLUSIVE_NOT_EXHAUSTIVELY_PROVEN,INCONCLUSIVE,20260903-010534-redshadow-updated-checklist,artifacts/real-world/20260903-010534-redshadow-updated-checklist,,No finite campaign can establish this universal property from the collected observability.
CHK-481,Phase 26 — Final Acceptance,No deadlock,INCONCLUSIVE,INCONCLUSIVE_NOT_EXHAUSTIVELY_PROVEN,INCONCLUSIVE,20260903-010534-redshadow-updated-checklist,artifacts/real-world/20260903-010534-redshadow-updated-checklist,,No finite campaign can establish this universal property from the collected observability.
CHK-482,Phase 26 — Final Acceptance,No starvation,INCONCLUSIVE,INCONCLUSIVE_NOT_EXHAUSTIVELY_PROVEN,INCONCLUSIVE,20260903-010534-redshadow-updated-checklist,artifacts/real-world/20260903-010534-redshadow-updated-checklist,,No finite campaign can establish this universal property from the collected observability.
CHK-483,Phase 26 — Final Acceptance,Performance: scheduler overhead quantified,ACTION_REQUIRED,ACTION_REQUIRED_IMPLEMENTATION_OR_MEASUREMENT,NOT_READY,20260903-014334-redshadow-no-block-checklist,artifacts/real-world/20260903-010534-redshadow-updated-checklist,Split the broad item into an observable supported check; implement or instrument the missing behavior.,Action register: EXCLUDED_SCOPE.csv; see BLOCKER_DIAGNOSIS.md for the removal path.
CHK-484,Phase 26 — Final Acceptance,prediction overhead quantified,ACTION_REQUIRED,ACTION_REQUIRED_IMPLEMENTATION_OR_MEASUREMENT,NOT_READY,20260903-014334-redshadow-no-block-checklist,artifacts/real-world/20260903-010534-redshadow-updated-checklist,Split the broad item into an observable supported check; implement or instrument the missing behavior.,Action register: EXCLUDED_SCOPE.csv; see BLOCKER_DIAGNOSIS.md for the removal path.
CHK-485,Phase 26 — Final Acceptance,Signal overhead quantified,ACTION_REQUIRED,ACTION_REQUIRED_IMPLEMENTATION_OR_MEASUREMENT,NOT_READY,20260903-014334-redshadow-no-block-checklist,artifacts/real-world/20260903-010534-redshadow-updated-checklist,Split the broad item into an observable supported check; implement or instrument the missing behavior.,Action register: EXCLUDED_SCOPE.csv; see BLOCKER_DIAGNOSIS.md for the removal path.
CHK-486,Phase 26 — Final Acceptance,integrity overhead quantified,ACTION_REQUIRED,ACTION_REQUIRED_IMPLEMENTATION_OR_MEASUREMENT,NOT_READY,20260903-014334-redshadow-no-block-checklist,artifacts/real-world/20260903-010534-redshadow-updated-checklist,Split the broad item into an observable supported check; implement or instrument the missing behavior.,Action register: EXCLUDED_SCOPE.csv; see BLOCKER_DIAGNOSIS.md for the removal path.
CHK-487,Phase 26 — Final Acceptance,coordination overhead quantified,ACTION_REQUIRED,ACTION_REQUIRED_IMPLEMENTATION_OR_MEASUREMENT,NOT_READY,20260903-014334-redshadow-no-block-checklist,artifacts/real-world/20260903-010534-redshadow-updated-checklist,Split the broad item into an observable supported check; implement or instrument the missing behavior.,Action register: EXCLUDED_SCOPE.csv; see BLOCKER_DIAGNOSIS.md for the removal path.
CHK-488,Phase 26 — Final Acceptance,controller overhead quantified,ACTION_REQUIRED,ACTION_REQUIRED_IMPLEMENTATION_OR_MEASUREMENT,NOT_READY,20260903-014334-redshadow-no-block-checklist,artifacts/real-world/20260903-010534-redshadow-updated-checklist,Split the broad item into an observable supported check; implement or instrument the missing behavior.,Action register: EXCLUDED_SCOPE.csv; see BLOCKER_DIAGNOSIS.md for the removal path.
CHK-489,Phase 26 — Final Acceptance,monitoring overhead quantified,ACTION_REQUIRED,ACTION_REQUIRED_IMPLEMENTATION_OR_MEASUREMENT,NOT_READY,20260903-014334-redshadow-no-block-checklist,artifacts/real-world/20260903-010534-redshadow-updated-checklist,Split the broad item into an observable supported check; implement or instrument the missing behavior.,Action register: EXCLUDED_SCOPE.csv; see BLOCKER_DIAGNOSIS.md for the removal path.
CHK-490,Phase 26 — Final Acceptance,Behavioral: no thundering herd,ACTION_REQUIRED,ACTION_REQUIRED_IMPLEMENTATION_OR_MEASUREMENT,NOT_READY,20260903-014334-redshadow-no-block-checklist,artifacts/real-world/20260903-010534-redshadow-updated-checklist,Split the broad item into an observable supported check; implement or instrument the missing behavior.,Action register: EXCLUDED_SCOPE.csv; see BLOCKER_DIAGNOSIS.md for the removal path.
CHK-491,Phase 26 — Final Acceptance,no synchronized migration oscillation,ACTION_REQUIRED,ACTION_REQUIRED_IMPLEMENTATION_OR_MEASUREMENT,NOT_READY,20260903-014334-redshadow-no-block-checklist,artifacts/real-world/20260903-010534-redshadow-updated-checklist,Split the broad item into an observable supported check; implement or instrument the missing behavior.,Action register: EXCLUDED_SCOPE.csv; see BLOCKER_DIAGNOSIS.md for the removal path.
CHK-492,Phase 26 — Final Acceptance,stable adaptation,ACTION_REQUIRED,ACTION_REQUIRED_IMPLEMENTATION_OR_MEASUREMENT,NOT_READY,20260903-014334-redshadow-no-block-checklist,artifacts/real-world/20260903-010534-redshadow-updated-checklist,Split the broad item into an observable supported check; implement or instrument the missing behavior.,Action register: EXCLUDED_SCOPE.csv; see BLOCKER_DIAGNOSIS.md for the removal path.
CHK-493,Phase 26 — Final Acceptance,stable Q,ACTION_REQUIRED,ACTION_REQUIRED_IMPLEMENTATION_OR_MEASUREMENT,NOT_READY,20260903-014334-redshadow-no-block-checklist,artifacts/real-world/20260903-010534-redshadow-updated-checklist,Split the broad item into an observable supported check; implement or instrument the missing behavior.,Action register: EXCLUDED_SCOPE.csv; see BLOCKER_DIAGNOSIS.md for the removal path.
CHK-494,Phase 26 — Final Acceptance,good resource utilization,ACTION_REQUIRED,ACTION_REQUIRED_IMPLEMENTATION_OR_MEASUREMENT,NOT_READY,20260903-014334-redshadow-no-block-checklist,artifacts/real-world/20260903-010534-redshadow-updated-checklist,Split the broad item into an observable supported check; implement or instrument the missing behavior.,Action register: EXCLUDED_SCOPE.csv; see BLOCKER_DIAGNOSIS.md for the removal path.
CHK-495,Phase 26 — Final Acceptance,acceptable fairness,ACTION_REQUIRED,ACTION_REQUIRED_IMPLEMENTATION_OR_MEASUREMENT,NOT_READY,20260903-014334-redshadow-no-block-checklist,artifacts/real-world/20260903-010534-redshadow-updated-checklist,Split the broad item into an observable supported check; implement or instrument the missing behavior.,Action register: EXCLUDED_SCOPE.csv; see BLOCKER_DIAGNOSIS.md for the removal path.
CHK-496,Phase 26 — Final Acceptance,acceptable responsiveness,ACTION_REQUIRED,ACTION_REQUIRED_IMPLEMENTATION_OR_MEASUREMENT,NOT_READY,20260903-014334-redshadow-no-block-checklist,artifacts/real-world/20260903-010534-redshadow-updated-checklist,Split the broad item into an observable supported check; implement or instrument the missing behavior.,Action register: EXCLUDED_SCOPE.csv; see BLOCKER_DIAGNOSIS.md for the removal path.
CHK-497,Phase 26 — Final Acceptance,Robustness: CPU stress,ACTION_REQUIRED,ACTION_REQUIRED_IMPLEMENTATION_OR_MEASUREMENT,NOT_READY,20260903-014334-redshadow-no-block-checklist,artifacts/real-world/20260903-010534-redshadow-updated-checklist,Split the broad item into an observable supported check; implement or instrument the missing behavior.,Action register: EXCLUDED_SCOPE.csv; see BLOCKER_DIAGNOSIS.md for the removal path.
CHK-498,Phase 26 — Final Acceptance,memory stress,ACTION_REQUIRED,ACTION_REQUIRED_IMPLEMENTATION_OR_MEASUREMENT,NOT_READY,20260903-014334-redshadow-no-block-checklist,artifacts/real-world/20260903-010534-redshadow-updated-checklist,Split the broad item into an observable supported check; implement or instrument the missing behavior.,Action register: EXCLUDED_SCOPE.csv; see BLOCKER_DIAGNOSIS.md for the removal path.
CHK-499,Phase 26 — Final Acceptance,I/O stress,PASS,EVIDENCE_COLLECTED,KERNEL_PROTOTYPED,20260903-010534-redshadow-updated-checklist,artifacts/real-world/20260903-010534-redshadow-updated-checklist,,Bounded claims only; see detailed evidence and limitations.
CHK-500,Phase 26 — Final Acceptance,network stress,ACTION_REQUIRED,ACTION_REQUIRED_IMPLEMENTATION_OR_MEASUREMENT,NOT_READY,20260903-014334-redshadow-no-block-checklist,artifacts/real-world/20260903-010534-redshadow-updated-checklist,Split the broad item into an observable supported check; implement or instrument the missing behavior.,Action register: EXCLUDED_SCOPE.csv; see BLOCKER_DIAGNOSIS.md for the removal path.
CHK-501,Phase 26 — Final Acceptance,thermal stress,ACTION_REQUIRED,ACTION_REQUIRED_IMPLEMENTATION_OR_MEASUREMENT,NOT_READY,20260903-014334-redshadow-no-block-checklist,artifacts/real-world/20260903-010534-redshadow-updated-checklist,Split the broad item into an observable supported check; implement or instrument the missing behavior.,Action register: EXCLUDED_SCOPE.csv; see BLOCKER_DIAGNOSIS.md for the removal path.
CHK-502,Phase 26 — Final Acceptance,dynamic workload,ACTION_REQUIRED,ACTION_REQUIRED_IMPLEMENTATION_OR_MEASUREMENT,NOT_READY,20260903-014334-redshadow-no-block-checklist,artifacts/real-world/20260903-010534-redshadow-updated-checklist,Split the broad item into an observable supported check; implement or instrument the missing behavior.,Action register: EXCLUDED_SCOPE.csv; see BLOCKER_DIAGNOSIS.md for the removal path.
CHK-503,Phase 26 — Final Acceptance,long-duration execution,ACTION_REQUIRED,ACTION_REQUIRED_IMPLEMENTATION_OR_MEASUREMENT,NOT_READY,20260903-014334-redshadow-no-block-checklist,artifacts/real-world/20260903-010534-redshadow-updated-checklist,Split the broad item into an observable supported check; implement or instrument the missing behavior.,Action register: EXCLUDED_SCOPE.csv; see BLOCKER_DIAGNOSIS.md for the removal path.
CHK-504,Phase 26 — Final Acceptance,failure recovery,ACTION_REQUIRED,ACTION_REQUIRED_IMPLEMENTATION_OR_MEASUREMENT,NOT_READY,20260903-014334-redshadow-no-block-checklist,artifacts/real-world/20260903-010534-redshadow-updated-checklist,Split the broad item into an observable supported check; implement or instrument the missing behavior.,Action register: EXCLUDED_SCOPE.csv; see BLOCKER_DIAGNOSIS.md for the removal path.
CHK-505,Phase 26 — Final Acceptance,Security: tamper detection,ACTION_REQUIRED,ACTION_REQUIRED_IMPLEMENTATION_OR_MEASUREMENT,NOT_READY,20260903-014334-redshadow-no-block-checklist,artifacts/real-world/20260903-010534-redshadow-updated-checklist,Split the broad item into an observable supported check; implement or instrument the missing behavior.,Action register: EXCLUDED_SCOPE.csv; see BLOCKER_DIAGNOSIS.md for the removal path.
CHK-506,Phase 26 — Final Acceptance,replay rejection,ACTION_REQUIRED,ACTION_REQUIRED_IMPLEMENTATION_OR_MEASUREMENT,NOT_READY,20260903-014334-redshadow-no-block-checklist,artifacts/real-world/20260903-010534-redshadow-updated-checklist,Split the broad item into an observable supported check; implement or instrument the missing behavior.,Action register: EXCLUDED_SCOPE.csv; see BLOCKER_DIAGNOSIS.md for the removal path.
CHK-507,Phase 26 — Final Acceptance,stale-frame rejection,ACTION_REQUIRED,ACTION_REQUIRED_IMPLEMENTATION_OR_MEASUREMENT,NOT_READY,20260903-014334-redshadow-no-block-checklist,artifacts/real-world/20260903-010534-redshadow-updated-checklist,Split the broad item into an observable supported check; implement or instrument the missing behavior.,Action register: EXCLUDED_SCOPE.csv; see BLOCKER_DIAGNOSIS.md for the removal path.
CHK-508,Phase 26 — Final Acceptance,sequence validation,ACTION_REQUIRED,ACTION_REQUIRED_IMPLEMENTATION_OR_MEASUREMENT,NOT_READY,20260903-014334-redshadow-no-block-checklist,artifacts/real-world/20260903-010534-redshadow-updated-checklist,Split the broad item into an observable supported check; implement or instrument the missing behavior.,Action register: EXCLUDED_SCOPE.csv; see BLOCKER_DIAGNOSIS.md for the removal path.
CHK-509,Phase 26 — Final Acceptance,authentication validation,ACTION_REQUIRED,ACTION_REQUIRED_IMPLEMENTATION_OR_MEASUREMENT,NOT_READY,20260903-014334-redshadow-no-block-checklist,artifacts/real-world/20260903-010534-redshadow-updated-checklist,Split the broad item into an observable supported check; implement or instrument the missing behavior.,Action register: EXCLUDED_SCOPE.csv; see BLOCKER_DIAGNOSIS.md for the removal path.
CHK-510,Phase 26 — Final Acceptance,safe fallback,ACTION_REQUIRED,ACTION_REQUIRED_IMPLEMENTATION_OR_MEASUREMENT,NOT_READY,20260903-014334-redshadow-no-block-checklist,artifacts/real-world/20260903-010534-redshadow-updated-checklist,Split the broad item into an observable supported check; implement or instrument the missing behavior.,Action register: EXCLUDED_SCOPE.csv; see BLOCKER_DIAGNOSIS.md for the removal path.
CHK-511,Phase 26 — Final Acceptance,recovery,ACTION_REQUIRED,ACTION_REQUIRED_IMPLEMENTATION_OR_MEASUREMENT,NOT_READY,20260903-014334-redshadow-no-block-checklist,artifacts/real-world/20260903-010534-redshadow-updated-checklist,Split the broad item into an observable supported check; implement or instrument the missing behavior.,Action register: EXCLUDED_SCOPE.csv; see BLOCKER_DIAGNOSIS.md for the removal path.
CHK-512,Phase 26 — Final Acceptance,Scientific evidence: baseline comparison,ACTION_REQUIRED,ACTION_REQUIRED_IMPLEMENTATION_OR_MEASUREMENT,NOT_READY,20260903-014334-redshadow-no-block-checklist,artifacts/real-world/20260903-010534-redshadow-updated-checklist,Split the broad item into an observable supported check; implement or instrument the missing behavior.,Action register: EXCLUDED_SCOPE.csv; see BLOCKER_DIAGNOSIS.md for the removal path.
CHK-513,Phase 26 — Final Acceptance,repeated trials,ACTION_REQUIRED,ACTION_REQUIRED_IMPLEMENTATION_OR_MEASUREMENT,NOT_READY,20260903-014334-redshadow-no-block-checklist,artifacts/real-world/20260903-010534-redshadow-updated-checklist,Split the broad item into an observable supported check; implement or instrument the missing behavior.,Action register: EXCLUDED_SCOPE.csv; see BLOCKER_DIAGNOSIS.md for the removal path.
CHK-514,Phase 26 — Final Acceptance,multi-seed evaluation,ACTION_REQUIRED,ACTION_REQUIRED_IMPLEMENTATION_OR_MEASUREMENT,NOT_READY,20260903-014334-redshadow-no-block-checklist,artifacts/real-world/20260903-010534-redshadow-updated-checklist,Split the broad item into an observable supported check; implement or instrument the missing behavior.,Action register: EXCLUDED_SCOPE.csv; see BLOCKER_DIAGNOSIS.md for the removal path.
CHK-515,Phase 26 — Final Acceptance,statistical analysis,ACTION_REQUIRED,ACTION_REQUIRED_IMPLEMENTATION_OR_MEASUREMENT,NOT_READY,20260903-014334-redshadow-no-block-checklist,artifacts/real-world/20260903-010534-redshadow-updated-checklist,Split the broad item into an observable supported check; implement or instrument the missing behavior.,Action register: EXCLUDED_SCOPE.csv; see BLOCKER_DIAGNOSIS.md for the removal path.
CHK-516,Phase 26 — Final Acceptance,ablation study,ACTION_REQUIRED,ACTION_REQUIRED_IMPLEMENTATION_OR_MEASUREMENT,NOT_READY,20260903-014334-redshadow-no-block-checklist,artifacts/real-world/20260903-010534-redshadow-updated-checklist,Split the broad item into an observable supported check; implement or instrument the missing behavior.,Action register: EXCLUDED_SCOPE.csv; see BLOCKER_DIAGNOSIS.md for the removal path.
CHK-517,Phase 26 — Final Acceptance,raw dataset archived,ACTION_REQUIRED,ACTION_REQUIRED_IMPLEMENTATION_OR_MEASUREMENT,NOT_READY,20260903-014334-redshadow-no-block-checklist,artifacts/real-world/20260903-010534-redshadow-updated-checklist,Split the broad item into an observable supported check; implement or instrument the missing behavior.,Action register: EXCLUDED_SCOPE.csv; see BLOCKER_DIAGNOSIS.md for the removal path.
CHK-518,Phase 26 — Final Acceptance,logs archived,ACTION_REQUIRED,ACTION_REQUIRED_IMPLEMENTATION_OR_MEASUREMENT,NOT_READY,20260903-014334-redshadow-no-block-checklist,artifacts/real-world/20260903-010534-redshadow-updated-checklist,Split the broad item into an observable supported check; implement or instrument the missing behavior.,Action register: EXCLUDED_SCOPE.csv; see BLOCKER_DIAGNOSIS.md for the removal path.
CHK-519,Phase 26 — Final Acceptance,reproduction procedure documented,ACTION_REQUIRED,ACTION_REQUIRED_IMPLEMENTATION_OR_MEASUREMENT,NOT_READY,20260903-014334-redshadow-no-block-checklist,artifacts/real-world/20260903-010534-redshadow-updated-checklist,Split the broad item into an observable supported check; implement or instrument the missing behavior.,Action register: EXCLUDED_SCOPE.csv; see BLOCKER_DIAGNOSIS.md for the removal path.
CHK-520,Phase 27 — Power & Frequency Scaling,"Record CPU governor/policy (performance, powersave, schedutil, ondemand)",PASS,EVIDENCE_COLLECTED,EXPERIMENTALLY_VALIDATED,20260903-010534-redshadow-updated-checklist,artifacts/real-world/20260903-010534-redshadow-updated-checklist/environment,,intel_pstate powersave was recorded and current runs executed under it.
CHK-521,Phase 27 — Power & Frequency Scaling,Verify ORCHESTRA behavior under performance governor,ACTION_REQUIRED,ACTION_REQUIRED_POWER_TOOLING,NOT_READY,20260903-014334-redshadow-no-block-checklist,artifacts/real-world/20260903-010534-redshadow-updated-checklist/environment,Run with declared governors and energy/frequency tooling.,Action register: EXCLUDED_SCOPE.csv; see BLOCKER_DIAGNOSIS.md for the removal path.
CHK-522,Phase 27 — Power & Frequency Scaling,Verify ORCHESTRA behavior under powersave governor,PASS,EVIDENCE_COLLECTED,EXPERIMENTALLY_VALIDATED,20260903-010534-redshadow-updated-checklist,artifacts/real-world/20260903-010534-redshadow-updated-checklist/environment,,intel_pstate powersave was recorded and current runs executed under it.
CHK-523,Phase 27 — Power & Frequency Scaling,Verify ORCHESTRA behavior under schedutil governor,ACTION_REQUIRED,ACTION_REQUIRED_POWER_TOOLING,NOT_READY,20260903-014334-redshadow-no-block-checklist,artifacts/real-world/20260903-010534-redshadow-updated-checklist/environment,Run with declared governors and energy/frequency tooling.,Action register: EXCLUDED_SCOPE.csv; see BLOCKER_DIAGNOSIS.md for the removal path.
CHK-524,Phase 27 — Power & Frequency Scaling,Test P-state/C-state transitions during scheduling decisions,ACTION_REQUIRED,ACTION_REQUIRED_POWER_TOOLING,NOT_READY,20260903-014334-redshadow-no-block-checklist,artifacts/real-world/20260903-010534-redshadow-updated-checklist/environment,Run with declared governors and energy/frequency tooling.,Action register: EXCLUDED_SCOPE.csv; see BLOCKER_DIAGNOSIS.md for the removal path.
CHK-525,Phase 27 — Power & Frequency Scaling,Measure energy consumption (joules) per workload,ACTION_REQUIRED,ACTION_REQUIRED_POWER_TOOLING,NOT_READY,20260903-014334-redshadow-no-block-checklist,artifacts/real-world/20260903-010534-redshadow-updated-checklist/environment,Run with declared governors and energy/frequency tooling.,Action register: EXCLUDED_SCOPE.csv; see BLOCKER_DIAGNOSIS.md for the removal path.
CHK-526,Phase 27 — Power & Frequency Scaling,Compare energy efficiency: Linux baseline vs ORCHESTRA,ACTION_REQUIRED,ACTION_REQUIRED_POWER_TOOLING,NOT_READY,20260903-014334-redshadow-no-block-checklist,artifacts/real-world/20260903-010534-redshadow-updated-checklist/environment,Run with declared governors and energy/frequency tooling.,Action register: EXCLUDED_SCOPE.csv; see BLOCKER_DIAGNOSIS.md for the removal path.
CHK-527,Phase 27 — Power & Frequency Scaling,Test scheduling behavior on AC power,ACTION_REQUIRED,ACTION_REQUIRED_POWER_TOOLING,NOT_READY,20260903-014334-redshadow-no-block-checklist,artifacts/real-world/20260903-010534-redshadow-updated-checklist/environment,Run with declared governors and energy/frequency tooling.,Action register: EXCLUDED_SCOPE.csv; see BLOCKER_DIAGNOSIS.md for the removal path.
CHK-528,Phase 27 — Power & Frequency Scaling,Test scheduling behavior on battery power,ACTION_REQUIRED,ACTION_REQUIRED_POWER_TOOLING,NOT_READY,20260903-014334-redshadow-no-block-checklist,artifacts/real-world/20260903-010534-redshadow-updated-checklist/environment,Run with declared governors and energy/frequency tooling.,Action register: EXCLUDED_SCOPE.csv; see BLOCKER_DIAGNOSIS.md for the removal path.
CHK-529,Phase 27 — Power & Frequency Scaling,Verify THROTTLE action interacts correctly with hardware frequency throttling,ACTION_REQUIRED,ACTION_REQUIRED_POWER_TOOLING,NOT_READY,20260903-014334-redshadow-no-block-checklist,artifacts/real-world/20260903-010534-redshadow-updated-checklist/environment,Run with declared governors and energy/frequency tooling.,Action register: EXCLUDED_SCOPE.csv; see BLOCKER_DIAGNOSIS.md for the removal path.
CHK-530,Phase 27 — Power & Frequency Scaling,Check for governor/ORCHESTRA control conflicts,ACTION_REQUIRED,ACTION_REQUIRED_POWER_TOOLING,NOT_READY,20260903-014334-redshadow-no-block-checklist,artifacts/real-world/20260903-010534-redshadow-updated-checklist/environment,Run with declared governors and energy/frequency tooling.,Action register: EXCLUDED_SCOPE.csv; see BLOCKER_DIAGNOSIS.md for the removal path.
CHK-531,"Phase 28 — Containers, Cgroups & Virtualization",Verify behavior under cgroup v1,ACTION_REQUIRED,ACTION_REQUIRED_CONTAINER_PROTOCOL,NOT_READY,20260903-014334-redshadow-no-block-checklist,artifacts/real-world/20260903-010534-redshadow-updated-checklist/environment,Provide a disposable container/cgroup protocol with PID ownership handling.,Action register: EXCLUDED_SCOPE.csv; see BLOCKER_DIAGNOSIS.md for the removal path.
CHK-532,"Phase 28 — Containers, Cgroups & Virtualization",Verify behavior under cgroup v2 unified hierarchy,PASS,EVIDENCE_COLLECTED,EXPERIMENTALLY_VALIDATED,20260903-010534-redshadow-updated-checklist,artifacts/real-world/20260903-010534-redshadow-updated-checklist/environment,,Unified cgroup v2 and controllers recorded.
CHK-533,"Phase 28 — Containers, Cgroups & Virtualization",Test interaction with cpu.cfs_quota / cpu.cfs_period,ACTION_REQUIRED,ACTION_REQUIRED_CONTAINER_PROTOCOL,NOT_READY,20260903-014334-redshadow-no-block-checklist,artifacts/real-world/20260903-010534-redshadow-updated-checklist/environment,Provide a disposable container/cgroup protocol with PID ownership handling.,Action register: EXCLUDED_SCOPE.csv; see BLOCKER_DIAGNOSIS.md for the removal path.
CHK-534,"Phase 28 — Containers, Cgroups & Virtualization",Test interaction with cpu.shares / cpu.weight,ACTION_REQUIRED,ACTION_REQUIRED_CONTAINER_PROTOCOL,NOT_READY,20260903-014334-redshadow-no-block-checklist,artifacts/real-world/20260903-010534-redshadow-updated-checklist/environment,Provide a disposable container/cgroup protocol with PID ownership handling.,Action register: EXCLUDED_SCOPE.csv; see BLOCKER_DIAGNOSIS.md for the removal path.
CHK-535,"Phase 28 — Containers, Cgroups & Virtualization",Test interaction with cpuset cgroup,ACTION_REQUIRED,ACTION_REQUIRED_CONTAINER_PROTOCOL,NOT_READY,20260903-014334-redshadow-no-block-checklist,artifacts/real-world/20260903-010534-redshadow-updated-checklist/environment,Provide a disposable container/cgroup protocol with PID ownership handling.,Action register: EXCLUDED_SCOPE.csv; see BLOCKER_DIAGNOSIS.md for the removal path.
CHK-536,"Phase 28 — Containers, Cgroups & Virtualization","Test containerized workload (e.g., Docker)",ACTION_REQUIRED,ACTION_REQUIRED_CONTAINER_PROTOCOL,NOT_READY,20260903-014334-redshadow-no-block-checklist,artifacts/real-world/20260903-010534-redshadow-updated-checklist/environment,Provide a disposable container/cgroup protocol with PID ownership handling.,Action register: EXCLUDED_SCOPE.csv; see BLOCKER_DIAGNOSIS.md for the removal path.
CHK-537,"Phase 28 — Containers, Cgroups & Virtualization",Test Kubernetes pod scheduling interaction,ACTION_REQUIRED,ACTION_REQUIRED_CONTAINER_PROTOCOL,NOT_READY,20260903-014334-redshadow-no-block-checklist,artifacts/real-world/20260903-010534-redshadow-updated-checklist/environment,Provide a disposable container/cgroup protocol with PID ownership handling.,Action register: EXCLUDED_SCOPE.csv; see BLOCKER_DIAGNOSIS.md for the removal path.
CHK-538,"Phase 28 — Containers, Cgroups & Virtualization",Verify process/PID namespace isolation,ACTION_REQUIRED,ACTION_REQUIRED_CONTAINER_PROTOCOL,NOT_READY,20260903-014334-redshadow-no-block-checklist,artifacts/real-world/20260903-010534-redshadow-updated-checklist/environment,Provide a disposable container/cgroup protocol with PID ownership handling.,Action register: EXCLUDED_SCOPE.csv; see BLOCKER_DIAGNOSIS.md for the removal path.
CHK-539,"Phase 28 — Containers, Cgroups & Virtualization",Run ORCHESTRA as a KVM/QEMU guest,ACTION_REQUIRED,ACTION_REQUIRED_CONTAINER_PROTOCOL,NOT_READY,20260903-014334-redshadow-no-block-checklist,artifacts/real-world/20260903-010534-redshadow-updated-checklist/environment,Provide a disposable container/cgroup protocol with PID ownership handling.,Action register: EXCLUDED_SCOPE.csv; see BLOCKER_DIAGNOSIS.md for the removal path.
CHK-540,"Phase 28 — Containers, Cgroups & Virtualization",Run ORCHESTRA as a host scheduling guest VMs,ACTION_REQUIRED,ACTION_REQUIRED_CONTAINER_PROTOCOL,NOT_READY,20260903-014334-redshadow-no-block-checklist,artifacts/real-world/20260903-010534-redshadow-updated-checklist/environment,Provide a disposable container/cgroup protocol with PID ownership handling.,Action register: EXCLUDED_SCOPE.csv; see BLOCKER_DIAGNOSIS.md for the removal path.
CHK-541,"Phase 28 — Containers, Cgroups & Virtualization",Compare bare-metal vs virtualized timing assumptions,ACTION_REQUIRED,ACTION_REQUIRED_CONTAINER_PROTOCOL,NOT_READY,20260903-014334-redshadow-no-block-checklist,artifacts/real-world/20260903-010534-redshadow-updated-checklist/environment,Provide a disposable container/cgroup protocol with PID ownership handling.,Action register: EXCLUDED_SCOPE.csv; see BLOCKER_DIAGNOSIS.md for the removal path.
CHK-542,"Phase 28 — Containers, Cgroups & Virtualization",Verify Signal Bus behavior inside containers/namespaces,ACTION_REQUIRED,ACTION_REQUIRED_CONTAINER_PROTOCOL,NOT_READY,20260903-014334-redshadow-no-block-checklist,artifacts/real-world/20260903-010534-redshadow-updated-checklist/environment,Provide a disposable container/cgroup protocol with PID ownership handling.,Action register: EXCLUDED_SCOPE.csv; see BLOCKER_DIAGNOSIS.md for the removal path.
CHK-543,Phase 29 — Kernel & Distro Compatibility,Verify against CFS-based kernel,PASS,EVIDENCE_COLLECTED,EXPERIMENTALLY_VALIDATED,20260903-010534-redshadow-updated-checklist,artifacts/real-world/20260903-010534-redshadow-updated-checklist/environment,,Current x86_64 kernel/CFS baseline.
CHK-544,Phase 29 — Kernel & Distro Compatibility,Verify against EEVDF-based kernel (6.6+),ACTION_REQUIRED,ACTION_REQUIRED_COMPATIBILITY_MATRIX,NOT_READY,20260903-014334-redshadow-no-block-checklist,artifacts/real-world/20260903-010534-redshadow-updated-checklist/environment,Add disposable kernel/distro/architecture matrix environments.,Action register: EXCLUDED_SCOPE.csv; see BLOCKER_DIAGNOSIS.md for the removal path.
CHK-545,Phase 29 — Kernel & Distro Compatibility,Test against each officially supported kernel LTS version,ACTION_REQUIRED,ACTION_REQUIRED_COMPATIBILITY_MATRIX,NOT_READY,20260903-014334-redshadow-no-block-checklist,artifacts/real-world/20260903-010534-redshadow-updated-checklist/environment,Add disposable kernel/distro/architecture matrix environments.,Action register: EXCLUDED_SCOPE.csv; see BLOCKER_DIAGNOSIS.md for the removal path.
CHK-546,Phase 29 — Kernel & Distro Compatibility,Verify behavior when built against an unsupported kernel version,ACTION_REQUIRED,ACTION_REQUIRED_COMPATIBILITY_MATRIX,NOT_READY,20260903-014334-redshadow-no-block-checklist,artifacts/real-world/20260903-010534-redshadow-updated-checklist/environment,Add disposable kernel/distro/architecture matrix environments.,Action register: EXCLUDED_SCOPE.csv; see BLOCKER_DIAGNOSIS.md for the removal path.
CHK-547,Phase 29 — Kernel & Distro Compatibility,"Test on distro A (e.g., Ubuntu)",ACTION_REQUIRED,ACTION_REQUIRED_COMPATIBILITY_MATRIX,NOT_READY,20260903-014334-redshadow-no-block-checklist,artifacts/real-world/20260903-010534-redshadow-updated-checklist/environment,Add disposable kernel/distro/architecture matrix environments.,Action register: EXCLUDED_SCOPE.csv; see BLOCKER_DIAGNOSIS.md for the removal path.
CHK-548,Phase 29 — Kernel & Distro Compatibility,"Test on distro B (e.g., Fedora/RHEL)",ACTION_REQUIRED,ACTION_REQUIRED_COMPATIBILITY_MATRIX,NOT_READY,20260903-014334-redshadow-no-block-checklist,artifacts/real-world/20260903-010534-redshadow-updated-checklist/environment,Add disposable kernel/distro/architecture matrix environments.,Action register: EXCLUDED_SCOPE.csv; see BLOCKER_DIAGNOSIS.md for the removal path.
CHK-549,Phase 29 — Kernel & Distro Compatibility,"Test on distro C (e.g., Debian)",ACTION_REQUIRED,ACTION_REQUIRED_COMPATIBILITY_MATRIX,NOT_READY,20260903-014334-redshadow-no-block-checklist,artifacts/real-world/20260903-010534-redshadow-updated-checklist/environment,Add disposable kernel/distro/architecture matrix environments.,Action register: EXCLUDED_SCOPE.csv; see BLOCKER_DIAGNOSIS.md for the removal path.
CHK-550,Phase 29 — Kernel & Distro Compatibility,Verify across differing glibc/systemd versions,ACTION_REQUIRED,ACTION_REQUIRED_COMPATIBILITY_MATRIX,NOT_READY,20260903-014334-redshadow-no-block-checklist,artifacts/real-world/20260903-010534-redshadow-updated-checklist/environment,Add disposable kernel/distro/architecture matrix environments.,Action register: EXCLUDED_SCOPE.csv; see BLOCKER_DIAGNOSIS.md for the removal path.
CHK-551,Phase 29 — Kernel & Distro Compatibility,Verify architecture: x86_64,PASS,EVIDENCE_COLLECTED,EXPERIMENTALLY_VALIDATED,20260903-010534-redshadow-updated-checklist,artifacts/real-world/20260903-010534-redshadow-updated-checklist/environment,,Current x86_64 kernel/CFS baseline.
CHK-552,Phase 29 — Kernel & Distro Compatibility,Verify architecture: ARM64,ACTION_REQUIRED,ACTION_REQUIRED_COMPATIBILITY_MATRIX,NOT_READY,20260903-014334-redshadow-no-block-checklist,artifacts/real-world/20260903-010534-redshadow-updated-checklist/environment,Add disposable kernel/distro/architecture matrix environments.,Action register: EXCLUDED_SCOPE.csv; see BLOCKER_DIAGNOSIS.md for the removal path.
CHK-553,Phase 29 — Kernel & Distro Compatibility,Verify other supported architectures if applicable,ACTION_REQUIRED,ACTION_REQUIRED_COMPATIBILITY_MATRIX,NOT_READY,20260903-014334-redshadow-no-block-checklist,artifacts/real-world/20260903-010534-redshadow-updated-checklist/environment,Add disposable kernel/distro/architecture matrix environments.,Action register: EXCLUDED_SCOPE.csv; see BLOCKER_DIAGNOSIS.md for the removal path.
CHK-554,Phase 30 — Standard Tooling & Observability Compatibility,Verify perf sched works correctly,ACTION_REQUIRED,ACTION_REQUIRED_TOOL_OR_INTERFACE,NOT_READY,20260903-014334-redshadow-no-block-checklist,artifacts/real-world/20260903-010534-redshadow-updated-checklist/environment,Provide perf or an equivalent kernel interface.,Action register: EXCLUDED_SCOPE.csv; see BLOCKER_DIAGNOSIS.md for the removal path.
CHK-555,Phase 30 — Standard Tooling & Observability Compatibility,Verify ftrace scheduler tracepoints work correctly,PASS,EVIDENCE_COLLECTED,EXPERIMENTALLY_VALIDATED,20260903-010534-redshadow-updated-checklist,artifacts/real-world/20260903-010534-redshadow-updated-checklist/environment,,Read-only tooling/sysfs/sysctl/ftrace inventory passed.
CHK-556,Phase 30 — Standard Tooling & Observability Compatibility,Verify eBPF/BPF programs can attach to scheduler tracepoints,INCONCLUSIVE,INCONCLUSIVE_INVENTORY_ONLY,INCONCLUSIVE,20260903-010534-redshadow-updated-checklist,artifacts/real-world/20260903-010534-redshadow-updated-checklist/environment,,Tracepoint directories were present; no independent attach/run measurement was captured.
CHK-557,Phase 30 — Standard Tooling & Observability Compatibility,Verify top/htop report correct CPU utilization,PASS,EVIDENCE_COLLECTED,EXPERIMENTALLY_VALIDATED,20260903-010534-redshadow-updated-checklist,artifacts/real-world/20260903-010534-redshadow-updated-checklist/environment,,Read-only tooling/sysfs/sysctl/ftrace inventory passed.
CHK-558,Phase 30 — Standard Tooling & Observability Compatibility,Verify ps/proc scheduler fields report correctly,PASS,EVIDENCE_COLLECTED,EXPERIMENTALLY_VALIDATED,20260903-010534-redshadow-updated-checklist,artifacts/real-world/20260903-010534-redshadow-updated-checklist/environment,,Read-only tooling/sysfs/sysctl/ftrace inventory passed.
CHK-559,Phase 30 — Standard Tooling & Observability Compatibility,Verify /proc/sched_debug (or equivalent) output correctness,ACTION_REQUIRED,ACTION_REQUIRED_TOOL_OR_INTERFACE,NOT_READY,20260903-014334-redshadow-no-block-checklist,artifacts/real-world/20260903-010534-redshadow-updated-checklist/environment,Provide perf or an equivalent kernel interface.,Action register: EXCLUDED_SCOPE.csv; see BLOCKER_DIAGNOSIS.md for the removal path.
CHK-560,Phase 30 — Standard Tooling & Observability Compatibility,Verify /sys scheduler tunables remain accessible,PASS,EVIDENCE_COLLECTED,EXPERIMENTALLY_VALIDATED,20260903-010534-redshadow-updated-checklist,artifacts/real-world/20260903-010534-redshadow-updated-checklist/environment,,Read-only tooling/sysfs/sysctl/ftrace inventory passed.
CHK-561,Phase 30 — Standard Tooling & Observability Compatibility,Verify no regressions in existing sysctl scheduler knobs,PASS,EVIDENCE_COLLECTED,EXPERIMENTALLY_VALIDATED,20260903-010534-redshadow-updated-checklist,artifacts/real-world/20260903-010534-redshadow-updated-checklist/environment,,Read-only tooling/sysfs/sysctl/ftrace inventory passed.
CHK-562,"Phase 31 — Suspend, Resume & Hotplug Cycles",Suspend to RAM and verify ORCHESTRA state after resume,ACTION_REQUIRED,ACTION_REQUIRED_SUSPEND_AUTH,NOT_READY,20260903-014334-redshadow-no-block-checklist,artifacts/real-world/20260903-010534-redshadow-updated-checklist/recovery,Use a disposable image with explicit suspend/recovery authorization.,Action register: EXCLUDED_SCOPE.csv; see BLOCKER_DIAGNOSIS.md for the removal path.
CHK-563,"Phase 31 — Suspend, Resume & Hotplug Cycles",Hibernate (suspend to disk) and verify state after resume,ACTION_REQUIRED,ACTION_REQUIRED_SUSPEND_AUTH,NOT_READY,20260903-014334-redshadow-no-block-checklist,artifacts/real-world/20260903-010534-redshadow-updated-checklist/recovery,Use a disposable image with explicit suspend/recovery authorization.,Action register: EXCLUDED_SCOPE.csv; see BLOCKER_DIAGNOSIS.md for the removal path.
CHK-564,"Phase 31 — Suspend, Resume & Hotplug Cycles",Verify Signal Bus reinitializes cleanly after resume,ACTION_REQUIRED,ACTION_REQUIRED_SUSPEND_AUTH,NOT_READY,20260903-014334-redshadow-no-block-checklist,artifacts/real-world/20260903-010534-redshadow-updated-checklist/recovery,Use a disposable image with explicit suspend/recovery authorization.,Action register: EXCLUDED_SCOPE.csv; see BLOCKER_DIAGNOSIS.md for the removal path.
CHK-565,"Phase 31 — Suspend, Resume & Hotplug Cycles",Verify predictor/controller state after resume,ACTION_REQUIRED,ACTION_REQUIRED_SUSPEND_AUTH,NOT_READY,20260903-014334-redshadow-no-block-checklist,artifacts/real-world/20260903-010534-redshadow-updated-checklist/recovery,Use a disposable image with explicit suspend/recovery authorization.,Action register: EXCLUDED_SCOPE.csv; see BLOCKER_DIAGNOSIS.md for the removal path.
CHK-566,"Phase 31 — Suspend, Resume & Hotplug Cycles",Test CPU hotplug during a suspend/resume cycle,ACTION_REQUIRED,ACTION_REQUIRED_SUSPEND_AUTH,NOT_READY,20260903-014334-redshadow-no-block-checklist,artifacts/real-world/20260903-010534-redshadow-updated-checklist/recovery,Use a disposable image with explicit suspend/recovery authorization.,Action register: EXCLUDED_SCOPE.csv; see BLOCKER_DIAGNOSIS.md for the removal path.
CHK-567,"Phase 31 — Suspend, Resume & Hotplug Cycles",Repeated suspend/resume cycles (stress),ACTION_REQUIRED,ACTION_REQUIRED_SUSPEND_AUTH,NOT_READY,20260903-014334-redshadow-no-block-checklist,artifacts/real-world/20260903-010534-redshadow-updated-checklist/recovery,Use a disposable image with explicit suspend/recovery authorization.,Action register: EXCLUDED_SCOPE.csv; see BLOCKER_DIAGNOSIS.md for the removal path.
CHK-568,"Phase 32 — Upgrade, Rollback & Uninstall",Verify clean uninstall of ORCHESTRA,ACTION_REQUIRED,ACTION_REQUIRED_DISPOSABLE_UPGRADE_AUTH,NOT_READY,20260903-014334-redshadow-no-block-checklist,artifacts/real-world/20260903-010534-redshadow-updated-checklist/recovery,Use a disposable image with explicit upgrade/uninstall authorization.,Action register: EXCLUDED_SCOPE.csv; see BLOCKER_DIAGNOSIS.md for the removal path.
CHK-569,"Phase 32 — Upgrade, Rollback & Uninstall",Verify system returns to stock scheduler behavior after uninstall,ACTION_REQUIRED,ACTION_REQUIRED_DISPOSABLE_UPGRADE_AUTH,NOT_READY,20260903-014334-redshadow-no-block-checklist,artifacts/real-world/20260903-010534-redshadow-updated-checklist/recovery,Use a disposable image with explicit upgrade/uninstall authorization.,Action register: EXCLUDED_SCOPE.csv; see BLOCKER_DIAGNOSIS.md for the removal path.
CHK-570,"Phase 32 — Upgrade, Rollback & Uninstall",Test in-place upgrade from a prior ORCHESTRA version,ACTION_REQUIRED,ACTION_REQUIRED_DISPOSABLE_UPGRADE_AUTH,NOT_READY,20260903-014334-redshadow-no-block-checklist,artifacts/real-world/20260903-010534-redshadow-updated-checklist/recovery,Use a disposable image with explicit upgrade/uninstall authorization.,Action register: EXCLUDED_SCOPE.csv; see BLOCKER_DIAGNOSIS.md for the removal path.
CHK-571,"Phase 32 — Upgrade, Rollback & Uninstall",Verify parameter/state migration across upgrade,ACTION_REQUIRED,ACTION_REQUIRED_DISPOSABLE_UPGRADE_AUTH,NOT_READY,20260903-014334-redshadow-no-block-checklist,artifacts/real-world/20260903-010534-redshadow-updated-checklist/recovery,Use a disposable image with explicit upgrade/uninstall authorization.,Action register: EXCLUDED_SCOPE.csv; see BLOCKER_DIAGNOSIS.md for the removal path.
CHK-572,"Phase 32 — Upgrade, Rollback & Uninstall",Test mixed-version behavior during a rolling fleet upgrade,ACTION_REQUIRED,ACTION_REQUIRED_DISPOSABLE_UPGRADE_AUTH,NOT_READY,20260903-014334-redshadow-no-block-checklist,artifacts/real-world/20260903-010534-redshadow-updated-checklist/recovery,Use a disposable image with explicit upgrade/uninstall authorization.,Action register: EXCLUDED_SCOPE.csv; see BLOCKER_DIAGNOSIS.md for the removal path.
CHK-573,"Phase 32 — Upgrade, Rollback & Uninstall",Verify downgrade path,ACTION_REQUIRED,ACTION_REQUIRED_DISPOSABLE_UPGRADE_AUTH,NOT_READY,20260903-014334-redshadow-no-block-checklist,artifacts/real-world/20260903-010534-redshadow-updated-checklist/recovery,Use a disposable image with explicit upgrade/uninstall authorization.,Action register: EXCLUDED_SCOPE.csv; see BLOCKER_DIAGNOSIS.md for the removal path.
CHK-574,"Phase 32 — Upgrade, Rollback & Uninstall",Verify no orphaned kernel modules/artifacts remain after removal,ACTION_REQUIRED,ACTION_REQUIRED_DISPOSABLE_UPGRADE_AUTH,NOT_READY,20260903-014334-redshadow-no-block-checklist,artifacts/real-world/20260903-010534-redshadow-updated-checklist/recovery,Use a disposable image with explicit upgrade/uninstall authorization.,Action register: EXCLUDED_SCOPE.csv; see BLOCKER_DIAGNOSIS.md for the removal path.
CHK-575,Phase 33 — GPU Workloads & Interrupt Handling,Test GPU-bound workload class,ACTION_REQUIRED,ACTION_REQUIRED_GPU_IRQ_INFRASTRUCTURE,NOT_READY,20260903-014334-redshadow-no-block-checklist,artifacts/real-world/20260903-010534-redshadow-updated-checklist/environment,Provide a safe GPU/IRQ workload and latency collector.,Action register: EXCLUDED_SCOPE.csv; see BLOCKER_DIAGNOSIS.md for the removal path.
CHK-576,Phase 33 — GPU Workloads & Interrupt Handling,Test mixed CPU+GPU workload,ACTION_REQUIRED,ACTION_REQUIRED_GPU_IRQ_INFRASTRUCTURE,NOT_READY,20260903-014334-redshadow-no-block-checklist,artifacts/real-world/20260903-010534-redshadow-updated-checklist/environment,Provide a safe GPU/IRQ workload and latency collector.,Action register: EXCLUDED_SCOPE.csv; see BLOCKER_DIAGNOSIS.md for the removal path.
CHK-577,Phase 33 — GPU Workloads & Interrupt Handling,Verify IRQ affinity interaction with ORCHESTRA migration decisions,INCONCLUSIVE,INCONCLUSIVE_NO_CAUSAL_IRQ_EXPERIMENT,INCONCLUSIVE,20260903-010534-redshadow-updated-checklist,artifacts/real-world/20260903-010534-redshadow-updated-checklist/environment,,"Interrupt inventory was collected, but no causal IRQ/migration experiment was run."
CHK-578,Phase 33 — GPU Workloads & Interrupt Handling,Check irqbalance interaction/conflicts,ACTION_REQUIRED,ACTION_REQUIRED_GPU_IRQ_INFRASTRUCTURE,NOT_READY,20260903-014334-redshadow-no-block-checklist,artifacts/real-world/20260903-010534-redshadow-updated-checklist/environment,Provide a safe GPU/IRQ workload and latency collector.,Action register: EXCLUDED_SCOPE.csv; see BLOCKER_DIAGNOSIS.md for the removal path.
CHK-579,Phase 33 — GPU Workloads & Interrupt Handling,Measure interrupt latency under ORCHESTRA scheduling,ACTION_REQUIRED,ACTION_REQUIRED_GPU_IRQ_INFRASTRUCTURE,NOT_READY,20260903-014334-redshadow-no-block-checklist,artifacts/real-world/20260903-010534-redshadow-updated-checklist/environment,Provide a safe GPU/IRQ workload and latency collector.,Action register: EXCLUDED_SCOPE.csv; see BLOCKER_DIAGNOSIS.md for the removal path.
CHK-580,Phase 34 — Fuzz Testing,Fuzz Signal Bus shared-memory interface,ACTION_REQUIRED,ACTION_REQUIRED_FUZZ_HARNESS,NOT_READY,20260903-014334-redshadow-no-block-checklist,artifacts/real-world/20260903-010534-redshadow-updated-checklist/security,Provide an approved fuzz harness and crash-recovery protocol.,Action register: EXCLUDED_SCOPE.csv; see BLOCKER_DIAGNOSIS.md for the removal path.
CHK-581,Phase 34 — Fuzz Testing,Fuzz any ioctl/sysfs/netlink control interface,ACTION_REQUIRED,ACTION_REQUIRED_FUZZ_HARNESS,NOT_READY,20260903-014334-redshadow-no-block-checklist,artifacts/real-world/20260903-010534-redshadow-updated-checklist/security,Provide an approved fuzz harness and crash-recovery protocol.,Action register: EXCLUDED_SCOPE.csv; see BLOCKER_DIAGNOSIS.md for the removal path.
CHK-582,Phase 34 — Fuzz Testing,Fuzz signal-frame parsing paths,ACTION_REQUIRED,ACTION_REQUIRED_FUZZ_HARNESS,NOT_READY,20260903-014334-redshadow-no-block-checklist,artifacts/real-world/20260903-010534-redshadow-updated-checklist/security,Provide an approved fuzz harness and crash-recovery protocol.,Action register: EXCLUDED_SCOPE.csv; see BLOCKER_DIAGNOSIS.md for the removal path.
CHK-583,Phase 34 — Fuzz Testing,Monitor for crashes/hangs/leaks under fuzzing,ACTION_REQUIRED,ACTION_REQUIRED_FUZZ_HARNESS,NOT_READY,20260903-014334-redshadow-no-block-checklist,artifacts/real-world/20260903-010534-redshadow-updated-checklist/security,Provide an approved fuzz harness and crash-recovery protocol.,Action register: EXCLUDED_SCOPE.csv; see BLOCKER_DIAGNOSIS.md for the removal path.
CHK-584,Phase 34 — Fuzz Testing,Record and triage fuzzing findings,ACTION_REQUIRED,ACTION_REQUIRED_FUZZ_HARNESS,NOT_READY,20260903-014334-redshadow-no-block-checklist,artifacts/real-world/20260903-010534-redshadow-updated-checklist/security,Provide an approved fuzz harness and crash-recovery protocol.,Action register: EXCLUDED_SCOPE.csv; see BLOCKER_DIAGNOSIS.md for the removal path.
CHK-585,Phase 35 — Release & Compliance,Verify GPL/license compliance for kernel-facing code,PASS,EVIDENCE_COLLECTED,EXPERIMENTALLY_VALIDATED,20260903-010534-redshadow-updated-checklist,artifacts/real-world/20260903-010534-redshadow-updated-checklist/environment,,License inventory and SPDX/header checks archived.
CHK-586,Phase 35 — Release & Compliance,Verify license headers present where required,PASS,EVIDENCE_COLLECTED,EXPERIMENTALLY_VALIDATED,20260903-010534-redshadow-updated-checklist,artifacts/real-world/20260903-010534-redshadow-updated-checklist/environment,,License inventory and SPDX/header checks archived.
CHK-587,Phase 35 — Release & Compliance,Review release notes/documentation for accuracy,FAIL,FAIL_CURRENT_SECURITY_SCAN_REGRESSION,UNKNOWN,20260903-010534-redshadow-updated-checklist,artifacts/real-world/20260903-010534-redshadow-updated-checklist/build,,scripts/security-scan.sh and make check fail on a tracked hard-coded /home/... path in docs/demo/REALTIME_CFS_ORCHESTRA_DEMO.md; implementation was not changed.
